Workbook

Sheet How to Use
A1: Residential Care Home Missing Audits – Annual Evidence Workbook
A3: Purpose
A4: Each audit has one tab and holds the whole year of evidence. Weekly tabs have Week 1–52. Monthly tabs have January–December. Input cells are pale yellow. Formula, RAG and header cells are locked only. There is no password.
A6: Scoring
A7: 2 = Fully compliant, 1 = Partially compliant, 0 = Non-compliant, NA = Not applicable. RAG and compliance percentages calculate automatically.

Sheet Annual Audit Schedule
A1: Annual Audit Schedule – Missing Audit Areas
A3: Audit Area | B3: Frequency | C3: Periods in Tab | D3: Evidence Location | E3: Lead Person | F3: Status | G3: Notes | H3: CQC Focus
A4: Equipment & Maintenance | B4: Weekly | C4: 52 weekly sections | D4: Equipment & Maintenance tab | F4: Not Started | H4: Regulations and Quality Statements mapped in audit
A5: Water & Legionella | B5: Weekly | C5: 52 weekly sections | D5: Water & Legionella tab | F5: Not Started | H5: Regulations and Quality Statements mapped in audit
A6: Infection Surveillance | B6: Weekly | C6: 52 weekly sections | D6: Infection Surveillance tab | F6: Not Started | H6: Regulations and Quality Statements mapped in audit
A7: Resident Dignity | B7: Monthly | C7: 12 monthly sections | D7: Resident Dignity tab | F7: Not Started | H7: Regulations and Quality Statements mapped in audit
A8: Personnel & Workforce | B8: Monthly | C8: 12 monthly sections | D8: Personnel & Workforce tab | F8: Not Started | H8: Regulations and Quality Statements mapped in audit
A9: Environmental | B9: Monthly | C9: 12 monthly sections | D9: Environmental tab | F9: Not Started | H9: Regulations and Quality Statements mapped in audit
A10: Nutrition & Hydration | B10: Monthly | C10: 12 monthly sections | D10: Nutrition & Hydration tab | F10: Not Started | H10: Regulations and Quality Statements mapped in audit
A11: Safeguarding & Incidents | B11: Monthly | C11: 12 monthly sections | D11: Safeguarding & Incidents tab | F11: Not Started | H11: Regulations and Quality Statements mapped in audit
A12: Business Continuity | B12: Monthly | C12: 12 monthly sections | D12: Business Continuity tab | F12: Not Started | H12: Regulations and Quality Statements mapped in audit
A13: End of Life | B13: Monthly | C13: 12 monthly sections | D13: End of Life tab | F13: Not Started | H13: Regulations and Quality Statements mapped in audit
A14: Finance & Property | B14: Monthly | C14: 12 monthly sections | D14: Finance & Property tab | F14: Not Started | H14: Regulations and Quality Statements mapped in audit
A15: Consent & Documentation | B15: Monthly | C15: 12 monthly sections | D15: Consent & Documentation tab | F15: Not Started | H15: Regulations and Quality Statements mapped in audit
A16: Falls Audit | B16: Monthly | C16: Manager / Lead | D16: Reg 12/17 | E16: Evidence, action and verification
A17: Pressure Cushion Audit | B17: Monthly | C17: Manager / Lead | D17: Reg 12/17 | E17: Evidence, action and verification
A18: Controlled Drugs Audit | B18: Monthly | C18: Manager / Lead | D18: Reg 12/17 | E18: Evidence, action and verification
A19: PRN Protocol Audit | B19: Monthly | C19: Manager / Lead | D19: Reg 12/17 | E19: Evidence, action and verification
A20: Homely Remedies Audit | B20: Monthly | C20: Manager / Lead | D20: Reg 12/17 | E20: Evidence, action and verification
A21: Medication Fridge Audit | B21: Monthly | C21: Manager / Lead | D21: Reg 12/17 | E21: Evidence, action and verification

Sheet Missing Audits Dashboard
A1: Missing Audits Dashboard – Annual Compliance, RAG and Actions
A3: Audit Area | B3: Frequency | C3: Periods Expected | D3: Periods Completed | E3: Completion % | F3: Average Compliance | G3: Current RAG | H3: High Risk Periods | I3: Open Actions | J3: Overdue Actions | K3: Latest Audit Date | L3: Lowest Period % | M3: Highest Period % | N3: Notes
A4: Equipment & Maintenance | B4: Weekly | C4: 52 | D4: =COUNTIF('Equipment & Maintenance'!H5:H56,"Green")+COUNTIF('Equipment & Maintenance'!H5:H56,"Amber")+COUNTIF('Equipment & Maintenance'!H5:H56,"Red") -> 0 | E4: =IF(C4=0,"",D4/C4) -> 0 | F4: =IFERROR(AVERAGE('Equipment & Maintenance'!G5:G56),"") | G4: =IF(F4="","Not Started",IF(F4>=0.9,"Green",IF(F4>=0.75,"Amber","Red"))) -> Not Started | H4: =SUM('Equipment & Maintenance'!I5:I56) -> 0 | I4: =SUM('Equipment & Maintenance'!J5:J56) -> 0 | J4: =SUM('Equipment & Maintenance'!K5:K56) -> 0 | K4: =MAX('Equipment & Maintenance'!C5:C56) -> 0 | L4: =IFERROR(MIN('Equipment & Maintenance'!G5:G56),"") -> 0 | M4: =IFERROR(MAX('Equipment & Maintenance'!G5:G56),"") -> 0
A5: Water & Legionella | B5: Weekly | C5: 52 | D5: =COUNTIF('Water & Legionella'!H5:H56,"Green")+COUNTIF('Water & Legionella'!H5:H56,"Amber")+COUNTIF('Water & Legionella'!H5:H56,"Red") -> 0 | E5: =IF(C5=0,"",D5/C5) -> 0 | F5: =IFERROR(AVERAGE('Water & Legionella'!G5:G56),"") | G5: =IF(F5="","Not Started",IF(F5>=0.9,"Green",IF(F5>=0.75,"Amber","Red"))) -> Not Started | H5: =SUM('Water & Legionella'!I5:I56) -> 0 | I5: =SUM('Water & Legionella'!J5:J56) -> 0 | J5: =SUM('Water & Legionella'!K5:K56) -> 0 | K5: =MAX('Water & Legionella'!C5:C56) -> 0 | L5: =IFERROR(MIN('Water & Legionella'!G5:G56),"") -> 0 | M5: =IFERROR(MAX('Water & Legionella'!G5:G56),"") -> 0
A6: Infection Surveillance | B6: Weekly | C6: 52 | D6: =COUNTIF('Infection Surveillance'!H5:H56,"Green")+COUNTIF('Infection Surveillance'!H5:H56,"Amber")+COUNTIF('Infection Surveillance'!H5:H56,"Red") -> 0 | E6: =IF(C6=0,"",D6/C6) -> 0 | F6: =IFERROR(AVERAGE('Infection Surveillance'!G5:G56),"") | G6: =IF(F6="","Not Started",IF(F6>=0.9,"Green",IF(F6>=0.75,"Amber","Red"))) -> Not Started | H6: =SUM('Infection Surveillance'!I5:I56) -> 0 | I6: =SUM('Infection Surveillance'!J5:J56) -> 0 | J6: =SUM('Infection Surveillance'!K5:K56) -> 0 | K6: =MAX('Infection Surveillance'!C5:C56) -> 0 | L6: =IFERROR(MIN('Infection Surveillance'!G5:G56),"") -> 0 | M6: =IFERROR(MAX('Infection Surveillance'!G5:G56),"") -> 0
A7: Resident Dignity | B7: Monthly | C7: 12 | D7: =COUNTIF('Resident Dignity'!H5:H16,"Green")+COUNTIF('Resident Dignity'!H5:H16,"Amber")+COUNTIF('Resident Dignity'!H5:H16,"Red") -> 0 | E7: =IF(C7=0,"",D7/C7) -> 0 | F7: =IFERROR(AVERAGE('Resident Dignity'!G5:G16),"") | G7: =IF(F7="","Not Started",IF(F7>=0.9,"Green",IF(F7>=0.75,"Amber","Red"))) -> Not Started | H7: =SUM('Resident Dignity'!I5:I16) -> 0 | I7: =SUM('Resident Dignity'!J5:J16) -> 0 | J7: =SUM('Resident Dignity'!K5:K16) -> 0 | K7: =MAX('Resident Dignity'!C5:C16) -> 0 | L7: =IFERROR(MIN('Resident Dignity'!G5:G16),"") -> 0 | M7: =IFERROR(MAX('Resident Dignity'!G5:G16),"") -> 0
A8: Personnel & Workforce | B8: Monthly | C8: 12 | D8: =COUNTIF('Personnel & Workforce'!H5:H16,"Green")+COUNTIF('Personnel & Workforce'!H5:H16,"Amber")+COUNTIF('Personnel & Workforce'!H5:H16,"Red") -> 0 | E8: =IF(C8=0,"",D8/C8) -> 0 | F8: =IFERROR(AVERAGE('Personnel & Workforce'!G5:G16),"") | G8: =IF(F8="","Not Started",IF(F8>=0.9,"Green",IF(F8>=0.75,"Amber","Red"))) -> Not Started | H8: =SUM('Personnel & Workforce'!I5:I16) -> 0 | I8: =SUM('Personnel & Workforce'!J5:J16) -> 0 | J8: =SUM('Personnel & Workforce'!K5:K16) -> 0 | K8: =MAX('Personnel & Workforce'!C5:C16) -> 0 | L8: =IFERROR(MIN('Personnel & Workforce'!G5:G16),"") -> 0 | M8: =IFERROR(MAX('Personnel & Workforce'!G5:G16),"") -> 0
A9: Environmental | B9: Monthly | C9: 12 | D9: =COUNTIF(Environmental!H5:H16,"Green")+COUNTIF(Environmental!H5:H16,"Amber")+COUNTIF(Environmental!H5:H16,"Red") -> 0 | E9: =IF(C9=0,"",D9/C9) -> 0 | F9: =IFERROR(AVERAGE(Environmental!G5:G16),"") | G9: =IF(F9="","Not Started",IF(F9>=0.9,"Green",IF(F9>=0.75,"Amber","Red"))) -> Not Started | H9: =SUM(Environmental!I5:I16) -> 0 | I9: =SUM(Environmental!J5:J16) -> 0 | J9: =SUM(Environmental!K5:K16) -> 0 | K9: =MAX(Environmental!C5:C16) -> 0 | L9: =IFERROR(MIN(Environmental!G5:G16),"") -> 0 | M9: =IFERROR(MAX(Environmental!G5:G16),"") -> 0
A10: Nutrition & Hydration | B10: Monthly | C10: 12 | D10: =COUNTIF('Nutrition & Hydration'!H5:H16,"Green")+COUNTIF('Nutrition & Hydration'!H5:H16,"Amber")+COUNTIF('Nutrition & Hydration'!H5:H16,"Red") -> 0 | E10: =IF(C10=0,"",D10/C10) -> 0 | F10: =IFERROR(AVERAGE('Nutrition & Hydration'!G5:G16),"") | G10: =IF(F10="","Not Started",IF(F10>=0.9,"Green",IF(F10>=0.75,"Amber","Red"))) -> Not Started | H10: =SUM('Nutrition & Hydration'!I5:I16) -> 0 | I10: =SUM('Nutrition & Hydration'!J5:J16) -> 0 | J10: =SUM('Nutrition & Hydration'!K5:K16) -> 0 | K10: =MAX('Nutrition & Hydration'!C5:C16) -> 0 | L10: =IFERROR(MIN('Nutrition & Hydration'!G5:G16),"") -> 0 | M10: =IFERROR(MAX('Nutrition & Hydration'!G5:G16),"") -> 0
A11: Safeguarding & Incidents | B11: Monthly | C11: 12 | D11: =COUNTIF('Safeguarding & Incidents'!H5:H16,"Green")+COUNTIF('Safeguarding & Incidents'!H5:H16,"Amber")+COUNTIF('Safeguarding & Incidents'!H5:H16,"Red") -> 0 | E11: =IF(C11=0,"",D11/C11) -> 0 | F11: =IFERROR(AVERAGE('Safeguarding & Incidents'!G5:G16),"") | G11: =IF(F11="","Not Started",IF(F11>=0.9,"Green",IF(F11>=0.75,"Amber","Red"))) -> Not Started | H11: =SUM('Safeguarding & Incidents'!I5:I16) -> 0 | I11: =SUM('Safeguarding & Incidents'!J5:J16) -> 0 | J11: =SUM('Safeguarding & Incidents'!K5:K16) -> 0 | K11: =MAX('Safeguarding & Incidents'!C5:C16) -> 0 | L11: =IFERROR(MIN('Safeguarding & Incidents'!G5:G16),"") -> 0 | M11: =IFERROR(MAX('Safeguarding & Incidents'!G5:G16),"") -> 0
A12: Business Continuity | B12: Monthly | C12: 12 | D12: =COUNTIF('Business Continuity'!H5:H16,"Green")+COUNTIF('Business Continuity'!H5:H16,"Amber")+COUNTIF('Business Continuity'!H5:H16,"Red") -> 0 | E12: =IF(C12=0,"",D12/C12) -> 0 | F12: =IFERROR(AVERAGE('Business Continuity'!G5:G16),"") | G12: =IF(F12="","Not Started",IF(F12>=0.9,"Green",IF(F12>=0.75,"Amber","Red"))) -> Not Started | H12: =SUM('Business Continuity'!I5:I16) -> 0 | I12: =SUM('Business Continuity'!J5:J16) -> 0 | J12: =SUM('Business Continuity'!K5:K16) -> 0 | K12: =MAX('Business Continuity'!C5:C16) -> 0 | L12: =IFERROR(MIN('Business Continuity'!G5:G16),"") -> 0 | M12: =IFERROR(MAX('Business Continuity'!G5:G16),"") -> 0
A13: End of Life | B13: Monthly | C13: 12 | D13: =COUNTIF('End of Life'!H5:H16,"Green")+COUNTIF('End of Life'!H5:H16,"Amber")+COUNTIF('End of Life'!H5:H16,"Red") -> 0 | E13: =IF(C13=0,"",D13/C13) -> 0 | F13: =IFERROR(AVERAGE('End of Life'!G5:G16),"") | G13: =IF(F13="","Not Started",IF(F13>=0.9,"Green",IF(F13>=0.75,"Amber","Red"))) -> Not Started | H13: =SUM('End of Life'!I5:I16) -> 0 | I13: =SUM('End of Life'!J5:J16) -> 0 | J13: =SUM('End of Life'!K5:K16) -> 0 | K13: =MAX('End of Life'!C5:C16) -> 0 | L13: =IFERROR(MIN('End of Life'!G5:G16),"") -> 0 | M13: =IFERROR(MAX('End of Life'!G5:G16),"") -> 0
A14: Finance & Property | B14: Monthly | C14: 12 | D14: =COUNTIF('Finance & Property'!H5:H16,"Green")+COUNTIF('Finance & Property'!H5:H16,"Amber")+COUNTIF('Finance & Property'!H5:H16,"Red") -> 0 | E14: =IF(C14=0,"",D14/C14) -> 0 | F14: =IFERROR(AVERAGE('Finance & Property'!G5:G16),"") | G14: =IF(F14="","Not Started",IF(F14>=0.9,"Green",IF(F14>=0.75,"Amber","Red"))) -> Not Started | H14: =SUM('Finance & Property'!I5:I16) -> 0 | I14: =SUM('Finance & Property'!J5:J16) -> 0 | J14: =SUM('Finance & Property'!K5:K16) -> 0 | K14: =MAX('Finance & Property'!C5:C16) -> 0 | L14: =IFERROR(MIN('Finance & Property'!G5:G16),"") -> 0 | M14: =IFERROR(MAX('Finance & Property'!G5:G16),"") -> 0
A15: Consent & Documentation | B15: Monthly | C15: 12 | D15: =COUNTIF('Consent & Documentation'!H5:H16,"Green")+COUNTIF('Consent & Documentation'!H5:H16,"Amber")+COUNTIF('Consent & Documentation'!H5:H16,"Red") -> 0 | E15: =IF(C15=0,"",D15/C15) -> 0 | F15: =IFERROR(AVERAGE('Consent & Documentation'!G5:G16),"") | G15: =IF(F15="","Not Started",IF(F15>=0.9,"Green",IF(F15>=0.75,"Amber","Red"))) -> Not Started | H15: =SUM('Consent & Documentation'!I5:I16) -> 0 | I15: =SUM('Consent & Documentation'!J5:J16) -> 0 | J15: =SUM('Consent & Documentation'!K5:K16) -> 0 | K15: =MAX('Consent & Documentation'!C5:C16) -> 0 | L15: =IFERROR(MIN('Consent & Documentation'!G5:G16),"") -> 0 | M15: =IFERROR(MAX('Consent & Documentation'!G5:G16),"") -> 0

Sheet Master Action Tracker
A1: Master Action Tracker – Issues Raised From Audit Tabs
A3: Action No. | B3: Source Audit | C3: Period | D3: Question/Issue | E3: Risk | F3: Root Cause / 5 Whys | G3: Immediate Action | H3: Corrective / Preventative Action | I3: Responsible | J3: Due Date | K3: Completed Date | L3: Verified By | M3: Status | N3: RAG
A5: =IF(D5="","","ACT-"&TEXT(ROW()-3,"0000")) | N5: =IF(M5="Closed","Green",IF(AND(J5<>"",J5<TODAY(),K5=""),"Red",IF(M5="In Progress","Amber","Grey"))) -> Grey
A6: =IF(D6="","","ACT-"&TEXT(ROW()-3,"0000")) | N6: =IF(M6="Closed","Green",IF(AND(J6<>"",J6<TODAY(),K6=""),"Red",IF(M6="In Progress","Amber","Grey"))) -> Grey
A7: =IF(D7="","","ACT-"&TEXT(ROW()-3,"0000")) | N7: =IF(M7="Closed","Green",IF(AND(J7<>"",J7<TODAY(),K7=""),"Red",IF(M7="In Progress","Amber","Grey"))) -> Grey
A8: =IF(D8="","","ACT-"&TEXT(ROW()-3,"0000")) | N8: =IF(M8="Closed","Green",IF(AND(J8<>"",J8<TODAY(),K8=""),"Red",IF(M8="In Progress","Amber","Grey"))) -> Grey
A9: =IF(D9="","","ACT-"&TEXT(ROW()-3,"0000")) | N9: =IF(M9="Closed","Green",IF(AND(J9<>"",J9<TODAY(),K9=""),"Red",IF(M9="In Progress","Amber","Grey"))) -> Grey
A10: =IF(D10="","","ACT-"&TEXT(ROW()-3,"0000")) | N10: =IF(M10="Closed","Green",IF(AND(J10<>"",J10<TODAY(),K10=""),"Red",IF(M10="In Progress","Amber","Grey"))) -> Grey
A11: =IF(D11="","","ACT-"&TEXT(ROW()-3,"0000")) | N11: =IF(M11="Closed","Green",IF(AND(J11<>"",J11<TODAY(),K11=""),"Red",IF(M11="In Progress","Amber","Grey"))) -> Grey
A12: =IF(D12="","","ACT-"&TEXT(ROW()-3,"0000")) | N12: =IF(M12="Closed","Green",IF(AND(J12<>"",J12<TODAY(),K12=""),"Red",IF(M12="In Progress","Amber","Grey"))) -> Grey
A13: =IF(D13="","","ACT-"&TEXT(ROW()-3,"0000")) | N13: =IF(M13="Closed","Green",IF(AND(J13<>"",J13<TODAY(),K13=""),"Red",IF(M13="In Progress","Amber","Grey"))) -> Grey
A14: =IF(D14="","","ACT-"&TEXT(ROW()-3,"0000")) | N14: =IF(M14="Closed","Green",IF(AND(J14<>"",J14<TODAY(),K14=""),"Red",IF(M14="In Progress","Amber","Grey"))) -> Grey
A15: =IF(D15="","","ACT-"&TEXT(ROW()-3,"0000")) | N15: =IF(M15="Closed","Green",IF(AND(J15<>"",J15<TODAY(),K15=""),"Red",IF(M15="In Progress","Amber","Grey"))) -> Grey
A16: =IF(D16="","","ACT-"&TEXT(ROW()-3,"0000")) | N16: =IF(M16="Closed","Green",IF(AND(J16<>"",J16<TODAY(),K16=""),"Red",IF(M16="In Progress","Amber","Grey"))) -> Grey
... A204: =IF(D204="","","ACT-"&TEXT(ROW()-3,"0000")) | N204: =IF(M204="Closed","Green",IF(AND(J204<>"",J204<TODAY(),K204=""),"Red",IF(M204="In Progress","Amber","Grey"))) -> Grey

Sheet Inspection Evidence Matrix
A1: Inspection Evidence Matrix – CQC Quality Statement Mapping
A3: CQC Area / Quality Statement | B3: Primary Audit Evidence | C3: Secondary Evidence | D3: Latest Compliance | E3: Current RAG | F3: Outstanding Actions | G3: Evidence Folder Reference | H3: Manager Assurance | I3: Provider Assurance
A4: Safe environments | B4: Equipment & Maintenance; Water & Legionella; Environmental | C4: Health & Safety/Fire in main workbook | D4: Linked via dashboard | E4: RAG in dashboard
A5: Safe systems | B5: Safeguarding & Incidents; Infection Surveillance; Nutrition & Hydration | C5: Care Plan Audit in main workbook | D5: Linked via dashboard | E5: RAG in dashboard
A6: Safeguarding | B6: Safeguarding & Incidents | C6: MCA/DoLS and training evidence | D6: Linked via dashboard | E6: RAG in dashboard
A7: Safe staffing | B7: Personnel & Workforce | C7: Training matrix/supervision tracker | D7: Linked via dashboard | E7: RAG in dashboard
A8: Person-centred care | B8: Resident Dignity; End of Life; Consent & Documentation | C8: Care plan audit | D8: Linked via dashboard | E8: RAG in dashboard
A9: Governance | B9: All missing audits | C9: Dashboard/action tracker | D9: Linked via dashboard | E9: RAG in dashboard

Sheet Equipment & Maintenance
A1: Equipment & Maintenance Audit – Annual Evidence (Weekly)
A2: Instruction: | B2: Complete each period on this tab so the full year is held in one evidence location. Pale yellow cells are editable. Formula/RAG/header cells are locked only, with no password.
A4: Period | B4: Due Date | C4: Audit Date | D4: Auditor | E4: Total Score | F4: Max Score | G4: Compliance % | H4: RAG | I4: Critical/High Risks | J4: Open Actions | K4: Overdue Actions | L4: Manager Sign-Off | M4: Provider Sign-Off | N4: Evidence Folder Ref | O4: Summary / Key Findings
A5: Week 1 | B5: 46023 | E5: =SUMIF(I64:I80,">=0",I64:I80) -> 0 | F5: =COUNT(I64:I80)*2 -> 0 | G5: =IF(F5=0,"",E5/F5) | H5: =IF(G5="","Not Started",IF(G5>=0.9,"Green",IF(G5>=0.75,"Amber","Red"))) -> Not Started | I5: =COUNTIFS(H64:H80,"Critical",I64:I80,"<2")+COUNTIFS(H64:H80,"High",I64:I80,"<2") -> 0 | J5: =COUNTIF(T64:T80,"In Progress")+COUNTIF(T64:T80,"Not Started") -> 0 | K5: =COUNTIFS(P64:P80,"<"&TODAY(),Q64:Q80,"") -> 0
A6: Week 2 | B6: 46030 | E6: =SUMIF(I86:I102,">=0",I86:I102) -> 0 | F6: =COUNT(I86:I102)*2 -> 0 | G6: =IF(F6=0,"",E6/F6) | H6: =IF(G6="","Not Started",IF(G6>=0.9,"Green",IF(G6>=0.75,"Amber","Red"))) -> Not Started | I6: =COUNTIFS(H86:H102,"Critical",I86:I102,"<2")+COUNTIFS(H86:H102,"High",I86:I102,"<2") -> 0 | J6: =COUNTIF(T86:T102,"In Progress")+COUNTIF(T86:T102,"Not Started") -> 0 | K6: =COUNTIFS(P86:P102,"<"&TODAY(),Q86:Q102,"") -> 0
A7: Week 3 | B7: 46037 | E7: =SUMIF(I108:I124,">=0",I108:I124) -> 0 | F7: =COUNT(I108:I124)*2 -> 0 | G7: =IF(F7=0,"",E7/F7) | H7: =IF(G7="","Not Started",IF(G7>=0.9,"Green",IF(G7>=0.75,"Amber","Red"))) -> Not Started | I7: =COUNTIFS(H108:H124,"Critical",I108:I124,"<2")+COUNTIFS(H108:H124,"High",I108:I124,"<2") -> 0 | J7: =COUNTIF(T108:T124,"In Progress")+COUNTIF(T108:T124,"Not Started") -> 0 | K7: =COUNTIFS(P108:P124,"<"&TODAY(),Q108:Q124,"") -> 0
A8: Week 4 | B8: 46044 | E8: =SUMIF(I130:I146,">=0",I130:I146) -> 0 | F8: =COUNT(I130:I146)*2 -> 0 | G8: =IF(F8=0,"",E8/F8) | H8: =IF(G8="","Not Started",IF(G8>=0.9,"Green",IF(G8>=0.75,"Amber","Red"))) -> Not Started | I8: =COUNTIFS(H130:H146,"Critical",I130:I146,"<2")+COUNTIFS(H130:H146,"High",I130:I146,"<2") -> 0 | J8: =COUNTIF(T130:T146,"In Progress")+COUNTIF(T130:T146,"Not Started") -> 0 | K8: =COUNTIFS(P130:P146,"<"&TODAY(),Q130:Q146,"") -> 0
A9: Week 5 | B9: 46051 | E9: =SUMIF(I152:I168,">=0",I152:I168) -> 0 | F9: =COUNT(I152:I168)*2 -> 0 | G9: =IF(F9=0,"",E9/F9) | H9: =IF(G9="","Not Started",IF(G9>=0.9,"Green",IF(G9>=0.75,"Amber","Red"))) -> Not Started | I9: =COUNTIFS(H152:H168,"Critical",I152:I168,"<2")+COUNTIFS(H152:H168,"High",I152:I168,"<2") -> 0 | J9: =COUNTIF(T152:T168,"In Progress")+COUNTIF(T152:T168,"Not Started") -> 0 | K9: =COUNTIFS(P152:P168,"<"&TODAY(),Q152:Q168,"") -> 0
A10: Week 6 | B10: 46058 | E10: =SUMIF(I174:I190,">=0",I174:I190) -> 0 | F10: =COUNT(I174:I190)*2 -> 0 | G10: =IF(F10=0,"",E10/F10) | H10: =IF(G10="","Not Started",IF(G10>=0.9,"Green",IF(G10>=0.75,"Amber","Red"))) -> Not Started | I10: =COUNTIFS(H174:H190,"Critical",I174:I190,"<2")+COUNTIFS(H174:H190,"High",I174:I190,"<2") -> 0 | J10: =COUNTIF(T174:T190,"In Progress")+COUNTIF(T174:T190,"Not Started") -> 0 | K10: =COUNTIFS(P174:P190,"<"&TODAY(),Q174:Q190,"") -> 0
A11: Week 7 | B11: 46065 | E11: =SUMIF(I196:I212,">=0",I196:I212) -> 0 | F11: =COUNT(I196:I212)*2 -> 0 | G11: =IF(F11=0,"",E11/F11) | H11: =IF(G11="","Not Started",IF(G11>=0.9,"Green",IF(G11>=0.75,"Amber","Red"))) -> Not Started | I11: =COUNTIFS(H196:H212,"Critical",I196:I212,"<2")+COUNTIFS(H196:H212,"High",I196:I212,"<2") -> 0 | J11: =COUNTIF(T196:T212,"In Progress")+COUNTIF(T196:T212,"Not Started") -> 0 | K11: =COUNTIFS(P196:P212,"<"&TODAY(),Q196:Q212,"") -> 0
A12: Week 8 | B12: 46072 | E12: =SUMIF(I218:I234,">=0",I218:I234) -> 0 | F12: =COUNT(I218:I234)*2 -> 0 | G12: =IF(F12=0,"",E12/F12) | H12: =IF(G12="","Not Started",IF(G12>=0.9,"Green",IF(G12>=0.75,"Amber","Red"))) -> Not Started | I12: =COUNTIFS(H218:H234,"Critical",I218:I234,"<2")+COUNTIFS(H218:H234,"High",I218:I234,"<2") -> 0 | J12: =COUNTIF(T218:T234,"In Progress")+COUNTIF(T218:T234,"Not Started") -> 0 | K12: =COUNTIFS(P218:P234,"<"&TODAY(),Q218:Q234,"") -> 0
A13: Week 9 | B13: 46079 | E13: =SUMIF(I240:I256,">=0",I240:I256) -> 0 | F13: =COUNT(I240:I256)*2 -> 0 | G13: =IF(F13=0,"",E13/F13) | H13: =IF(G13="","Not Started",IF(G13>=0.9,"Green",IF(G13>=0.75,"Amber","Red"))) -> Not Started | I13: =COUNTIFS(H240:H256,"Critical",I240:I256,"<2")+COUNTIFS(H240:H256,"High",I240:I256,"<2") -> 0 | J13: =COUNTIF(T240:T256,"In Progress")+COUNTIF(T240:T256,"Not Started") -> 0 | K13: =COUNTIFS(P240:P256,"<"&TODAY(),Q240:Q256,"") -> 0
A14: Week 10 | B14: 46086 | E14: =SUMIF(I262:I278,">=0",I262:I278) -> 0 | F14: =COUNT(I262:I278)*2 -> 0 | G14: =IF(F14=0,"",E14/F14) | H14: =IF(G14="","Not Started",IF(G14>=0.9,"Green",IF(G14>=0.75,"Amber","Red"))) -> Not Started | I14: =COUNTIFS(H262:H278,"Critical",I262:I278,"<2")+COUNTIFS(H262:H278,"High",I262:I278,"<2") -> 0 | J14: =COUNTIF(T262:T278,"In Progress")+COUNTIF(T262:T278,"Not Started") -> 0 | K14: =COUNTIFS(P262:P278,"<"&TODAY(),Q262:Q278,"") -> 0
A15: Week 11 | B15: 46093 | E15: =SUMIF(I284:I300,">=0",I284:I300) -> 0 | F15: =COUNT(I284:I300)*2 -> 0 | G15: =IF(F15=0,"",E15/F15) | H15: =IF(G15="","Not Started",IF(G15>=0.9,"Green",IF(G15>=0.75,"Amber","Red"))) -> Not Started | I15: =COUNTIFS(H284:H300,"Critical",I284:I300,"<2")+COUNTIFS(H284:H300,"High",I284:I300,"<2") -> 0 | J15: =COUNTIF(T284:T300,"In Progress")+COUNTIF(T284:T300,"Not Started") -> 0 | K15: =COUNTIFS(P284:P300,"<"&TODAY(),Q284:Q300,"") -> 0
A16: Week 12 | B16: 46100 | E16: =SUMIF(I306:I322,">=0",I306:I322) -> 0 | F16: =COUNT(I306:I322)*2 -> 0 | G16: =IF(F16=0,"",E16/F16) | H16: =IF(G16="","Not Started",IF(G16>=0.9,"Green",IF(G16>=0.75,"Amber","Red"))) -> Not Started | I16: =COUNTIFS(H306:H322,"Critical",I306:I322,"<2")+COUNTIFS(H306:H322,"High",I306:I322,"<2") -> 0 | J16: =COUNTIF(T306:T322,"In Progress")+COUNTIF(T306:T322,"Not Started") -> 0 | K16: =COUNTIFS(P306:P322,"<"&TODAY(),Q306:Q322,"") -> 0
A17: Week 13 | B17: 46107 | E17: =SUMIF(I328:I344,">=0",I328:I344) -> 0 | F17: =COUNT(I328:I344)*2 -> 0 | G17: =IF(F17=0,"",E17/F17) | H17: =IF(G17="","Not Started",IF(G17>=0.9,"Green",IF(G17>=0.75,"Amber","Red"))) -> Not Started | I17: =COUNTIFS(H328:H344,"Critical",I328:I344,"<2")+COUNTIFS(H328:H344,"High",I328:I344,"<2") -> 0 | J17: =COUNTIF(T328:T344,"In Progress")+COUNTIF(T328:T344,"Not Started") -> 0 | K17: =COUNTIFS(P328:P344,"<"&TODAY(),Q328:Q344,"") -> 0
A18: Week 14 | B18: 46114 | E18: =SUMIF(I350:I366,">=0",I350:I366) -> 0 | F18: =COUNT(I350:I366)*2 -> 0 | G18: =IF(F18=0,"",E18/F18) | H18: =IF(G18="","Not Started",IF(G18>=0.9,"Green",IF(G18>=0.75,"Amber","Red"))) -> Not Started | I18: =COUNTIFS(H350:H366,"Critical",I350:I366,"<2")+COUNTIFS(H350:H366,"High",I350:I366,"<2") -> 0 | J18: =COUNTIF(T350:T366,"In Progress")+COUNTIF(T350:T366,"Not Started") -> 0 | K18: =COUNTIFS(P350:P366,"<"&TODAY(),Q350:Q366,"") -> 0
A19: Week 15 | B19: 46121 | E19: =SUMIF(I372:I388,">=0",I372:I388) -> 0 | F19: =COUNT(I372:I388)*2 -> 0 | G19: =IF(F19=0,"",E19/F19) | H19: =IF(G19="","Not Started",IF(G19>=0.9,"Green",IF(G19>=0.75,"Amber","Red"))) -> Not Started | I19: =COUNTIFS(H372:H388,"Critical",I372:I388,"<2")+COUNTIFS(H372:H388,"High",I372:I388,"<2") -> 0 | J19: =COUNTIF(T372:T388,"In Progress")+COUNTIF(T372:T388,"Not Started") -> 0 | K19: =COUNTIFS(P372:P388,"<"&TODAY(),Q372:Q388,"") -> 0
A20: Week 16 | B20: 46128 | E20: =SUMIF(I394:I410,">=0",I394:I410) -> 0 | F20: =COUNT(I394:I410)*2 -> 0 | G20: =IF(F20=0,"",E20/F20) | H20: =IF(G20="","Not Started",IF(G20>=0.9,"Green",IF(G20>=0.75,"Amber","Red"))) -> Not Started | I20: =COUNTIFS(H394:H410,"Critical",I394:I410,"<2")+COUNTIFS(H394:H410,"High",I394:I410,"<2") -> 0 | J20: =COUNTIF(T394:T410,"In Progress")+COUNTIF(T394:T410,"Not Started") -> 0 | K20: =COUNTIFS(P394:P410,"<"&TODAY(),Q394:Q410,"") -> 0
A21: Week 17 | B21: 46135 | E21: =SUMIF(I416:I432,">=0",I416:I432) -> 0 | F21: =COUNT(I416:I432)*2 -> 0 | G21: =IF(F21=0,"",E21/F21) | H21: =IF(G21="","Not Started",IF(G21>=0.9,"Green",IF(G21>=0.75,"Amber","Red"))) -> Not Started | I21: =COUNTIFS(H416:H432,"Critical",I416:I432,"<2")+COUNTIFS(H416:H432,"High",I416:I432,"<2") -> 0 | J21: =COUNTIF(T416:T432,"In Progress")+COUNTIF(T416:T432,"Not Started") -> 0 | K21: =COUNTIFS(P416:P432,"<"&TODAY(),Q416:Q432,"") -> 0
A22: Week 18 | B22: 46142 | E22: =SUMIF(I438:I454,">=0",I438:I454) -> 0 | F22: =COUNT(I438:I454)*2 -> 0 | G22: =IF(F22=0,"",E22/F22) | H22: =IF(G22="","Not Started",IF(G22>=0.9,"Green",IF(G22>=0.75,"Amber","Red"))) -> Not Started | I22: =COUNTIFS(H438:H454,"Critical",I438:I454,"<2")+COUNTIFS(H438:H454,"High",I438:I454,"<2") -> 0 | J22: =COUNTIF(T438:T454,"In Progress")+COUNTIF(T438:T454,"Not Started") -> 0 | K22: =COUNTIFS(P438:P454,"<"&TODAY(),Q438:Q454,"") -> 0
A23: Week 19 | B23: 46149 | E23: =SUMIF(I460:I476,">=0",I460:I476) -> 0 | F23: =COUNT(I460:I476)*2 -> 0 | G23: =IF(F23=0,"",E23/F23) | H23: =IF(G23="","Not Started",IF(G23>=0.9,"Green",IF(G23>=0.75,"Amber","Red"))) -> Not Started | I23: =COUNTIFS(H460:H476,"Critical",I460:I476,"<2")+COUNTIFS(H460:H476,"High",I460:I476,"<2") -> 0 | J23: =COUNTIF(T460:T476,"In Progress")+COUNTIF(T460:T476,"Not Started") -> 0 | K23: =COUNTIFS(P460:P476,"<"&TODAY(),Q460:Q476,"") -> 0
A24: Week 20 | B24: 46156 | E24: =SUMIF(I482:I498,">=0",I482:I498) -> 0 | F24: =COUNT(I482:I498)*2 -> 0 | G24: =IF(F24=0,"",E24/F24) | H24: =IF(G24="","Not Started",IF(G24>=0.9,"Green",IF(G24>=0.75,"Amber","Red"))) -> Not Started | I24: =COUNTIFS(H482:H498,"Critical",I482:I498,"<2")+COUNTIFS(H482:H498,"High",I482:I498,"<2") -> 0 | J24: =COUNTIF(T482:T498,"In Progress")+COUNTIF(T482:T498,"Not Started") -> 0 | K24: =COUNTIFS(P482:P498,"<"&TODAY(),Q482:Q498,"") -> 0
A25: Week 21 | B25: 46163 | E25: =SUMIF(I504:I520,">=0",I504:I520) -> 0 | F25: =COUNT(I504:I520)*2 -> 0 | G25: =IF(F25=0,"",E25/F25) | H25: =IF(G25="","Not Started",IF(G25>=0.9,"Green",IF(G25>=0.75,"Amber","Red"))) -> Not Started | I25: =COUNTIFS(H504:H520,"Critical",I504:I520,"<2")+COUNTIFS(H504:H520,"High",I504:I520,"<2") -> 0 | J25: =COUNTIF(T504:T520,"In Progress")+COUNTIF(T504:T520,"Not Started") -> 0 | K25: =COUNTIFS(P504:P520,"<"&TODAY(),Q504:Q520,"") -> 0
A26: Week 22 | B26: 46170 | E26: =SUMIF(I526:I542,">=0",I526:I542) -> 0 | F26: =COUNT(I526:I542)*2 -> 0 | G26: =IF(F26=0,"",E26/F26) | H26: =IF(G26="","Not Started",IF(G26>=0.9,"Green",IF(G26>=0.75,"Amber","Red"))) -> Not Started | I26: =COUNTIFS(H526:H542,"Critical",I526:I542,"<2")+COUNTIFS(H526:H542,"High",I526:I542,"<2") -> 0 | J26: =COUNTIF(T526:T542,"In Progress")+COUNTIF(T526:T542,"Not Started") -> 0 | K26: =COUNTIFS(P526:P542,"<"&TODAY(),Q526:Q542,"") -> 0
A27: Week 23 | B27: 46177 | E27: =SUMIF(I548:I564,">=0",I548:I564) -> 0 | F27: =COUNT(I548:I564)*2 -> 0 | G27: =IF(F27=0,"",E27/F27) | H27: =IF(G27="","Not Started",IF(G27>=0.9,"Green",IF(G27>=0.75,"Amber","Red"))) -> Not Started | I27: =COUNTIFS(H548:H564,"Critical",I548:I564,"<2")+COUNTIFS(H548:H564,"High",I548:I564,"<2") -> 0 | J27: =COUNTIF(T548:T564,"In Progress")+COUNTIF(T548:T564,"Not Started") -> 0 | K27: =COUNTIFS(P548:P564,"<"&TODAY(),Q548:Q564,"") -> 0
A28: Week 24 | B28: 46184 | E28: =SUMIF(I570:I586,">=0",I570:I586) -> 0 | F28: =COUNT(I570:I586)*2 -> 0 | G28: =IF(F28=0,"",E28/F28) | H28: =IF(G28="","Not Started",IF(G28>=0.9,"Green",IF(G28>=0.75,"Amber","Red"))) -> Not Started | I28: =COUNTIFS(H570:H586,"Critical",I570:I586,"<2")+COUNTIFS(H570:H586,"High",I570:I586,"<2") -> 0 | J28: =COUNTIF(T570:T586,"In Progress")+COUNTIF(T570:T586,"Not Started") -> 0 | K28: =COUNTIFS(P570:P586,"<"&TODAY(),Q570:Q586,"") -> 0
A29: Week 25 | B29: 46191 | E29: =SUMIF(I592:I608,">=0",I592:I608) -> 0 | F29: =COUNT(I592:I608)*2 -> 0 | G29: =IF(F29=0,"",E29/F29) | H29: =IF(G29="","Not Started",IF(G29>=0.9,"Green",IF(G29>=0.75,"Amber","Red"))) -> Not Started | I29: =COUNTIFS(H592:H608,"Critical",I592:I608,"<2")+COUNTIFS(H592:H608,"High",I592:I608,"<2") -> 0 | J29: =COUNTIF(T592:T608,"In Progress")+COUNTIF(T592:T608,"Not Started") -> 0 | K29: =COUNTIFS(P592:P608,"<"&TODAY(),Q592:Q608,"") -> 0
A30: Week 26 | B30: 46198 | E30: =SUMIF(I614:I630,">=0",I614:I630) -> 0 | F30: =COUNT(I614:I630)*2 -> 0 | G30: =IF(F30=0,"",E30/F30) | H30: =IF(G30="","Not Started",IF(G30>=0.9,"Green",IF(G30>=0.75,"Amber","Red"))) -> Not Started | I30: =COUNTIFS(H614:H630,"Critical",I614:I630,"<2")+COUNTIFS(H614:H630,"High",I614:I630,"<2") -> 0 | J30: =COUNTIF(T614:T630,"In Progress")+COUNTIF(T614:T630,"Not Started") -> 0 | K30: =COUNTIFS(P614:P630,"<"&TODAY(),Q614:Q630,"") -> 0
A31: Week 27 | B31: 46205 | E31: =SUMIF(I636:I652,">=0",I636:I652) -> 0 | F31: =COUNT(I636:I652)*2 -> 0 | G31: =IF(F31=0,"",E31/F31) | H31: =IF(G31="","Not Started",IF(G31>=0.9,"Green",IF(G31>=0.75,"Amber","Red"))) -> Not Started | I31: =COUNTIFS(H636:H652,"Critical",I636:I652,"<2")+COUNTIFS(H636:H652,"High",I636:I652,"<2") -> 0 | J31: =COUNTIF(T636:T652,"In Progress")+COUNTIF(T636:T652,"Not Started") -> 0 | K31: =COUNTIFS(P636:P652,"<"&TODAY(),Q636:Q652,"") -> 0
A32: Week 28 | B32: 46212 | E32: =SUMIF(I658:I674,">=0",I658:I674) -> 0 | F32: =COUNT(I658:I674)*2 -> 0 | G32: =IF(F32=0,"",E32/F32) | H32: =IF(G32="","Not Started",IF(G32>=0.9,"Green",IF(G32>=0.75,"Amber","Red"))) -> Not Started | I32: =COUNTIFS(H658:H674,"Critical",I658:I674,"<2")+COUNTIFS(H658:H674,"High",I658:I674,"<2") -> 0 | J32: =COUNTIF(T658:T674,"In Progress")+COUNTIF(T658:T674,"Not Started") -> 0 | K32: =COUNTIFS(P658:P674,"<"&TODAY(),Q658:Q674,"") -> 0
A33: Week 29 | B33: 46219 | E33: =SUMIF(I680:I696,">=0",I680:I696) -> 0 | F33: =COUNT(I680:I696)*2 -> 0 | G33: =IF(F33=0,"",E33/F33) | H33: =IF(G33="","Not Started",IF(G33>=0.9,"Green",IF(G33>=0.75,"Amber","Red"))) -> Not Started | I33: =COUNTIFS(H680:H696,"Critical",I680:I696,"<2")+COUNTIFS(H680:H696,"High",I680:I696,"<2") -> 0 | J33: =COUNTIF(T680:T696,"In Progress")+COUNTIF(T680:T696,"Not Started") -> 0 | K33: =COUNTIFS(P680:P696,"<"&TODAY(),Q680:Q696,"") -> 0
A34: Week 30 | B34: 46226 | E34: =SUMIF(I702:I718,">=0",I702:I718) -> 0 | F34: =COUNT(I702:I718)*2 -> 0 | G34: =IF(F34=0,"",E34/F34) | H34: =IF(G34="","Not Started",IF(G34>=0.9,"Green",IF(G34>=0.75,"Amber","Red"))) -> Not Started | I34: =COUNTIFS(H702:H718,"Critical",I702:I718,"<2")+COUNTIFS(H702:H718,"High",I702:I718,"<2") -> 0 | J34: =COUNTIF(T702:T718,"In Progress")+COUNTIF(T702:T718,"Not Started") -> 0 | K34: =COUNTIFS(P702:P718,"<"&TODAY(),Q702:Q718,"") -> 0
A35: Week 31 | B35: 46233 | E35: =SUMIF(I724:I740,">=0",I724:I740) -> 0 | F35: =COUNT(I724:I740)*2 -> 0 | G35: =IF(F35=0,"",E35/F35) | H35: =IF(G35="","Not Started",IF(G35>=0.9,"Green",IF(G35>=0.75,"Amber","Red"))) -> Not Started | I35: =COUNTIFS(H724:H740,"Critical",I724:I740,"<2")+COUNTIFS(H724:H740,"High",I724:I740,"<2") -> 0 | J35: =COUNTIF(T724:T740,"In Progress")+COUNTIF(T724:T740,"Not Started") -> 0 | K35: =COUNTIFS(P724:P740,"<"&TODAY(),Q724:Q740,"") -> 0
A36: Week 32 | B36: 46240 | E36: =SUMIF(I746:I762,">=0",I746:I762) -> 0 | F36: =COUNT(I746:I762)*2 -> 0 | G36: =IF(F36=0,"",E36/F36) | H36: =IF(G36="","Not Started",IF(G36>=0.9,"Green",IF(G36>=0.75,"Amber","Red"))) -> Not Started | I36: =COUNTIFS(H746:H762,"Critical",I746:I762,"<2")+COUNTIFS(H746:H762,"High",I746:I762,"<2") -> 0 | J36: =COUNTIF(T746:T762,"In Progress")+COUNTIF(T746:T762,"Not Started") -> 0 | K36: =COUNTIFS(P746:P762,"<"&TODAY(),Q746:Q762,"") -> 0
A37: Week 33 | B37: 46247 | E37: =SUMIF(I768:I784,">=0",I768:I784) -> 0 | F37: =COUNT(I768:I784)*2 -> 0 | G37: =IF(F37=0,"",E37/F37) | H37: =IF(G37="","Not Started",IF(G37>=0.9,"Green",IF(G37>=0.75,"Amber","Red"))) -> Not Started | I37: =COUNTIFS(H768:H784,"Critical",I768:I784,"<2")+COUNTIFS(H768:H784,"High",I768:I784,"<2") -> 0 | J37: =COUNTIF(T768:T784,"In Progress")+COUNTIF(T768:T784,"Not Started") -> 0 | K37: =COUNTIFS(P768:P784,"<"&TODAY(),Q768:Q784,"") -> 0
A38: Week 34 | B38: 46254 | E38: =SUMIF(I790:I806,">=0",I790:I806) -> 0 | F38: =COUNT(I790:I806)*2 -> 0 | G38: =IF(F38=0,"",E38/F38) | H38: =IF(G38="","Not Started",IF(G38>=0.9,"Green",IF(G38>=0.75,"Amber","Red"))) -> Not Started | I38: =COUNTIFS(H790:H806,"Critical",I790:I806,"<2")+COUNTIFS(H790:H806,"High",I790:I806,"<2") -> 0 | J38: =COUNTIF(T790:T806,"In Progress")+COUNTIF(T790:T806,"Not Started") -> 0 | K38: =COUNTIFS(P790:P806,"<"&TODAY(),Q790:Q806,"") -> 0
A39: Week 35 | B39: 46261 | E39: =SUMIF(I812:I828,">=0",I812:I828) -> 0 | F39: =COUNT(I812:I828)*2 -> 0 | G39: =IF(F39=0,"",E39/F39) | H39: =IF(G39="","Not Started",IF(G39>=0.9,"Green",IF(G39>=0.75,"Amber","Red"))) -> Not Started | I39: =COUNTIFS(H812:H828,"Critical",I812:I828,"<2")+COUNTIFS(H812:H828,"High",I812:I828,"<2") -> 0 | J39: =COUNTIF(T812:T828,"In Progress")+COUNTIF(T812:T828,"Not Started") -> 0 | K39: =COUNTIFS(P812:P828,"<"&TODAY(),Q812:Q828,"") -> 0
A40: Week 36 | B40: 46268 | E40: =SUMIF(I834:I850,">=0",I834:I850) -> 0 | F40: =COUNT(I834:I850)*2 -> 0 | G40: =IF(F40=0,"",E40/F40) | H40: =IF(G40="","Not Started",IF(G40>=0.9,"Green",IF(G40>=0.75,"Amber","Red"))) -> Not Started | I40: =COUNTIFS(H834:H850,"Critical",I834:I850,"<2")+COUNTIFS(H834:H850,"High",I834:I850,"<2") -> 0 | J40: =COUNTIF(T834:T850,"In Progress")+COUNTIF(T834:T850,"Not Started") -> 0 | K40: =COUNTIFS(P834:P850,"<"&TODAY(),Q834:Q850,"") -> 0
A41: Week 37 | B41: 46275 | E41: =SUMIF(I856:I872,">=0",I856:I872) -> 0 | F41: =COUNT(I856:I872)*2 -> 0 | G41: =IF(F41=0,"",E41/F41) | H41: =IF(G41="","Not Started",IF(G41>=0.9,"Green",IF(G41>=0.75,"Amber","Red"))) -> Not Started | I41: =COUNTIFS(H856:H872,"Critical",I856:I872,"<2")+COUNTIFS(H856:H872,"High",I856:I872,"<2") -> 0 | J41: =COUNTIF(T856:T872,"In Progress")+COUNTIF(T856:T872,"Not Started") -> 0 | K41: =COUNTIFS(P856:P872,"<"&TODAY(),Q856:Q872,"") -> 0
A42: Week 38 | B42: 46282 | E42: =SUMIF(I878:I894,">=0",I878:I894) -> 0 | F42: =COUNT(I878:I894)*2 -> 0 | G42: =IF(F42=0,"",E42/F42) | H42: =IF(G42="","Not Started",IF(G42>=0.9,"Green",IF(G42>=0.75,"Amber","Red"))) -> Not Started | I42: =COUNTIFS(H878:H894,"Critical",I878:I894,"<2")+COUNTIFS(H878:H894,"High",I878:I894,"<2") -> 0 | J42: =COUNTIF(T878:T894,"In Progress")+COUNTIF(T878:T894,"Not Started") -> 0 | K42: =COUNTIFS(P878:P894,"<"&TODAY(),Q878:Q894,"") -> 0
A43: Week 39 | B43: 46289 | E43: =SUMIF(I900:I916,">=0",I900:I916) -> 0 | F43: =COUNT(I900:I916)*2 -> 0 | G43: =IF(F43=0,"",E43/F43) | H43: =IF(G43="","Not Started",IF(G43>=0.9,"Green",IF(G43>=0.75,"Amber","Red"))) -> Not Started | I43: =COUNTIFS(H900:H916,"Critical",I900:I916,"<2")+COUNTIFS(H900:H916,"High",I900:I916,"<2") -> 0 | J43: =COUNTIF(T900:T916,"In Progress")+COUNTIF(T900:T916,"Not Started") -> 0 | K43: =COUNTIFS(P900:P916,"<"&TODAY(),Q900:Q916,"") -> 0
A44: Week 40 | B44: 46296 | E44: =SUMIF(I922:I938,">=0",I922:I938) -> 0 | F44: =COUNT(I922:I938)*2 -> 0 | G44: =IF(F44=0,"",E44/F44) | H44: =IF(G44="","Not Started",IF(G44>=0.9,"Green",IF(G44>=0.75,"Amber","Red"))) -> Not Started | I44: =COUNTIFS(H922:H938,"Critical",I922:I938,"<2")+COUNTIFS(H922:H938,"High",I922:I938,"<2") -> 0 | J44: =COUNTIF(T922:T938,"In Progress")+COUNTIF(T922:T938,"Not Started") -> 0 | K44: =COUNTIFS(P922:P938,"<"&TODAY(),Q922:Q938,"") -> 0
A45: Week 41 | B45: 46303 | E45: =SUMIF(I944:I960,">=0",I944:I960) -> 0 | F45: =COUNT(I944:I960)*2 -> 0 | G45: =IF(F45=0,"",E45/F45) | H45: =IF(G45="","Not Started",IF(G45>=0.9,"Green",IF(G45>=0.75,"Amber","Red"))) -> Not Started | I45: =COUNTIFS(H944:H960,"Critical",I944:I960,"<2")+COUNTIFS(H944:H960,"High",I944:I960,"<2") -> 0 | J45: =COUNTIF(T944:T960,"In Progress")+COUNTIF(T944:T960,"Not Started") -> 0 | K45: =COUNTIFS(P944:P960,"<"&TODAY(),Q944:Q960,"") -> 0
A46: Week 42 | B46: 46310 | E46: =SUMIF(I966:I982,">=0",I966:I982) -> 0 | F46: =COUNT(I966:I982)*2 -> 0 | G46: =IF(F46=0,"",E46/F46) | H46: =IF(G46="","Not Started",IF(G46>=0.9,"Green",IF(G46>=0.75,"Amber","Red"))) -> Not Started | I46: =COUNTIFS(H966:H982,"Critical",I966:I982,"<2")+COUNTIFS(H966:H982,"High",I966:I982,"<2") -> 0 | J46: =COUNTIF(T966:T982,"In Progress")+COUNTIF(T966:T982,"Not Started") -> 0 | K46: =COUNTIFS(P966:P982,"<"&TODAY(),Q966:Q982,"") -> 0
A47: Week 43 | B47: 46317 | E47: =SUMIF(I988:I1004,">=0",I988:I1004) -> 0 | F47: =COUNT(I988:I1004)*2 -> 0 | G47: =IF(F47=0,"",E47/F47) | H47: =IF(G47="","Not Started",IF(G47>=0.9,"Green",IF(G47>=0.75,"Amber","Red"))) -> Not Started | I47: =COUNTIFS(H988:H1004,"Critical",I988:I1004,"<2")+COUNTIFS(H988:H1004,"High",I988:I1004,"<2") -> 0 | J47: =COUNTIF(T988:T1004,"In Progress")+COUNTIF(T988:T1004,"Not Started") -> 0 | K47: =COUNTIFS(P988:P1004,"<"&TODAY(),Q988:Q1004,"") -> 0
A48: Week 44 | B48: 46324 | E48: =SUMIF(I1010:I1026,">=0",I1010:I1026) -> 0 | F48: =COUNT(I1010:I1026)*2 -> 0 | G48: =IF(F48=0,"",E48/F48) | H48: =IF(G48="","Not Started",IF(G48>=0.9,"Green",IF(G48>=0.75,"Amber","Red"))) -> Not Started | I48: =COUNTIFS(H1010:H1026,"Critical",I1010:I1026,"<2")+COUNTIFS(H1010:H1026,"High",I1010:I1026,"<2") -> 0 | J48: =COUNTIF(T1010:T1026,"In Progress")+COUNTIF(T1010:T1026,"Not Started") -> 0 | K48: =COUNTIFS(P1010:P1026,"<"&TODAY(),Q1010:Q1026,"") -> 0
A49: Week 45 | B49: 46331 | E49: =SUMIF(I1032:I1048,">=0",I1032:I1048) -> 0 | F49: =COUNT(I1032:I1048)*2 -> 0 | G49: =IF(F49=0,"",E49/F49) | H49: =IF(G49="","Not Started",IF(G49>=0.9,"Green",IF(G49>=0.75,"Amber","Red"))) -> Not Started | I49: =COUNTIFS(H1032:H1048,"Critical",I1032:I1048,"<2")+COUNTIFS(H1032:H1048,"High",I1032:I1048,"<2") -> 0 | J49: =COUNTIF(T1032:T1048,"In Progress")+COUNTIF(T1032:T1048,"Not Started") -> 0 | K49: =COUNTIFS(P1032:P1048,"<"&TODAY(),Q1032:Q1048,"") -> 0
A50: Week 46 | B50: 46338 | E50: =SUMIF(I1054:I1070,">=0",I1054:I1070) -> 0 | F50: =COUNT(I1054:I1070)*2 -> 0 | G50: =IF(F50=0,"",E50/F50) | H50: =IF(G50="","Not Started",IF(G50>=0.9,"Green",IF(G50>=0.75,"Amber","Red"))) -> Not Started | I50: =COUNTIFS(H1054:H1070,"Critical",I1054:I1070,"<2")+COUNTIFS(H1054:H1070,"High",I1054:I1070,"<2") -> 0 | J50: =COUNTIF(T1054:T1070,"In Progress")+COUNTIF(T1054:T1070,"Not Started") -> 0 | K50: =COUNTIFS(P1054:P1070,"<"&TODAY(),Q1054:Q1070,"") -> 0
A51: Week 47 | B51: 46345 | E51: =SUMIF(I1076:I1092,">=0",I1076:I1092) -> 0 | F51: =COUNT(I1076:I1092)*2 -> 0 | G51: =IF(F51=0,"",E51/F51) | H51: =IF(G51="","Not Started",IF(G51>=0.9,"Green",IF(G51>=0.75,"Amber","Red"))) -> Not Started | I51: =COUNTIFS(H1076:H1092,"Critical",I1076:I1092,"<2")+COUNTIFS(H1076:H1092,"High",I1076:I1092,"<2") -> 0 | J51: =COUNTIF(T1076:T1092,"In Progress")+COUNTIF(T1076:T1092,"Not Started") -> 0 | K51: =COUNTIFS(P1076:P1092,"<"&TODAY(),Q1076:Q1092,"") -> 0
A52: Week 48 | B52: 46352 | E52: =SUMIF(I1098:I1114,">=0",I1098:I1114) -> 0 | F52: =COUNT(I1098:I1114)*2 -> 0 | G52: =IF(F52=0,"",E52/F52) | H52: =IF(G52="","Not Started",IF(G52>=0.9,"Green",IF(G52>=0.75,"Amber","Red"))) -> Not Started | I52: =COUNTIFS(H1098:H1114,"Critical",I1098:I1114,"<2")+COUNTIFS(H1098:H1114,"High",I1098:I1114,"<2") -> 0 | J52: =COUNTIF(T1098:T1114,"In Progress")+COUNTIF(T1098:T1114,"Not Started") -> 0 | K52: =COUNTIFS(P1098:P1114,"<"&TODAY(),Q1098:Q1114,"") -> 0
A53: Week 49 | B53: 46359 | E53: =SUMIF(I1120:I1136,">=0",I1120:I1136) -> 0 | F53: =COUNT(I1120:I1136)*2 -> 0 | G53: =IF(F53=0,"",E53/F53) | H53: =IF(G53="","Not Started",IF(G53>=0.9,"Green",IF(G53>=0.75,"Amber","Red"))) -> Not Started | I53: =COUNTIFS(H1120:H1136,"Critical",I1120:I1136,"<2")+COUNTIFS(H1120:H1136,"High",I1120:I1136,"<2") -> 0 | J53: =COUNTIF(T1120:T1136,"In Progress")+COUNTIF(T1120:T1136,"Not Started") -> 0 | K53: =COUNTIFS(P1120:P1136,"<"&TODAY(),Q1120:Q1136,"") -> 0
A54: Week 50 | B54: 46366 | E54: =SUMIF(I1142:I1158,">=0",I1142:I1158) -> 0 | F54: =COUNT(I1142:I1158)*2 -> 0 | G54: =IF(F54=0,"",E54/F54) | H54: =IF(G54="","Not Started",IF(G54>=0.9,"Green",IF(G54>=0.75,"Amber","Red"))) -> Not Started | I54: =COUNTIFS(H1142:H1158,"Critical",I1142:I1158,"<2")+COUNTIFS(H1142:H1158,"High",I1142:I1158,"<2") -> 0 | J54: =COUNTIF(T1142:T1158,"In Progress")+COUNTIF(T1142:T1158,"Not Started") -> 0 | K54: =COUNTIFS(P1142:P1158,"<"&TODAY(),Q1142:Q1158,"") -> 0
A55: Week 51 | B55: 46373 | E55: =SUMIF(I1164:I1180,">=0",I1164:I1180) -> 0 | F55: =COUNT(I1164:I1180)*2 -> 0 | G55: =IF(F55=0,"",E55/F55) | H55: =IF(G55="","Not Started",IF(G55>=0.9,"Green",IF(G55>=0.75,"Amber","Red"))) -> Not Started | I55: =COUNTIFS(H1164:H1180,"Critical",I1164:I1180,"<2")+COUNTIFS(H1164:H1180,"High",I1164:I1180,"<2") -> 0 | J55: =COUNTIF(T1164:T1180,"In Progress")+COUNTIF(T1164:T1180,"Not Started") -> 0 | K55: =COUNTIFS(P1164:P1180,"<"&TODAY(),Q1164:Q1180,"") -> 0
A56: Week 52 | B56: 46380 | E56: =SUMIF(I1186:I1202,">=0",I1186:I1202) -> 0 | F56: =COUNT(I1186:I1202)*2 -> 0 | G56: =IF(F56=0,"",E56/F56) | H56: =IF(G56="","Not Started",IF(G56>=0.9,"Green",IF(G56>=0.75,"Amber","Red"))) -> Not Started | I56: =COUNTIFS(H1186:H1202,"Critical",I1186:I1202,"<2")+COUNTIFS(H1186:H1202,"High",I1186:I1202,"<2") -> 0 | J56: =COUNTIF(T1186:T1202,"In Progress")+COUNTIF(T1186:T1202,"Not Started") -> 0 | K56: =COUNTIFS(P1186:P1202,"<"&TODAY(),Q1186:Q1202,"") -> 0
A61: Week 1 – Equipment & Maintenance Audit Evidence Section
A62: Audit period: | B62: Week 1 | C62: Auditor: | E62: Audit date:
A63: No. | B63: Section | C63: Detailed Audit Question | D63: Evidence Required | E63: Audit Method | F63: CQC Regulation | G63: Quality Statement | H63: Risk Weighting | I63: Score 0/1/2/NA | J63: Evidence Seen / Reference | K63: Finding / Observation | L63: Root Cause / 5 Whys | M63: Immediate Action | N63: Corrective / Preventative Action | O63: Responsible Person | P63: Due Date | Q63: Completion Date | R63: Verified By | S63: Re-audit Required | T63: Status | U63: RAG
A64: 1 | B64: Mobile Hoists | C64: Mobile hoist has unique ID and is on the asset register. | D64: Asset register; ID label | E64: Observation/records | F64: Reg 15,17 | G64: Safe environments | H64: High | U64: =IF(I64="","",IF(I64="NA","Grey",IF(I64=2,"Green",IF(I64=1,"Amber","Red"))))
A65: 2 | B65: Mobile Hoists | C65: LOLER certificate is current for all mobile hoists. | D65: LOLER certificate | E65: Record review | F65: Reg 12,15 | G65: Safe environments | H65: Critical | U65: =IF(I65="","",IF(I65="NA","Grey",IF(I65=2,"Green",IF(I65=1,"Amber","Red"))))
A66: 3 | B66: Mobile Hoists | C66: Emergency lowering is tested and staff can explain how to use it. | D66: Test log; staff interview | E66: Observation/interview | F66: Reg 12,18 | G66: Safe staffing | H66: Critical | U66: =IF(I66="","",IF(I66="NA","Grey",IF(I66=2,"Green",IF(I66=1,"Amber","Red"))))
A67: 4 | B67: Mobile Hoists | C67: Safe Working Load is visible and matches resident needs. | D67: Label; moving & handling plan | E67: Records/observation | F67: Reg 12 | G67: Safe systems | H67: Critical | U67: =IF(I67="","",IF(I67="NA","Grey",IF(I67=2,"Green",IF(I67=1,"Amber","Red"))))
A68: 5 | B68: Bathroom Hoist | C68: Bathroom/ceiling hoist is serviced and LOLER current. | D68: LOLER; service record | E68: Record review | F68: Reg 12,15 | G68: Safe environments | H68: Critical | U68: =IF(I68="","",IF(I68="NA","Grey",IF(I68=2,"Green",IF(I68=1,"Amber","Red"))))
A69: 6 | B69: Bathroom Hoist | C69: Track, handset, charger and emergency lowering are clean and functioning. | D69: Observation/test log | E69: Observation | F69: Reg 12,15 | G69: Safe environments | H69: High | U69: =IF(I69="","",IF(I69="NA","Grey",IF(I69=2,"Green",IF(I69=1,"Amber","Red"))))
A70: 7 | B70: Rotunda | C70: Rotunda/stand aid is intact, stable and suitable for assessed residents. | D70: Moving & handling assessment | E70: Observation/records | F70: Reg 12 | G70: Safe systems | H70: High | U70: =IF(I70="","",IF(I70="NA","Grey",IF(I70=2,"Green",IF(I70=1,"Amber","Red"))))
A71: 8 | B71: Rotunda | C71: Rotunda brakes/locking mechanism and handles are safe. | D71: Functional check | E71: Observation | F71: Reg 15 | G71: Safe environments | H71: Critical | U71: =IF(I71="","",IF(I71="NA","Grey",IF(I71=2,"Green",IF(I71=1,"Amber","Red"))))
A72: 9 | B72: Wheelchairs | C72: Wheelchair brakes, tyres, footplates and armrests are safe. | D72: Observation | E72: Observation | F72: Reg 15 | G72: Safe environments | H72: Critical | U72: =IF(I72="","",IF(I72="NA","Grey",IF(I72=2,"Green",IF(I72=1,"Amber","Red"))))
A73: 10 | B73: Wheelchairs | C73: Pressure cushion/postural support is appropriate and documented. | D73: Care plan; cushion record | E73: Records/observation | F73: Reg 12 | G73: Safe systems | H73: High | U73: =IF(I73="","",IF(I73="NA","Grey",IF(I73=2,"Green",IF(I73=1,"Amber","Red"))))
A74: 11 | B74: Beds | C74: Profiling bed functions, rails and entrapment risks are checked. | D74: Bed rail risk assessment | E74: Record review/observation | F74: Reg 12,15 | G74: Safe environments | H74: Critical | U74: =IF(I74="","",IF(I74="NA","Grey",IF(I74=2,"Green",IF(I74=1,"Amber","Red"))))
A75: 12 | B75: Slings | C75: Slings are labelled, clean, compatible and inspected. | D75: Sling register; label | E75: Records/observation | F75: Reg 12,15 | G75: Safe environments | H75: Critical | U75: =IF(I75="","",IF(I75="NA","Grey",IF(I75=2,"Green",IF(I75=1,"Amber","Red"))))
... A80: 17 | B80: Manager Verification | C80: Manager has verified practice, not only paperwork. | D80: Manager observation/sign-off | E80: Observation/records | F80: Reg 17 | G80: Good governance | H80: High | U80: =IF(I80="","",IF(I80="NA","Grey",IF(I80=2,"Green",IF(I80=1,"Amber","Red"))))
A82: Manager summary / lessons learned
A83: Week 2 – Equipment & Maintenance Audit Evidence Section
A84: Audit period: | B84: Week 2 | C84: Auditor: | E84: Audit date:
A85: No. | B85: Section | C85: Detailed Audit Question | D85: Evidence Required | E85: Audit Method | F85: CQC Regulation | G85: Quality Statement | H85: Risk Weighting | I85: Score 0/1/2/NA | J85: Evidence Seen / Reference | K85: Finding / Observation | L85: Root Cause / 5 Whys | M85: Immediate Action | N85: Corrective / Preventative Action | O85: Responsible Person | P85: Due Date | Q85: Completion Date | R85: Verified By | S85: Re-audit Required | T85: Status | U85: RAG
A86: 1 | B86: Mobile Hoists | C86: Mobile hoist has unique ID and is on the asset register. | D86: Asset register; ID label | E86: Observation/records | F86: Reg 15,17 | G86: Safe environments | H86: High | U86: =IF(I86="","",IF(I86="NA","Grey",IF(I86=2,"Green",IF(I86=1,"Amber","Red"))))
A87: 2 | B87: Mobile Hoists | C87: LOLER certificate is current for all mobile hoists. | D87: LOLER certificate | E87: Record review | F87: Reg 12,15 | G87: Safe environments | H87: Critical | U87: =IF(I87="","",IF(I87="NA","Grey",IF(I87=2,"Green",IF(I87=1,"Amber","Red"))))
A88: 3 | B88: Mobile Hoists | C88: Emergency lowering is tested and staff can explain how to use it. | D88: Test log; staff interview | E88: Observation/interview | F88: Reg 12,18 | G88: Safe staffing | H88: Critical | U88: =IF(I88="","",IF(I88="NA","Grey",IF(I88=2,"Green",IF(I88=1,"Amber","Red"))))
A89: 4 | B89: Mobile Hoists | C89: Safe Working Load is visible and matches resident needs. | D89: Label; moving & handling plan | E89: Records/observation | F89: Reg 12 | G89: Safe systems | H89: Critical | U89: =IF(I89="","",IF(I89="NA","Grey",IF(I89=2,"Green",IF(I89=1,"Amber","Red"))))
A90: 5 | B90: Bathroom Hoist | C90: Bathroom/ceiling hoist is serviced and LOLER current. | D90: LOLER; service record | E90: Record review | F90: Reg 12,15 | G90: Safe environments | H90: Critical | U90: =IF(I90="","",IF(I90="NA","Grey",IF(I90=2,"Green",IF(I90=1,"Amber","Red"))))
A91: 6 | B91: Bathroom Hoist | C91: Track, handset, charger and emergency lowering are clean and functioning. | D91: Observation/test log | E91: Observation | F91: Reg 12,15 | G91: Safe environments | H91: High | U91: =IF(I91="","",IF(I91="NA","Grey",IF(I91=2,"Green",IF(I91=1,"Amber","Red"))))
A92: 7 | B92: Rotunda | C92: Rotunda/stand aid is intact, stable and suitable for assessed residents. | D92: Moving & handling assessment | E92: Observation/records | F92: Reg 12 | G92: Safe systems | H92: High | U92: =IF(I92="","",IF(I92="NA","Grey",IF(I92=2,"Green",IF(I92=1,"Amber","Red"))))
A93: 8 | B93: Rotunda | C93: Rotunda brakes/locking mechanism and handles are safe. | D93: Functional check | E93: Observation | F93: Reg 15 | G93: Safe environments | H93: Critical | U93: =IF(I93="","",IF(I93="NA","Grey",IF(I93=2,"Green",IF(I93=1,"Amber","Red"))))
A94: 9 | B94: Wheelchairs | C94: Wheelchair brakes, tyres, footplates and armrests are safe. | D94: Observation | E94: Observation | F94: Reg 15 | G94: Safe environments | H94: Critical | U94: =IF(I94="","",IF(I94="NA","Grey",IF(I94=2,"Green",IF(I94=1,"Amber","Red"))))
A95: 10 | B95: Wheelchairs | C95: Pressure cushion/postural support is appropriate and documented. | D95: Care plan; cushion record | E95: Records/observation | F95: Reg 12 | G95: Safe systems | H95: High | U95: =IF(I95="","",IF(I95="NA","Grey",IF(I95=2,"Green",IF(I95=1,"Amber","Red"))))
A96: 11 | B96: Beds | C96: Profiling bed functions, rails and entrapment risks are checked. | D96: Bed rail risk assessment | E96: Record review/observation | F96: Reg 12,15 | G96: Safe environments | H96: Critical | U96: =IF(I96="","",IF(I96="NA","Grey",IF(I96=2,"Green",IF(I96=1,"Amber","Red"))))
A97: 12 | B97: Slings | C97: Slings are labelled, clean, compatible and inspected. | D97: Sling register; label | E97: Records/observation | F97: Reg 12,15 | G97: Safe environments | H97: Critical | U97: =IF(I97="","",IF(I97="NA","Grey",IF(I97=2,"Green",IF(I97=1,"Amber","Red"))))
... A102: 17 | B102: Manager Verification | C102: Manager has verified practice, not only paperwork. | D102: Manager observation/sign-off | E102: Observation/records | F102: Reg 17 | G102: Good governance | H102: High | U102: =IF(I102="","",IF(I102="NA","Grey",IF(I102=2,"Green",IF(I102=1,"Amber","Red"))))
A104: Manager summary / lessons learned
A105: Week 3 – Equipment & Maintenance Audit Evidence Section
A106: Audit period: | B106: Week 3 | C106: Auditor: | E106: Audit date:
A107: No. | B107: Section | C107: Detailed Audit Question | D107: Evidence Required | E107: Audit Method | F107: CQC Regulation | G107: Quality Statement | H107: Risk Weighting | I107: Score 0/1/2/NA | J107: Evidence Seen / Reference | K107: Finding / Observation | L107: Root Cause / 5 Whys | M107: Immediate Action | N107: Corrective / Preventative Action | O107: Responsible Person | P107: Due Date | Q107: Completion Date | R107: Verified By | S107: Re-audit Required | T107: Status | U107: RAG
A108: 1 | B108: Mobile Hoists | C108: Mobile hoist has unique ID and is on the asset register. | D108: Asset register; ID label | E108: Observation/records | F108: Reg 15,17 | G108: Safe environments | H108: High | U108: =IF(I108="","",IF(I108="NA","Grey",IF(I108=2,"Green",IF(I108=1,"Amber","Red"))))
A109: 2 | B109: Mobile Hoists | C109: LOLER certificate is current for all mobile hoists. | D109: LOLER certificate | E109: Record review | F109: Reg 12,15 | G109: Safe environments | H109: Critical | U109: =IF(I109="","",IF(I109="NA","Grey",IF(I109=2,"Green",IF(I109=1,"Amber","Red"))))
A110: 3 | B110: Mobile Hoists | C110: Emergency lowering is tested and staff can explain how to use it. | D110: Test log; staff interview | E110: Observation/interview | F110: Reg 12,18 | G110: Safe staffing | H110: Critical | U110: =IF(I110="","",IF(I110="NA","Grey",IF(I110=2,"Green",IF(I110=1,"Amber","Red"))))
A111: 4 | B111: Mobile Hoists | C111: Safe Working Load is visible and matches resident needs. | D111: Label; moving & handling plan | E111: Records/observation | F111: Reg 12 | G111: Safe systems | H111: Critical | U111: =IF(I111="","",IF(I111="NA","Grey",IF(I111=2,"Green",IF(I111=1,"Amber","Red"))))
A112: 5 | B112: Bathroom Hoist | C112: Bathroom/ceiling hoist is serviced and LOLER current. | D112: LOLER; service record | E112: Record review | F112: Reg 12,15 | G112: Safe environments | H112: Critical | U112: =IF(I112="","",IF(I112="NA","Grey",IF(I112=2,"Green",IF(I112=1,"Amber","Red"))))
A113: 6 | B113: Bathroom Hoist | C113: Track, handset, charger and emergency lowering are clean and functioning. | D113: Observation/test log | E113: Observation | F113: Reg 12,15 | G113: Safe environments | H113: High | U113: =IF(I113="","",IF(I113="NA","Grey",IF(I113=2,"Green",IF(I113=1,"Amber","Red"))))
A114: 7 | B114: Rotunda | C114: Rotunda/stand aid is intact, stable and suitable for assessed residents. | D114: Moving & handling assessment | E114: Observation/records | F114: Reg 12 | G114: Safe systems | H114: High | U114: =IF(I114="","",IF(I114="NA","Grey",IF(I114=2,"Green",IF(I114=1,"Amber","Red"))))
A115: 8 | B115: Rotunda | C115: Rotunda brakes/locking mechanism and handles are safe. | D115: Functional check | E115: Observation | F115: Reg 15 | G115: Safe environments | H115: Critical | U115: =IF(I115="","",IF(I115="NA","Grey",IF(I115=2,"Green",IF(I115=1,"Amber","Red"))))
...

Sheet Water & Legionella
A1: Water & Legionella Audit – Annual Evidence (Weekly)
A2: Instruction: | B2: Complete each period on this tab so the full year is held in one evidence location. Pale yellow cells are editable. Formula/RAG/header cells are locked only, with no password.
A4: Period | B4: Due Date | C4: Audit Date | D4: Auditor | E4: Total Score | F4: Max Score | G4: Compliance % | H4: RAG | I4: Critical/High Risks | J4: Open Actions | K4: Overdue Actions | L4: Manager Sign-Off | M4: Provider Sign-Off | N4: Evidence Folder Ref | O4: Summary / Key Findings
A5: Week 1 | B5: 46023 | E5: =SUMIF(I64:I75,">=0",I64:I75) -> 0 | F5: =COUNT(I64:I75)*2 -> 0 | G5: =IF(F5=0,"",E5/F5) | H5: =IF(G5="","Not Started",IF(G5>=0.9,"Green",IF(G5>=0.75,"Amber","Red"))) -> Not Started | I5: =COUNTIFS(H64:H75,"Critical",I64:I75,"<2")+COUNTIFS(H64:H75,"High",I64:I75,"<2") -> 0 | J5: =COUNTIF(T64:T75,"In Progress")+COUNTIF(T64:T75,"Not Started") -> 0 | K5: =COUNTIFS(P64:P75,"<"&TODAY(),Q64:Q75,"") -> 0
A6: Week 2 | B6: 46030 | E6: =SUMIF(I81:I92,">=0",I81:I92) -> 0 | F6: =COUNT(I81:I92)*2 -> 0 | G6: =IF(F6=0,"",E6/F6) | H6: =IF(G6="","Not Started",IF(G6>=0.9,"Green",IF(G6>=0.75,"Amber","Red"))) -> Not Started | I6: =COUNTIFS(H81:H92,"Critical",I81:I92,"<2")+COUNTIFS(H81:H92,"High",I81:I92,"<2") -> 0 | J6: =COUNTIF(T81:T92,"In Progress")+COUNTIF(T81:T92,"Not Started") -> 0 | K6: =COUNTIFS(P81:P92,"<"&TODAY(),Q81:Q92,"") -> 0
A7: Week 3 | B7: 46037 | E7: =SUMIF(I98:I109,">=0",I98:I109) -> 0 | F7: =COUNT(I98:I109)*2 -> 0 | G7: =IF(F7=0,"",E7/F7) | H7: =IF(G7="","Not Started",IF(G7>=0.9,"Green",IF(G7>=0.75,"Amber","Red"))) -> Not Started | I7: =COUNTIFS(H98:H109,"Critical",I98:I109,"<2")+COUNTIFS(H98:H109,"High",I98:I109,"<2") -> 0 | J7: =COUNTIF(T98:T109,"In Progress")+COUNTIF(T98:T109,"Not Started") -> 0 | K7: =COUNTIFS(P98:P109,"<"&TODAY(),Q98:Q109,"") -> 0
A8: Week 4 | B8: 46044 | E8: =SUMIF(I115:I126,">=0",I115:I126) -> 0 | F8: =COUNT(I115:I126)*2 -> 0 | G8: =IF(F8=0,"",E8/F8) | H8: =IF(G8="","Not Started",IF(G8>=0.9,"Green",IF(G8>=0.75,"Amber","Red"))) -> Not Started | I8: =COUNTIFS(H115:H126,"Critical",I115:I126,"<2")+COUNTIFS(H115:H126,"High",I115:I126,"<2") -> 0 | J8: =COUNTIF(T115:T126,"In Progress")+COUNTIF(T115:T126,"Not Started") -> 0 | K8: =COUNTIFS(P115:P126,"<"&TODAY(),Q115:Q126,"") -> 0
A9: Week 5 | B9: 46051 | E9: =SUMIF(I132:I143,">=0",I132:I143) -> 0 | F9: =COUNT(I132:I143)*2 -> 0 | G9: =IF(F9=0,"",E9/F9) | H9: =IF(G9="","Not Started",IF(G9>=0.9,"Green",IF(G9>=0.75,"Amber","Red"))) -> Not Started | I9: =COUNTIFS(H132:H143,"Critical",I132:I143,"<2")+COUNTIFS(H132:H143,"High",I132:I143,"<2") -> 0 | J9: =COUNTIF(T132:T143,"In Progress")+COUNTIF(T132:T143,"Not Started") -> 0 | K9: =COUNTIFS(P132:P143,"<"&TODAY(),Q132:Q143,"") -> 0
A10: Week 6 | B10: 46058 | E10: =SUMIF(I149:I160,">=0",I149:I160) -> 0 | F10: =COUNT(I149:I160)*2 -> 0 | G10: =IF(F10=0,"",E10/F10) | H10: =IF(G10="","Not Started",IF(G10>=0.9,"Green",IF(G10>=0.75,"Amber","Red"))) -> Not Started | I10: =COUNTIFS(H149:H160,"Critical",I149:I160,"<2")+COUNTIFS(H149:H160,"High",I149:I160,"<2") -> 0 | J10: =COUNTIF(T149:T160,"In Progress")+COUNTIF(T149:T160,"Not Started") -> 0 | K10: =COUNTIFS(P149:P160,"<"&TODAY(),Q149:Q160,"") -> 0
A11: Week 7 | B11: 46065 | E11: =SUMIF(I166:I177,">=0",I166:I177) -> 0 | F11: =COUNT(I166:I177)*2 -> 0 | G11: =IF(F11=0,"",E11/F11) | H11: =IF(G11="","Not Started",IF(G11>=0.9,"Green",IF(G11>=0.75,"Amber","Red"))) -> Not Started | I11: =COUNTIFS(H166:H177,"Critical",I166:I177,"<2")+COUNTIFS(H166:H177,"High",I166:I177,"<2") -> 0 | J11: =COUNTIF(T166:T177,"In Progress")+COUNTIF(T166:T177,"Not Started") -> 0 | K11: =COUNTIFS(P166:P177,"<"&TODAY(),Q166:Q177,"") -> 0
A12: Week 8 | B12: 46072 | E12: =SUMIF(I183:I194,">=0",I183:I194) -> 0 | F12: =COUNT(I183:I194)*2 -> 0 | G12: =IF(F12=0,"",E12/F12) | H12: =IF(G12="","Not Started",IF(G12>=0.9,"Green",IF(G12>=0.75,"Amber","Red"))) -> Not Started | I12: =COUNTIFS(H183:H194,"Critical",I183:I194,"<2")+COUNTIFS(H183:H194,"High",I183:I194,"<2") -> 0 | J12: =COUNTIF(T183:T194,"In Progress")+COUNTIF(T183:T194,"Not Started") -> 0 | K12: =COUNTIFS(P183:P194,"<"&TODAY(),Q183:Q194,"") -> 0
A13: Week 9 | B13: 46079 | E13: =SUMIF(I200:I211,">=0",I200:I211) -> 0 | F13: =COUNT(I200:I211)*2 -> 0 | G13: =IF(F13=0,"",E13/F13) | H13: =IF(G13="","Not Started",IF(G13>=0.9,"Green",IF(G13>=0.75,"Amber","Red"))) -> Not Started | I13: =COUNTIFS(H200:H211,"Critical",I200:I211,"<2")+COUNTIFS(H200:H211,"High",I200:I211,"<2") -> 0 | J13: =COUNTIF(T200:T211,"In Progress")+COUNTIF(T200:T211,"Not Started") -> 0 | K13: =COUNTIFS(P200:P211,"<"&TODAY(),Q200:Q211,"") -> 0
A14: Week 10 | B14: 46086 | E14: =SUMIF(I217:I228,">=0",I217:I228) -> 0 | F14: =COUNT(I217:I228)*2 -> 0 | G14: =IF(F14=0,"",E14/F14) | H14: =IF(G14="","Not Started",IF(G14>=0.9,"Green",IF(G14>=0.75,"Amber","Red"))) -> Not Started | I14: =COUNTIFS(H217:H228,"Critical",I217:I228,"<2")+COUNTIFS(H217:H228,"High",I217:I228,"<2") -> 0 | J14: =COUNTIF(T217:T228,"In Progress")+COUNTIF(T217:T228,"Not Started") -> 0 | K14: =COUNTIFS(P217:P228,"<"&TODAY(),Q217:Q228,"") -> 0
A15: Week 11 | B15: 46093 | E15: =SUMIF(I234:I245,">=0",I234:I245) -> 0 | F15: =COUNT(I234:I245)*2 -> 0 | G15: =IF(F15=0,"",E15/F15) | H15: =IF(G15="","Not Started",IF(G15>=0.9,"Green",IF(G15>=0.75,"Amber","Red"))) -> Not Started | I15: =COUNTIFS(H234:H245,"Critical",I234:I245,"<2")+COUNTIFS(H234:H245,"High",I234:I245,"<2") -> 0 | J15: =COUNTIF(T234:T245,"In Progress")+COUNTIF(T234:T245,"Not Started") -> 0 | K15: =COUNTIFS(P234:P245,"<"&TODAY(),Q234:Q245,"") -> 0
A16: Week 12 | B16: 46100 | E16: =SUMIF(I251:I262,">=0",I251:I262) -> 0 | F16: =COUNT(I251:I262)*2 -> 0 | G16: =IF(F16=0,"",E16/F16) | H16: =IF(G16="","Not Started",IF(G16>=0.9,"Green",IF(G16>=0.75,"Amber","Red"))) -> Not Started | I16: =COUNTIFS(H251:H262,"Critical",I251:I262,"<2")+COUNTIFS(H251:H262,"High",I251:I262,"<2") -> 0 | J16: =COUNTIF(T251:T262,"In Progress")+COUNTIF(T251:T262,"Not Started") -> 0 | K16: =COUNTIFS(P251:P262,"<"&TODAY(),Q251:Q262,"") -> 0
A17: Week 13 | B17: 46107 | E17: =SUMIF(I268:I279,">=0",I268:I279) -> 0 | F17: =COUNT(I268:I279)*2 -> 0 | G17: =IF(F17=0,"",E17/F17) | H17: =IF(G17="","Not Started",IF(G17>=0.9,"Green",IF(G17>=0.75,"Amber","Red"))) -> Not Started | I17: =COUNTIFS(H268:H279,"Critical",I268:I279,"<2")+COUNTIFS(H268:H279,"High",I268:I279,"<2") -> 0 | J17: =COUNTIF(T268:T279,"In Progress")+COUNTIF(T268:T279,"Not Started") -> 0 | K17: =COUNTIFS(P268:P279,"<"&TODAY(),Q268:Q279,"") -> 0
A18: Week 14 | B18: 46114 | E18: =SUMIF(I285:I296,">=0",I285:I296) -> 0 | F18: =COUNT(I285:I296)*2 -> 0 | G18: =IF(F18=0,"",E18/F18) | H18: =IF(G18="","Not Started",IF(G18>=0.9,"Green",IF(G18>=0.75,"Amber","Red"))) -> Not Started | I18: =COUNTIFS(H285:H296,"Critical",I285:I296,"<2")+COUNTIFS(H285:H296,"High",I285:I296,"<2") -> 0 | J18: =COUNTIF(T285:T296,"In Progress")+COUNTIF(T285:T296,"Not Started") -> 0 | K18: =COUNTIFS(P285:P296,"<"&TODAY(),Q285:Q296,"") -> 0
A19: Week 15 | B19: 46121 | E19: =SUMIF(I302:I313,">=0",I302:I313) -> 0 | F19: =COUNT(I302:I313)*2 -> 0 | G19: =IF(F19=0,"",E19/F19) | H19: =IF(G19="","Not Started",IF(G19>=0.9,"Green",IF(G19>=0.75,"Amber","Red"))) -> Not Started | I19: =COUNTIFS(H302:H313,"Critical",I302:I313,"<2")+COUNTIFS(H302:H313,"High",I302:I313,"<2") -> 0 | J19: =COUNTIF(T302:T313,"In Progress")+COUNTIF(T302:T313,"Not Started") -> 0 | K19: =COUNTIFS(P302:P313,"<"&TODAY(),Q302:Q313,"") -> 0
A20: Week 16 | B20: 46128 | E20: =SUMIF(I319:I330,">=0",I319:I330) -> 0 | F20: =COUNT(I319:I330)*2 -> 0 | G20: =IF(F20=0,"",E20/F20) | H20: =IF(G20="","Not Started",IF(G20>=0.9,"Green",IF(G20>=0.75,"Amber","Red"))) -> Not Started | I20: =COUNTIFS(H319:H330,"Critical",I319:I330,"<2")+COUNTIFS(H319:H330,"High",I319:I330,"<2") -> 0 | J20: =COUNTIF(T319:T330,"In Progress")+COUNTIF(T319:T330,"Not Started") -> 0 | K20: =COUNTIFS(P319:P330,"<"&TODAY(),Q319:Q330,"") -> 0
A21: Week 17 | B21: 46135 | E21: =SUMIF(I336:I347,">=0",I336:I347) -> 0 | F21: =COUNT(I336:I347)*2 -> 0 | G21: =IF(F21=0,"",E21/F21) | H21: =IF(G21="","Not Started",IF(G21>=0.9,"Green",IF(G21>=0.75,"Amber","Red"))) -> Not Started | I21: =COUNTIFS(H336:H347,"Critical",I336:I347,"<2")+COUNTIFS(H336:H347,"High",I336:I347,"<2") -> 0 | J21: =COUNTIF(T336:T347,"In Progress")+COUNTIF(T336:T347,"Not Started") -> 0 | K21: =COUNTIFS(P336:P347,"<"&TODAY(),Q336:Q347,"") -> 0
A22: Week 18 | B22: 46142 | E22: =SUMIF(I353:I364,">=0",I353:I364) -> 0 | F22: =COUNT(I353:I364)*2 -> 0 | G22: =IF(F22=0,"",E22/F22) | H22: =IF(G22="","Not Started",IF(G22>=0.9,"Green",IF(G22>=0.75,"Amber","Red"))) -> Not Started | I22: =COUNTIFS(H353:H364,"Critical",I353:I364,"<2")+COUNTIFS(H353:H364,"High",I353:I364,"<2") -> 0 | J22: =COUNTIF(T353:T364,"In Progress")+COUNTIF(T353:T364,"Not Started") -> 0 | K22: =COUNTIFS(P353:P364,"<"&TODAY(),Q353:Q364,"") -> 0
A23: Week 19 | B23: 46149 | E23: =SUMIF(I370:I381,">=0",I370:I381) -> 0 | F23: =COUNT(I370:I381)*2 -> 0 | G23: =IF(F23=0,"",E23/F23) | H23: =IF(G23="","Not Started",IF(G23>=0.9,"Green",IF(G23>=0.75,"Amber","Red"))) -> Not Started | I23: =COUNTIFS(H370:H381,"Critical",I370:I381,"<2")+COUNTIFS(H370:H381,"High",I370:I381,"<2") -> 0 | J23: =COUNTIF(T370:T381,"In Progress")+COUNTIF(T370:T381,"Not Started") -> 0 | K23: =COUNTIFS(P370:P381,"<"&TODAY(),Q370:Q381,"") -> 0
A24: Week 20 | B24: 46156 | E24: =SUMIF(I387:I398,">=0",I387:I398) -> 0 | F24: =COUNT(I387:I398)*2 -> 0 | G24: =IF(F24=0,"",E24/F24) | H24: =IF(G24="","Not Started",IF(G24>=0.9,"Green",IF(G24>=0.75,"Amber","Red"))) -> Not Started | I24: =COUNTIFS(H387:H398,"Critical",I387:I398,"<2")+COUNTIFS(H387:H398,"High",I387:I398,"<2") -> 0 | J24: =COUNTIF(T387:T398,"In Progress")+COUNTIF(T387:T398,"Not Started") -> 0 | K24: =COUNTIFS(P387:P398,"<"&TODAY(),Q387:Q398,"") -> 0
A25: Week 21 | B25: 46163 | E25: =SUMIF(I404:I415,">=0",I404:I415) -> 0 | F25: =COUNT(I404:I415)*2 -> 0 | G25: =IF(F25=0,"",E25/F25) | H25: =IF(G25="","Not Started",IF(G25>=0.9,"Green",IF(G25>=0.75,"Amber","Red"))) -> Not Started | I25: =COUNTIFS(H404:H415,"Critical",I404:I415,"<2")+COUNTIFS(H404:H415,"High",I404:I415,"<2") -> 0 | J25: =COUNTIF(T404:T415,"In Progress")+COUNTIF(T404:T415,"Not Started") -> 0 | K25: =COUNTIFS(P404:P415,"<"&TODAY(),Q404:Q415,"") -> 0
A26: Week 22 | B26: 46170 | E26: =SUMIF(I421:I432,">=0",I421:I432) -> 0 | F26: =COUNT(I421:I432)*2 -> 0 | G26: =IF(F26=0,"",E26/F26) | H26: =IF(G26="","Not Started",IF(G26>=0.9,"Green",IF(G26>=0.75,"Amber","Red"))) -> Not Started | I26: =COUNTIFS(H421:H432,"Critical",I421:I432,"<2")+COUNTIFS(H421:H432,"High",I421:I432,"<2") -> 0 | J26: =COUNTIF(T421:T432,"In Progress")+COUNTIF(T421:T432,"Not Started") -> 0 | K26: =COUNTIFS(P421:P432,"<"&TODAY(),Q421:Q432,"") -> 0
A27: Week 23 | B27: 46177 | E27: =SUMIF(I438:I449,">=0",I438:I449) -> 0 | F27: =COUNT(I438:I449)*2 -> 0 | G27: =IF(F27=0,"",E27/F27) | H27: =IF(G27="","Not Started",IF(G27>=0.9,"Green",IF(G27>=0.75,"Amber","Red"))) -> Not Started | I27: =COUNTIFS(H438:H449,"Critical",I438:I449,"<2")+COUNTIFS(H438:H449,"High",I438:I449,"<2") -> 0 | J27: =COUNTIF(T438:T449,"In Progress")+COUNTIF(T438:T449,"Not Started") -> 0 | K27: =COUNTIFS(P438:P449,"<"&TODAY(),Q438:Q449,"") -> 0
A28: Week 24 | B28: 46184 | E28: =SUMIF(I455:I466,">=0",I455:I466) -> 0 | F28: =COUNT(I455:I466)*2 -> 0 | G28: =IF(F28=0,"",E28/F28) | H28: =IF(G28="","Not Started",IF(G28>=0.9,"Green",IF(G28>=0.75,"Amber","Red"))) -> Not Started | I28: =COUNTIFS(H455:H466,"Critical",I455:I466,"<2")+COUNTIFS(H455:H466,"High",I455:I466,"<2") -> 0 | J28: =COUNTIF(T455:T466,"In Progress")+COUNTIF(T455:T466,"Not Started") -> 0 | K28: =COUNTIFS(P455:P466,"<"&TODAY(),Q455:Q466,"") -> 0
A29: Week 25 | B29: 46191 | E29: =SUMIF(I472:I483,">=0",I472:I483) -> 0 | F29: =COUNT(I472:I483)*2 -> 0 | G29: =IF(F29=0,"",E29/F29) | H29: =IF(G29="","Not Started",IF(G29>=0.9,"Green",IF(G29>=0.75,"Amber","Red"))) -> Not Started | I29: =COUNTIFS(H472:H483,"Critical",I472:I483,"<2")+COUNTIFS(H472:H483,"High",I472:I483,"<2") -> 0 | J29: =COUNTIF(T472:T483,"In Progress")+COUNTIF(T472:T483,"Not Started") -> 0 | K29: =COUNTIFS(P472:P483,"<"&TODAY(),Q472:Q483,"") -> 0
A30: Week 26 | B30: 46198 | E30: =SUMIF(I489:I500,">=0",I489:I500) -> 0 | F30: =COUNT(I489:I500)*2 -> 0 | G30: =IF(F30=0,"",E30/F30) | H30: =IF(G30="","Not Started",IF(G30>=0.9,"Green",IF(G30>=0.75,"Amber","Red"))) -> Not Started | I30: =COUNTIFS(H489:H500,"Critical",I489:I500,"<2")+COUNTIFS(H489:H500,"High",I489:I500,"<2") -> 0 | J30: =COUNTIF(T489:T500,"In Progress")+COUNTIF(T489:T500,"Not Started") -> 0 | K30: =COUNTIFS(P489:P500,"<"&TODAY(),Q489:Q500,"") -> 0
A31: Week 27 | B31: 46205 | E31: =SUMIF(I506:I517,">=0",I506:I517) -> 0 | F31: =COUNT(I506:I517)*2 -> 0 | G31: =IF(F31=0,"",E31/F31) | H31: =IF(G31="","Not Started",IF(G31>=0.9,"Green",IF(G31>=0.75,"Amber","Red"))) -> Not Started | I31: =COUNTIFS(H506:H517,"Critical",I506:I517,"<2")+COUNTIFS(H506:H517,"High",I506:I517,"<2") -> 0 | J31: =COUNTIF(T506:T517,"In Progress")+COUNTIF(T506:T517,"Not Started") -> 0 | K31: =COUNTIFS(P506:P517,"<"&TODAY(),Q506:Q517,"") -> 0
A32: Week 28 | B32: 46212 | E32: =SUMIF(I523:I534,">=0",I523:I534) -> 0 | F32: =COUNT(I523:I534)*2 -> 0 | G32: =IF(F32=0,"",E32/F32) | H32: =IF(G32="","Not Started",IF(G32>=0.9,"Green",IF(G32>=0.75,"Amber","Red"))) -> Not Started | I32: =COUNTIFS(H523:H534,"Critical",I523:I534,"<2")+COUNTIFS(H523:H534,"High",I523:I534,"<2") -> 0 | J32: =COUNTIF(T523:T534,"In Progress")+COUNTIF(T523:T534,"Not Started") -> 0 | K32: =COUNTIFS(P523:P534,"<"&TODAY(),Q523:Q534,"") -> 0
A33: Week 29 | B33: 46219 | E33: =SUMIF(I540:I551,">=0",I540:I551) -> 0 | F33: =COUNT(I540:I551)*2 -> 0 | G33: =IF(F33=0,"",E33/F33) | H33: =IF(G33="","Not Started",IF(G33>=0.9,"Green",IF(G33>=0.75,"Amber","Red"))) -> Not Started | I33: =COUNTIFS(H540:H551,"Critical",I540:I551,"<2")+COUNTIFS(H540:H551,"High",I540:I551,"<2") -> 0 | J33: =COUNTIF(T540:T551,"In Progress")+COUNTIF(T540:T551,"Not Started") -> 0 | K33: =COUNTIFS(P540:P551,"<"&TODAY(),Q540:Q551,"") -> 0
A34: Week 30 | B34: 46226 | E34: =SUMIF(I557:I568,">=0",I557:I568) -> 0 | F34: =COUNT(I557:I568)*2 -> 0 | G34: =IF(F34=0,"",E34/F34) | H34: =IF(G34="","Not Started",IF(G34>=0.9,"Green",IF(G34>=0.75,"Amber","Red"))) -> Not Started | I34: =COUNTIFS(H557:H568,"Critical",I557:I568,"<2")+COUNTIFS(H557:H568,"High",I557:I568,"<2") -> 0 | J34: =COUNTIF(T557:T568,"In Progress")+COUNTIF(T557:T568,"Not Started") -> 0 | K34: =COUNTIFS(P557:P568,"<"&TODAY(),Q557:Q568,"") -> 0
A35: Week 31 | B35: 46233 | E35: =SUMIF(I574:I585,">=0",I574:I585) -> 0 | F35: =COUNT(I574:I585)*2 -> 0 | G35: =IF(F35=0,"",E35/F35) | H35: =IF(G35="","Not Started",IF(G35>=0.9,"Green",IF(G35>=0.75,"Amber","Red"))) -> Not Started | I35: =COUNTIFS(H574:H585,"Critical",I574:I585,"<2")+COUNTIFS(H574:H585,"High",I574:I585,"<2") -> 0 | J35: =COUNTIF(T574:T585,"In Progress")+COUNTIF(T574:T585,"Not Started") -> 0 | K35: =COUNTIFS(P574:P585,"<"&TODAY(),Q574:Q585,"") -> 0
A36: Week 32 | B36: 46240 | E36: =SUMIF(I591:I602,">=0",I591:I602) -> 0 | F36: =COUNT(I591:I602)*2 -> 0 | G36: =IF(F36=0,"",E36/F36) | H36: =IF(G36="","Not Started",IF(G36>=0.9,"Green",IF(G36>=0.75,"Amber","Red"))) -> Not Started | I36: =COUNTIFS(H591:H602,"Critical",I591:I602,"<2")+COUNTIFS(H591:H602,"High",I591:I602,"<2") -> 0 | J36: =COUNTIF(T591:T602,"In Progress")+COUNTIF(T591:T602,"Not Started") -> 0 | K36: =COUNTIFS(P591:P602,"<"&TODAY(),Q591:Q602,"") -> 0
A37: Week 33 | B37: 46247 | E37: =SUMIF(I608:I619,">=0",I608:I619) -> 0 | F37: =COUNT(I608:I619)*2 -> 0 | G37: =IF(F37=0,"",E37/F37) | H37: =IF(G37="","Not Started",IF(G37>=0.9,"Green",IF(G37>=0.75,"Amber","Red"))) -> Not Started | I37: =COUNTIFS(H608:H619,"Critical",I608:I619,"<2")+COUNTIFS(H608:H619,"High",I608:I619,"<2") -> 0 | J37: =COUNTIF(T608:T619,"In Progress")+COUNTIF(T608:T619,"Not Started") -> 0 | K37: =COUNTIFS(P608:P619,"<"&TODAY(),Q608:Q619,"") -> 0
A38: Week 34 | B38: 46254 | E38: =SUMIF(I625:I636,">=0",I625:I636) -> 0 | F38: =COUNT(I625:I636)*2 -> 0 | G38: =IF(F38=0,"",E38/F38) | H38: =IF(G38="","Not Started",IF(G38>=0.9,"Green",IF(G38>=0.75,"Amber","Red"))) -> Not Started | I38: =COUNTIFS(H625:H636,"Critical",I625:I636,"<2")+COUNTIFS(H625:H636,"High",I625:I636,"<2") -> 0 | J38: =COUNTIF(T625:T636,"In Progress")+COUNTIF(T625:T636,"Not Started") -> 0 | K38: =COUNTIFS(P625:P636,"<"&TODAY(),Q625:Q636,"") -> 0
A39: Week 35 | B39: 46261 | E39: =SUMIF(I642:I653,">=0",I642:I653) -> 0 | F39: =COUNT(I642:I653)*2 -> 0 | G39: =IF(F39=0,"",E39/F39) | H39: =IF(G39="","Not Started",IF(G39>=0.9,"Green",IF(G39>=0.75,"Amber","Red"))) -> Not Started | I39: =COUNTIFS(H642:H653,"Critical",I642:I653,"<2")+COUNTIFS(H642:H653,"High",I642:I653,"<2") -> 0 | J39: =COUNTIF(T642:T653,"In Progress")+COUNTIF(T642:T653,"Not Started") -> 0 | K39: =COUNTIFS(P642:P653,"<"&TODAY(),Q642:Q653,"") -> 0
A40: Week 36 | B40: 46268 | E40: =SUMIF(I659:I670,">=0",I659:I670) -> 0 | F40: =COUNT(I659:I670)*2 -> 0 | G40: =IF(F40=0,"",E40/F40) | H40: =IF(G40="","Not Started",IF(G40>=0.9,"Green",IF(G40>=0.75,"Amber","Red"))) -> Not Started | I40: =COUNTIFS(H659:H670,"Critical",I659:I670,"<2")+COUNTIFS(H659:H670,"High",I659:I670,"<2") -> 0 | J40: =COUNTIF(T659:T670,"In Progress")+COUNTIF(T659:T670,"Not Started") -> 0 | K40: =COUNTIFS(P659:P670,"<"&TODAY(),Q659:Q670,"") -> 0
A41: Week 37 | B41: 46275 | E41: =SUMIF(I676:I687,">=0",I676:I687) -> 0 | F41: =COUNT(I676:I687)*2 -> 0 | G41: =IF(F41=0,"",E41/F41) | H41: =IF(G41="","Not Started",IF(G41>=0.9,"Green",IF(G41>=0.75,"Amber","Red"))) -> Not Started | I41: =COUNTIFS(H676:H687,"Critical",I676:I687,"<2")+COUNTIFS(H676:H687,"High",I676:I687,"<2") -> 0 | J41: =COUNTIF(T676:T687,"In Progress")+COUNTIF(T676:T687,"Not Started") -> 0 | K41: =COUNTIFS(P676:P687,"<"&TODAY(),Q676:Q687,"") -> 0
A42: Week 38 | B42: 46282 | E42: =SUMIF(I693:I704,">=0",I693:I704) -> 0 | F42: =COUNT(I693:I704)*2 -> 0 | G42: =IF(F42=0,"",E42/F42) | H42: =IF(G42="","Not Started",IF(G42>=0.9,"Green",IF(G42>=0.75,"Amber","Red"))) -> Not Started | I42: =COUNTIFS(H693:H704,"Critical",I693:I704,"<2")+COUNTIFS(H693:H704,"High",I693:I704,"<2") -> 0 | J42: =COUNTIF(T693:T704,"In Progress")+COUNTIF(T693:T704,"Not Started") -> 0 | K42: =COUNTIFS(P693:P704,"<"&TODAY(),Q693:Q704,"") -> 0
A43: Week 39 | B43: 46289 | E43: =SUMIF(I710:I721,">=0",I710:I721) -> 0 | F43: =COUNT(I710:I721)*2 -> 0 | G43: =IF(F43=0,"",E43/F43) | H43: =IF(G43="","Not Started",IF(G43>=0.9,"Green",IF(G43>=0.75,"Amber","Red"))) -> Not Started | I43: =COUNTIFS(H710:H721,"Critical",I710:I721,"<2")+COUNTIFS(H710:H721,"High",I710:I721,"<2") -> 0 | J43: =COUNTIF(T710:T721,"In Progress")+COUNTIF(T710:T721,"Not Started") -> 0 | K43: =COUNTIFS(P710:P721,"<"&TODAY(),Q710:Q721,"") -> 0
A44: Week 40 | B44: 46296 | E44: =SUMIF(I727:I738,">=0",I727:I738) -> 0 | F44: =COUNT(I727:I738)*2 -> 0 | G44: =IF(F44=0,"",E44/F44) | H44: =IF(G44="","Not Started",IF(G44>=0.9,"Green",IF(G44>=0.75,"Amber","Red"))) -> Not Started | I44: =COUNTIFS(H727:H738,"Critical",I727:I738,"<2")+COUNTIFS(H727:H738,"High",I727:I738,"<2") -> 0 | J44: =COUNTIF(T727:T738,"In Progress")+COUNTIF(T727:T738,"Not Started") -> 0 | K44: =COUNTIFS(P727:P738,"<"&TODAY(),Q727:Q738,"") -> 0
A45: Week 41 | B45: 46303 | E45: =SUMIF(I744:I755,">=0",I744:I755) -> 0 | F45: =COUNT(I744:I755)*2 -> 0 | G45: =IF(F45=0,"",E45/F45) | H45: =IF(G45="","Not Started",IF(G45>=0.9,"Green",IF(G45>=0.75,"Amber","Red"))) -> Not Started | I45: =COUNTIFS(H744:H755,"Critical",I744:I755,"<2")+COUNTIFS(H744:H755,"High",I744:I755,"<2") -> 0 | J45: =COUNTIF(T744:T755,"In Progress")+COUNTIF(T744:T755,"Not Started") -> 0 | K45: =COUNTIFS(P744:P755,"<"&TODAY(),Q744:Q755,"") -> 0
A46: Week 42 | B46: 46310 | E46: =SUMIF(I761:I772,">=0",I761:I772) -> 0 | F46: =COUNT(I761:I772)*2 -> 0 | G46: =IF(F46=0,"",E46/F46) | H46: =IF(G46="","Not Started",IF(G46>=0.9,"Green",IF(G46>=0.75,"Amber","Red"))) -> Not Started | I46: =COUNTIFS(H761:H772,"Critical",I761:I772,"<2")+COUNTIFS(H761:H772,"High",I761:I772,"<2") -> 0 | J46: =COUNTIF(T761:T772,"In Progress")+COUNTIF(T761:T772,"Not Started") -> 0 | K46: =COUNTIFS(P761:P772,"<"&TODAY(),Q761:Q772,"") -> 0
A47: Week 43 | B47: 46317 | E47: =SUMIF(I778:I789,">=0",I778:I789) -> 0 | F47: =COUNT(I778:I789)*2 -> 0 | G47: =IF(F47=0,"",E47/F47) | H47: =IF(G47="","Not Started",IF(G47>=0.9,"Green",IF(G47>=0.75,"Amber","Red"))) -> Not Started | I47: =COUNTIFS(H778:H789,"Critical",I778:I789,"<2")+COUNTIFS(H778:H789,"High",I778:I789,"<2") -> 0 | J47: =COUNTIF(T778:T789,"In Progress")+COUNTIF(T778:T789,"Not Started") -> 0 | K47: =COUNTIFS(P778:P789,"<"&TODAY(),Q778:Q789,"") -> 0
A48: Week 44 | B48: 46324 | E48: =SUMIF(I795:I806,">=0",I795:I806) -> 0 | F48: =COUNT(I795:I806)*2 -> 0 | G48: =IF(F48=0,"",E48/F48) | H48: =IF(G48="","Not Started",IF(G48>=0.9,"Green",IF(G48>=0.75,"Amber","Red"))) -> Not Started | I48: =COUNTIFS(H795:H806,"Critical",I795:I806,"<2")+COUNTIFS(H795:H806,"High",I795:I806,"<2") -> 0 | J48: =COUNTIF(T795:T806,"In Progress")+COUNTIF(T795:T806,"Not Started") -> 0 | K48: =COUNTIFS(P795:P806,"<"&TODAY(),Q795:Q806,"") -> 0
A49: Week 45 | B49: 46331 | E49: =SUMIF(I812:I823,">=0",I812:I823) -> 0 | F49: =COUNT(I812:I823)*2 -> 0 | G49: =IF(F49=0,"",E49/F49) | H49: =IF(G49="","Not Started",IF(G49>=0.9,"Green",IF(G49>=0.75,"Amber","Red"))) -> Not Started | I49: =COUNTIFS(H812:H823,"Critical",I812:I823,"<2")+COUNTIFS(H812:H823,"High",I812:I823,"<2") -> 0 | J49: =COUNTIF(T812:T823,"In Progress")+COUNTIF(T812:T823,"Not Started") -> 0 | K49: =COUNTIFS(P812:P823,"<"&TODAY(),Q812:Q823,"") -> 0
A50: Week 46 | B50: 46338 | E50: =SUMIF(I829:I840,">=0",I829:I840) -> 0 | F50: =COUNT(I829:I840)*2 -> 0 | G50: =IF(F50=0,"",E50/F50) | H50: =IF(G50="","Not Started",IF(G50>=0.9,"Green",IF(G50>=0.75,"Amber","Red"))) -> Not Started | I50: =COUNTIFS(H829:H840,"Critical",I829:I840,"<2")+COUNTIFS(H829:H840,"High",I829:I840,"<2") -> 0 | J50: =COUNTIF(T829:T840,"In Progress")+COUNTIF(T829:T840,"Not Started") -> 0 | K50: =COUNTIFS(P829:P840,"<"&TODAY(),Q829:Q840,"") -> 0
A51: Week 47 | B51: 46345 | E51: =SUMIF(I846:I857,">=0",I846:I857) -> 0 | F51: =COUNT(I846:I857)*2 -> 0 | G51: =IF(F51=0,"",E51/F51) | H51: =IF(G51="","Not Started",IF(G51>=0.9,"Green",IF(G51>=0.75,"Amber","Red"))) -> Not Started | I51: =COUNTIFS(H846:H857,"Critical",I846:I857,"<2")+COUNTIFS(H846:H857,"High",I846:I857,"<2") -> 0 | J51: =COUNTIF(T846:T857,"In Progress")+COUNTIF(T846:T857,"Not Started") -> 0 | K51: =COUNTIFS(P846:P857,"<"&TODAY(),Q846:Q857,"") -> 0
A52: Week 48 | B52: 46352 | E52: =SUMIF(I863:I874,">=0",I863:I874) -> 0 | F52: =COUNT(I863:I874)*2 -> 0 | G52: =IF(F52=0,"",E52/F52) | H52: =IF(G52="","Not Started",IF(G52>=0.9,"Green",IF(G52>=0.75,"Amber","Red"))) -> Not Started | I52: =COUNTIFS(H863:H874,"Critical",I863:I874,"<2")+COUNTIFS(H863:H874,"High",I863:I874,"<2") -> 0 | J52: =COUNTIF(T863:T874,"In Progress")+COUNTIF(T863:T874,"Not Started") -> 0 | K52: =COUNTIFS(P863:P874,"<"&TODAY(),Q863:Q874,"") -> 0
A53: Week 49 | B53: 46359 | E53: =SUMIF(I880:I891,">=0",I880:I891) -> 0 | F53: =COUNT(I880:I891)*2 -> 0 | G53: =IF(F53=0,"",E53/F53) | H53: =IF(G53="","Not Started",IF(G53>=0.9,"Green",IF(G53>=0.75,"Amber","Red"))) -> Not Started | I53: =COUNTIFS(H880:H891,"Critical",I880:I891,"<2")+COUNTIFS(H880:H891,"High",I880:I891,"<2") -> 0 | J53: =COUNTIF(T880:T891,"In Progress")+COUNTIF(T880:T891,"Not Started") -> 0 | K53: =COUNTIFS(P880:P891,"<"&TODAY(),Q880:Q891,"") -> 0
A54: Week 50 | B54: 46366 | E54: =SUMIF(I897:I908,">=0",I897:I908) -> 0 | F54: =COUNT(I897:I908)*2 -> 0 | G54: =IF(F54=0,"",E54/F54) | H54: =IF(G54="","Not Started",IF(G54>=0.9,"Green",IF(G54>=0.75,"Amber","Red"))) -> Not Started | I54: =COUNTIFS(H897:H908,"Critical",I897:I908,"<2")+COUNTIFS(H897:H908,"High",I897:I908,"<2") -> 0 | J54: =COUNTIF(T897:T908,"In Progress")+COUNTIF(T897:T908,"Not Started") -> 0 | K54: =COUNTIFS(P897:P908,"<"&TODAY(),Q897:Q908,"") -> 0
A55: Week 51 | B55: 46373 | E55: =SUMIF(I914:I925,">=0",I914:I925) -> 0 | F55: =COUNT(I914:I925)*2 -> 0 | G55: =IF(F55=0,"",E55/F55) | H55: =IF(G55="","Not Started",IF(G55>=0.9,"Green",IF(G55>=0.75,"Amber","Red"))) -> Not Started | I55: =COUNTIFS(H914:H925,"Critical",I914:I925,"<2")+COUNTIFS(H914:H925,"High",I914:I925,"<2") -> 0 | J55: =COUNTIF(T914:T925,"In Progress")+COUNTIF(T914:T925,"Not Started") -> 0 | K55: =COUNTIFS(P914:P925,"<"&TODAY(),Q914:Q925,"") -> 0
A56: Week 52 | B56: 46380 | E56: =SUMIF(I931:I942,">=0",I931:I942) -> 0 | F56: =COUNT(I931:I942)*2 -> 0 | G56: =IF(F56=0,"",E56/F56) | H56: =IF(G56="","Not Started",IF(G56>=0.9,"Green",IF(G56>=0.75,"Amber","Red"))) -> Not Started | I56: =COUNTIFS(H931:H942,"Critical",I931:I942,"<2")+COUNTIFS(H931:H942,"High",I931:I942,"<2") -> 0 | J56: =COUNTIF(T931:T942,"In Progress")+COUNTIF(T931:T942,"Not Started") -> 0 | K56: =COUNTIFS(P931:P942,"<"&TODAY(),Q931:Q942,"") -> 0
A61: Week 1 – Water & Legionella Audit Evidence Section
A62: Audit period: | B62: Week 1 | C62: Auditor: | E62: Audit date:
A63: No. | B63: Section | C63: Detailed Audit Question | D63: Evidence Required | E63: Audit Method | F63: CQC Regulation | G63: Quality Statement | H63: Risk Weighting | I63: Score 0/1/2/NA | J63: Evidence Seen / Reference | K63: Finding / Observation | L63: Root Cause / 5 Whys | M63: Immediate Action | N63: Corrective / Preventative Action | O63: Responsible Person | P63: Due Date | Q63: Completion Date | R63: Verified By | S63: Re-audit Required | T63: Status | U63: RAG
A64: 1 | B64: Governance | C64: Legionella risk assessment is current and actions are tracked. | D64: Risk assessment/action plan | E64: Record review | F64: Reg 12,15,17 | G64: Safe environments | H64: Critical | U64: =IF(I64="","",IF(I64="NA","Grey",IF(I64=2,"Green",IF(I64=1,"Amber","Red"))))
A65: 2 | B65: Temperature | C65: Hot and cold water temperatures are recorded and in range. | D65: Temperature log | E65: Record review | F65: Reg 12,15 | G65: Safe environments | H65: Critical | U65: =IF(I65="","",IF(I65="NA","Grey",IF(I65=2,"Green",IF(I65=1,"Amber","Red"))))
A66: 3 | B66: Temperature | C66: Out-of-range readings show immediate escalation/action. | D66: Escalation record | E66: Record review | F66: Reg 12,17 | G66: Safe systems | H66: Critical | U66: =IF(I66="","",IF(I66="NA","Grey",IF(I66=2,"Green",IF(I66=1,"Amber","Red"))))
A67: 4 | B67: Sentinel Outlets | C67: Sentinel outlets are identified and monitored. | D67: Schematic/log | E67: Record review | F67: Reg 15 | G67: Safe environments | H67: High | U67: =IF(I67="","",IF(I67="NA","Grey",IF(I67=2,"Green",IF(I67=1,"Amber","Red"))))
A68: 5 | B68: Flushing | C68: Low-use outlets are flushed and recorded. | D68: Flushing log | E68: Record review | F68: Reg 12,15 | G68: Safe environments | H68: High | U68: =IF(I68="","",IF(I68="NA","Grey",IF(I68=2,"Green",IF(I68=1,"Amber","Red"))))
A69: 6 | B69: TMV | C69: TMVs are serviced and scald risk considered. | D69: TMV service/risk assessment | E69: Record review | F69: Reg 12,15 | G69: Safe environments | H69: High | U69: =IF(I69="","",IF(I69="NA","Grey",IF(I69=2,"Green",IF(I69=1,"Amber","Red"))))
A70: 7 | B70: Showers | C70: Shower heads/hoses are cleaned/descaled. | D70: Cleaning/descale log | E70: Record review | F70: Reg 12,15 | G70: Safe environments | H70: High | U70: =IF(I70="","",IF(I70="NA","Grey",IF(I70=2,"Green",IF(I70=1,"Amber","Red"))))
A71: 8 | B71: Contractors | C71: Contractor reports are reviewed and actions signed off. | D71: Contractor report | E71: Record review | F71: Reg 17 | G71: Good governance | H71: High | U71: =IF(I71="","",IF(I71="NA","Grey",IF(I71=2,"Green",IF(I71=1,"Amber","Red"))))
A72: 9 | B72: Governance | C72: Previous audit actions have been reviewed and closed only with evidence. | D72: Previous audit/action tracker | E72: Record review | F72: Reg 17 | G72: Good governance | H72: High | U72: =IF(I72="","",IF(I72="NA","Grey",IF(I72=2,"Green",IF(I72=1,"Amber","Red"))))
A73: 10 | B73: Governance | C73: Repeated issues have RCA/5 Whys and preventative action, not just corrective action. | D73: RCA/action tracker | E73: Record review | F73: Reg 17 | G73: Learning and improvement | H73: High | U73: =IF(I73="","",IF(I73="NA","Grey",IF(I73=2,"Green",IF(I73=1,"Amber","Red"))))
A74: 11 | B74: Evidence | C74: Evidence reference is specific enough for CQC to locate the document, record or photo. | D74: Evidence reference | E74: Record review | F74: Reg 17 | G74: Good governance | H74: Medium | U74: =IF(I74="","",IF(I74="NA","Grey",IF(I74=2,"Green",IF(I74=1,"Amber","Red"))))
A75: 12 | B75: Manager Verification | C75: Manager has verified practice, not only paperwork. | D75: Manager observation/sign-off | E75: Observation/records | F75: Reg 17 | G75: Good governance | H75: High | U75: =IF(I75="","",IF(I75="NA","Grey",IF(I75=2,"Green",IF(I75=1,"Amber","Red"))))
A77: Manager summary / lessons learned
A78: Week 2 – Water & Legionella Audit Evidence Section
A79: Audit period: | B79: Week 2 | C79: Auditor: | E79: Audit date:
A80: No. | B80: Section | C80: Detailed Audit Question | D80: Evidence Required | E80: Audit Method | F80: CQC Regulation | G80: Quality Statement | H80: Risk Weighting | I80: Score 0/1/2/NA | J80: Evidence Seen / Reference | K80: Finding / Observation | L80: Root Cause / 5 Whys | M80: Immediate Action | N80: Corrective / Preventative Action | O80: Responsible Person | P80: Due Date | Q80: Completion Date | R80: Verified By | S80: Re-audit Required | T80: Status | U80: RAG
A81: 1 | B81: Governance | C81: Legionella risk assessment is current and actions are tracked. | D81: Risk assessment/action plan | E81: Record review | F81: Reg 12,15,17 | G81: Safe environments | H81: Critical | U81: =IF(I81="","",IF(I81="NA","Grey",IF(I81=2,"Green",IF(I81=1,"Amber","Red"))))
A82: 2 | B82: Temperature | C82: Hot and cold water temperatures are recorded and in range. | D82: Temperature log | E82: Record review | F82: Reg 12,15 | G82: Safe environments | H82: Critical | U82: =IF(I82="","",IF(I82="NA","Grey",IF(I82=2,"Green",IF(I82=1,"Amber","Red"))))
A83: 3 | B83: Temperature | C83: Out-of-range readings show immediate escalation/action. | D83: Escalation record | E83: Record review | F83: Reg 12,17 | G83: Safe systems | H83: Critical | U83: =IF(I83="","",IF(I83="NA","Grey",IF(I83=2,"Green",IF(I83=1,"Amber","Red"))))
A84: 4 | B84: Sentinel Outlets | C84: Sentinel outlets are identified and monitored. | D84: Schematic/log | E84: Record review | F84: Reg 15 | G84: Safe environments | H84: High | U84: =IF(I84="","",IF(I84="NA","Grey",IF(I84=2,"Green",IF(I84=1,"Amber","Red"))))
A85: 5 | B85: Flushing | C85: Low-use outlets are flushed and recorded. | D85: Flushing log | E85: Record review | F85: Reg 12,15 | G85: Safe environments | H85: High | U85: =IF(I85="","",IF(I85="NA","Grey",IF(I85=2,"Green",IF(I85=1,"Amber","Red"))))
A86: 6 | B86: TMV | C86: TMVs are serviced and scald risk considered. | D86: TMV service/risk assessment | E86: Record review | F86: Reg 12,15 | G86: Safe environments | H86: High | U86: =IF(I86="","",IF(I86="NA","Grey",IF(I86=2,"Green",IF(I86=1,"Amber","Red"))))
A87: 7 | B87: Showers | C87: Shower heads/hoses are cleaned/descaled. | D87: Cleaning/descale log | E87: Record review | F87: Reg 12,15 | G87: Safe environments | H87: High | U87: =IF(I87="","",IF(I87="NA","Grey",IF(I87=2,"Green",IF(I87=1,"Amber","Red"))))
A88: 8 | B88: Contractors | C88: Contractor reports are reviewed and actions signed off. | D88: Contractor report | E88: Record review | F88: Reg 17 | G88: Good governance | H88: High | U88: =IF(I88="","",IF(I88="NA","Grey",IF(I88=2,"Green",IF(I88=1,"Amber","Red"))))
A89: 9 | B89: Governance | C89: Previous audit actions have been reviewed and closed only with evidence. | D89: Previous audit/action tracker | E89: Record review | F89: Reg 17 | G89: Good governance | H89: High | U89: =IF(I89="","",IF(I89="NA","Grey",IF(I89=2,"Green",IF(I89=1,"Amber","Red"))))
A90: 10 | B90: Governance | C90: Repeated issues have RCA/5 Whys and preventative action, not just corrective action. | D90: RCA/action tracker | E90: Record review | F90: Reg 17 | G90: Learning and improvement | H90: High | U90: =IF(I90="","",IF(I90="NA","Grey",IF(I90=2,"Green",IF(I90=1,"Amber","Red"))))
A91: 11 | B91: Evidence | C91: Evidence reference is specific enough for CQC to locate the document, record or photo. | D91: Evidence reference | E91: Record review | F91: Reg 17 | G91: Good governance | H91: Medium | U91: =IF(I91="","",IF(I91="NA","Grey",IF(I91=2,"Green",IF(I91=1,"Amber","Red"))))
A92: 12 | B92: Manager Verification | C92: Manager has verified practice, not only paperwork. | D92: Manager observation/sign-off | E92: Observation/records | F92: Reg 17 | G92: Good governance | H92: High | U92: =IF(I92="","",IF(I92="NA","Grey",IF(I92=2,"Green",IF(I92=1,"Amber","Red"))))
A94: Manager summary / lessons learned
A95: Week 3 – Water & Legionella Audit Evidence Section
A96: Audit period: | B96: Week 3 | C96: Auditor: | E96: Audit date:
A97: No. | B97: Section | C97: Detailed Audit Question | D97: Evidence Required | E97: Audit Method | F97: CQC Regulation | G97: Quality Statement | H97: Risk Weighting | I97: Score 0/1/2/NA | J97: Evidence Seen / Reference | K97: Finding / Observation | L97: Root Cause / 5 Whys | M97: Immediate Action | N97: Corrective / Preventative Action | O97: Responsible Person | P97: Due Date | Q97: Completion Date | R97: Verified By | S97: Re-audit Required | T97: Status | U97: RAG
A98: 1 | B98: Governance | C98: Legionella risk assessment is current and actions are tracked. | D98: Risk assessment/action plan | E98: Record review | F98: Reg 12,15,17 | G98: Safe environments | H98: Critical | U98: =IF(I98="","",IF(I98="NA","Grey",IF(I98=2,"Green",IF(I98=1,"Amber","Red"))))
A99: 2 | B99: Temperature | C99: Hot and cold water temperatures are recorded and in range. | D99: Temperature log | E99: Record review | F99: Reg 12,15 | G99: Safe environments | H99: Critical | U99: =IF(I99="","",IF(I99="NA","Grey",IF(I99=2,"Green",IF(I99=1,"Amber","Red"))))
A100: 3 | B100: Temperature | C100: Out-of-range readings show immediate escalation/action. | D100: Escalation record | E100: Record review | F100: Reg 12,17 | G100: Safe systems | H100: Critical | U100: =IF(I100="","",IF(I100="NA","Grey",IF(I100=2,"Green",IF(I100=1,"Amber","Red"))))
A101: 4 | B101: Sentinel Outlets | C101: Sentinel outlets are identified and monitored. | D101: Schematic/log | E101: Record review | F101: Reg 15 | G101: Safe environments | H101: High | U101: =IF(I101="","",IF(I101="NA","Grey",IF(I101=2,"Green",IF(I101=1,"Amber","Red"))))
A102: 5 | B102: Flushing | C102: Low-use outlets are flushed and recorded. | D102: Flushing log | E102: Record review | F102: Reg 12,15 | G102: Safe environments | H102: High | U102: =IF(I102="","",IF(I102="NA","Grey",IF(I102=2,"Green",IF(I102=1,"Amber","Red"))))
A103: 6 | B103: TMV | C103: TMVs are serviced and scald risk considered. | D103: TMV service/risk assessment | E103: Record review | F103: Reg 12,15 | G103: Safe environments | H103: High | U103: =IF(I103="","",IF(I103="NA","Grey",IF(I103=2,"Green",IF(I103=1,"Amber","Red"))))
A104: 7 | B104: Showers | C104: Shower heads/hoses are cleaned/descaled. | D104: Cleaning/descale log | E104: Record review | F104: Reg 12,15 | G104: Safe environments | H104: High | U104: =IF(I104="","",IF(I104="NA","Grey",IF(I104=2,"Green",IF(I104=1,"Amber","Red"))))
A105: 8 | B105: Contractors | C105: Contractor reports are reviewed and actions signed off. | D105: Contractor report | E105: Record review | F105: Reg 17 | G105: Good governance | H105: High | U105: =IF(I105="","",IF(I105="NA","Grey",IF(I105=2,"Green",IF(I105=1,"Amber","Red"))))
A106: 9 | B106: Governance | C106: Previous audit actions have been reviewed and closed only with evidence. | D106: Previous audit/action tracker | E106: Record review | F106: Reg 17 | G106: Good governance | H106: High | U106: =IF(I106="","",IF(I106="NA","Grey",IF(I106=2,"Green",IF(I106=1,"Amber","Red"))))
A107: 10 | B107: Governance | C107: Repeated issues have RCA/5 Whys and preventative action, not just corrective action. | D107: RCA/action tracker | E107: Record review | F107: Reg 17 | G107: Learning and improvement | H107: High | U107: =IF(I107="","",IF(I107="NA","Grey",IF(I107=2,"Green",IF(I107=1,"Amber","Red"))))
...

Sheet Infection Surveillance
A1: Infection Surveillance Audit – Annual Evidence (Weekly)
A2: Instruction: | B2: Complete each period on this tab so the full year is held in one evidence location. Pale yellow cells are editable. Formula/RAG/header cells are locked only, with no password.
A4: Period | B4: Due Date | C4: Audit Date | D4: Auditor | E4: Total Score | F4: Max Score | G4: Compliance % | H4: RAG | I4: Critical/High Risks | J4: Open Actions | K4: Overdue Actions | L4: Manager Sign-Off | M4: Provider Sign-Off | N4: Evidence Folder Ref | O4: Summary / Key Findings
A5: Week 1 | B5: 46023 | E5: =SUMIF(I64:I75,">=0",I64:I75) -> 0 | F5: =COUNT(I64:I75)*2 -> 0 | G5: =IF(F5=0,"",E5/F5) | H5: =IF(G5="","Not Started",IF(G5>=0.9,"Green",IF(G5>=0.75,"Amber","Red"))) -> Not Started | I5: =COUNTIFS(H64:H75,"Critical",I64:I75,"<2")+COUNTIFS(H64:H75,"High",I64:I75,"<2") -> 0 | J5: =COUNTIF(T64:T75,"In Progress")+COUNTIF(T64:T75,"Not Started") -> 0 | K5: =COUNTIFS(P64:P75,"<"&TODAY(),Q64:Q75,"") -> 0
A6: Week 2 | B6: 46030 | E6: =SUMIF(I81:I92,">=0",I81:I92) -> 0 | F6: =COUNT(I81:I92)*2 -> 0 | G6: =IF(F6=0,"",E6/F6) | H6: =IF(G6="","Not Started",IF(G6>=0.9,"Green",IF(G6>=0.75,"Amber","Red"))) -> Not Started | I6: =COUNTIFS(H81:H92,"Critical",I81:I92,"<2")+COUNTIFS(H81:H92,"High",I81:I92,"<2") -> 0 | J6: =COUNTIF(T81:T92,"In Progress")+COUNTIF(T81:T92,"Not Started") -> 0 | K6: =COUNTIFS(P81:P92,"<"&TODAY(),Q81:Q92,"") -> 0
A7: Week 3 | B7: 46037 | E7: =SUMIF(I98:I109,">=0",I98:I109) -> 0 | F7: =COUNT(I98:I109)*2 -> 0 | G7: =IF(F7=0,"",E7/F7) | H7: =IF(G7="","Not Started",IF(G7>=0.9,"Green",IF(G7>=0.75,"Amber","Red"))) -> Not Started | I7: =COUNTIFS(H98:H109,"Critical",I98:I109,"<2")+COUNTIFS(H98:H109,"High",I98:I109,"<2") -> 0 | J7: =COUNTIF(T98:T109,"In Progress")+COUNTIF(T98:T109,"Not Started") -> 0 | K7: =COUNTIFS(P98:P109,"<"&TODAY(),Q98:Q109,"") -> 0
A8: Week 4 | B8: 46044 | E8: =SUMIF(I115:I126,">=0",I115:I126) -> 0 | F8: =COUNT(I115:I126)*2 -> 0 | G8: =IF(F8=0,"",E8/F8) | H8: =IF(G8="","Not Started",IF(G8>=0.9,"Green",IF(G8>=0.75,"Amber","Red"))) -> Not Started | I8: =COUNTIFS(H115:H126,"Critical",I115:I126,"<2")+COUNTIFS(H115:H126,"High",I115:I126,"<2") -> 0 | J8: =COUNTIF(T115:T126,"In Progress")+COUNTIF(T115:T126,"Not Started") -> 0 | K8: =COUNTIFS(P115:P126,"<"&TODAY(),Q115:Q126,"") -> 0
A9: Week 5 | B9: 46051 | E9: =SUMIF(I132:I143,">=0",I132:I143) -> 0 | F9: =COUNT(I132:I143)*2 -> 0 | G9: =IF(F9=0,"",E9/F9) | H9: =IF(G9="","Not Started",IF(G9>=0.9,"Green",IF(G9>=0.75,"Amber","Red"))) -> Not Started | I9: =COUNTIFS(H132:H143,"Critical",I132:I143,"<2")+COUNTIFS(H132:H143,"High",I132:I143,"<2") -> 0 | J9: =COUNTIF(T132:T143,"In Progress")+COUNTIF(T132:T143,"Not Started") -> 0 | K9: =COUNTIFS(P132:P143,"<"&TODAY(),Q132:Q143,"") -> 0
A10: Week 6 | B10: 46058 | E10: =SUMIF(I149:I160,">=0",I149:I160) -> 0 | F10: =COUNT(I149:I160)*2 -> 0 | G10: =IF(F10=0,"",E10/F10) | H10: =IF(G10="","Not Started",IF(G10>=0.9,"Green",IF(G10>=0.75,"Amber","Red"))) -> Not Started | I10: =COUNTIFS(H149:H160,"Critical",I149:I160,"<2")+COUNTIFS(H149:H160,"High",I149:I160,"<2") -> 0 | J10: =COUNTIF(T149:T160,"In Progress")+COUNTIF(T149:T160,"Not Started") -> 0 | K10: =COUNTIFS(P149:P160,"<"&TODAY(),Q149:Q160,"") -> 0
A11: Week 7 | B11: 46065 | E11: =SUMIF(I166:I177,">=0",I166:I177) -> 0 | F11: =COUNT(I166:I177)*2 -> 0 | G11: =IF(F11=0,"",E11/F11) | H11: =IF(G11="","Not Started",IF(G11>=0.9,"Green",IF(G11>=0.75,"Amber","Red"))) -> Not Started | I11: =COUNTIFS(H166:H177,"Critical",I166:I177,"<2")+COUNTIFS(H166:H177,"High",I166:I177,"<2") -> 0 | J11: =COUNTIF(T166:T177,"In Progress")+COUNTIF(T166:T177,"Not Started") -> 0 | K11: =COUNTIFS(P166:P177,"<"&TODAY(),Q166:Q177,"") -> 0
A12: Week 8 | B12: 46072 | E12: =SUMIF(I183:I194,">=0",I183:I194) -> 0 | F12: =COUNT(I183:I194)*2 -> 0 | G12: =IF(F12=0,"",E12/F12) | H12: =IF(G12="","Not Started",IF(G12>=0.9,"Green",IF(G12>=0.75,"Amber","Red"))) -> Not Started | I12: =COUNTIFS(H183:H194,"Critical",I183:I194,"<2")+COUNTIFS(H183:H194,"High",I183:I194,"<2") -> 0 | J12: =COUNTIF(T183:T194,"In Progress")+COUNTIF(T183:T194,"Not Started") -> 0 | K12: =COUNTIFS(P183:P194,"<"&TODAY(),Q183:Q194,"") -> 0
A13: Week 9 | B13: 46079 | E13: =SUMIF(I200:I211,">=0",I200:I211) -> 0 | F13: =COUNT(I200:I211)*2 -> 0 | G13: =IF(F13=0,"",E13/F13) | H13: =IF(G13="","Not Started",IF(G13>=0.9,"Green",IF(G13>=0.75,"Amber","Red"))) -> Not Started | I13: =COUNTIFS(H200:H211,"Critical",I200:I211,"<2")+COUNTIFS(H200:H211,"High",I200:I211,"<2") -> 0 | J13: =COUNTIF(T200:T211,"In Progress")+COUNTIF(T200:T211,"Not Started") -> 0 | K13: =COUNTIFS(P200:P211,"<"&TODAY(),Q200:Q211,"") -> 0
A14: Week 10 | B14: 46086 | E14: =SUMIF(I217:I228,">=0",I217:I228) -> 0 | F14: =COUNT(I217:I228)*2 -> 0 | G14: =IF(F14=0,"",E14/F14) | H14: =IF(G14="","Not Started",IF(G14>=0.9,"Green",IF(G14>=0.75,"Amber","Red"))) -> Not Started | I14: =COUNTIFS(H217:H228,"Critical",I217:I228,"<2")+COUNTIFS(H217:H228,"High",I217:I228,"<2") -> 0 | J14: =COUNTIF(T217:T228,"In Progress")+COUNTIF(T217:T228,"Not Started") -> 0 | K14: =COUNTIFS(P217:P228,"<"&TODAY(),Q217:Q228,"") -> 0
A15: Week 11 | B15: 46093 | E15: =SUMIF(I234:I245,">=0",I234:I245) -> 0 | F15: =COUNT(I234:I245)*2 -> 0 | G15: =IF(F15=0,"",E15/F15) | H15: =IF(G15="","Not Started",IF(G15>=0.9,"Green",IF(G15>=0.75,"Amber","Red"))) -> Not Started | I15: =COUNTIFS(H234:H245,"Critical",I234:I245,"<2")+COUNTIFS(H234:H245,"High",I234:I245,"<2") -> 0 | J15: =COUNTIF(T234:T245,"In Progress")+COUNTIF(T234:T245,"Not Started") -> 0 | K15: =COUNTIFS(P234:P245,"<"&TODAY(),Q234:Q245,"") -> 0
A16: Week 12 | B16: 46100 | E16: =SUMIF(I251:I262,">=0",I251:I262) -> 0 | F16: =COUNT(I251:I262)*2 -> 0 | G16: =IF(F16=0,"",E16/F16) | H16: =IF(G16="","Not Started",IF(G16>=0.9,"Green",IF(G16>=0.75,"Amber","Red"))) -> Not Started | I16: =COUNTIFS(H251:H262,"Critical",I251:I262,"<2")+COUNTIFS(H251:H262,"High",I251:I262,"<2") -> 0 | J16: =COUNTIF(T251:T262,"In Progress")+COUNTIF(T251:T262,"Not Started") -> 0 | K16: =COUNTIFS(P251:P262,"<"&TODAY(),Q251:Q262,"") -> 0
A17: Week 13 | B17: 46107 | E17: =SUMIF(I268:I279,">=0",I268:I279) -> 0 | F17: =COUNT(I268:I279)*2 -> 0 | G17: =IF(F17=0,"",E17/F17) | H17: =IF(G17="","Not Started",IF(G17>=0.9,"Green",IF(G17>=0.75,"Amber","Red"))) -> Not Started | I17: =COUNTIFS(H268:H279,"Critical",I268:I279,"<2")+COUNTIFS(H268:H279,"High",I268:I279,"<2") -> 0 | J17: =COUNTIF(T268:T279,"In Progress")+COUNTIF(T268:T279,"Not Started") -> 0 | K17: =COUNTIFS(P268:P279,"<"&TODAY(),Q268:Q279,"") -> 0
A18: Week 14 | B18: 46114 | E18: =SUMIF(I285:I296,">=0",I285:I296) -> 0 | F18: =COUNT(I285:I296)*2 -> 0 | G18: =IF(F18=0,"",E18/F18) | H18: =IF(G18="","Not Started",IF(G18>=0.9,"Green",IF(G18>=0.75,"Amber","Red"))) -> Not Started | I18: =COUNTIFS(H285:H296,"Critical",I285:I296,"<2")+COUNTIFS(H285:H296,"High",I285:I296,"<2") -> 0 | J18: =COUNTIF(T285:T296,"In Progress")+COUNTIF(T285:T296,"Not Started") -> 0 | K18: =COUNTIFS(P285:P296,"<"&TODAY(),Q285:Q296,"") -> 0
A19: Week 15 | B19: 46121 | E19: =SUMIF(I302:I313,">=0",I302:I313) -> 0 | F19: =COUNT(I302:I313)*2 -> 0 | G19: =IF(F19=0,"",E19/F19) | H19: =IF(G19="","Not Started",IF(G19>=0.9,"Green",IF(G19>=0.75,"Amber","Red"))) -> Not Started | I19: =COUNTIFS(H302:H313,"Critical",I302:I313,"<2")+COUNTIFS(H302:H313,"High",I302:I313,"<2") -> 0 | J19: =COUNTIF(T302:T313,"In Progress")+COUNTIF(T302:T313,"Not Started") -> 0 | K19: =COUNTIFS(P302:P313,"<"&TODAY(),Q302:Q313,"") -> 0
A20: Week 16 | B20: 46128 | E20: =SUMIF(I319:I330,">=0",I319:I330) -> 0 | F20: =COUNT(I319:I330)*2 -> 0 | G20: =IF(F20=0,"",E20/F20) | H20: =IF(G20="","Not Started",IF(G20>=0.9,"Green",IF(G20>=0.75,"Amber","Red"))) -> Not Started | I20: =COUNTIFS(H319:H330,"Critical",I319:I330,"<2")+COUNTIFS(H319:H330,"High",I319:I330,"<2") -> 0 | J20: =COUNTIF(T319:T330,"In Progress")+COUNTIF(T319:T330,"Not Started") -> 0 | K20: =COUNTIFS(P319:P330,"<"&TODAY(),Q319:Q330,"") -> 0
A21: Week 17 | B21: 46135 | E21: =SUMIF(I336:I347,">=0",I336:I347) -> 0 | F21: =COUNT(I336:I347)*2 -> 0 | G21: =IF(F21=0,"",E21/F21) | H21: =IF(G21="","Not Started",IF(G21>=0.9,"Green",IF(G21>=0.75,"Amber","Red"))) -> Not Started | I21: =COUNTIFS(H336:H347,"Critical",I336:I347,"<2")+COUNTIFS(H336:H347,"High",I336:I347,"<2") -> 0 | J21: =COUNTIF(T336:T347,"In Progress")+COUNTIF(T336:T347,"Not Started") -> 0 | K21: =COUNTIFS(P336:P347,"<"&TODAY(),Q336:Q347,"") -> 0
A22: Week 18 | B22: 46142 | E22: =SUMIF(I353:I364,">=0",I353:I364) -> 0 | F22: =COUNT(I353:I364)*2 -> 0 | G22: =IF(F22=0,"",E22/F22) | H22: =IF(G22="","Not Started",IF(G22>=0.9,"Green",IF(G22>=0.75,"Amber","Red"))) -> Not Started | I22: =COUNTIFS(H353:H364,"Critical",I353:I364,"<2")+COUNTIFS(H353:H364,"High",I353:I364,"<2") -> 0 | J22: =COUNTIF(T353:T364,"In Progress")+COUNTIF(T353:T364,"Not Started") -> 0 | K22: =COUNTIFS(P353:P364,"<"&TODAY(),Q353:Q364,"") -> 0
A23: Week 19 | B23: 46149 | E23: =SUMIF(I370:I381,">=0",I370:I381) -> 0 | F23: =COUNT(I370:I381)*2 -> 0 | G23: =IF(F23=0,"",E23/F23) | H23: =IF(G23="","Not Started",IF(G23>=0.9,"Green",IF(G23>=0.75,"Amber","Red"))) -> Not Started | I23: =COUNTIFS(H370:H381,"Critical",I370:I381,"<2")+COUNTIFS(H370:H381,"High",I370:I381,"<2") -> 0 | J23: =COUNTIF(T370:T381,"In Progress")+COUNTIF(T370:T381,"Not Started") -> 0 | K23: =COUNTIFS(P370:P381,"<"&TODAY(),Q370:Q381,"") -> 0
A24: Week 20 | B24: 46156 | E24: =SUMIF(I387:I398,">=0",I387:I398) -> 0 | F24: =COUNT(I387:I398)*2 -> 0 | G24: =IF(F24=0,"",E24/F24) | H24: =IF(G24="","Not Started",IF(G24>=0.9,"Green",IF(G24>=0.75,"Amber","Red"))) -> Not Started | I24: =COUNTIFS(H387:H398,"Critical",I387:I398,"<2")+COUNTIFS(H387:H398,"High",I387:I398,"<2") -> 0 | J24: =COUNTIF(T387:T398,"In Progress")+COUNTIF(T387:T398,"Not Started") -> 0 | K24: =COUNTIFS(P387:P398,"<"&TODAY(),Q387:Q398,"") -> 0
A25: Week 21 | B25: 46163 | E25: =SUMIF(I404:I415,">=0",I404:I415) -> 0 | F25: =COUNT(I404:I415)*2 -> 0 | G25: =IF(F25=0,"",E25/F25) | H25: =IF(G25="","Not Started",IF(G25>=0.9,"Green",IF(G25>=0.75,"Amber","Red"))) -> Not Started | I25: =COUNTIFS(H404:H415,"Critical",I404:I415,"<2")+COUNTIFS(H404:H415,"High",I404:I415,"<2") -> 0 | J25: =COUNTIF(T404:T415,"In Progress")+COUNTIF(T404:T415,"Not Started") -> 0 | K25: =COUNTIFS(P404:P415,"<"&TODAY(),Q404:Q415,"") -> 0
A26: Week 22 | B26: 46170 | E26: =SUMIF(I421:I432,">=0",I421:I432) -> 0 | F26: =COUNT(I421:I432)*2 -> 0 | G26: =IF(F26=0,"",E26/F26) | H26: =IF(G26="","Not Started",IF(G26>=0.9,"Green",IF(G26>=0.75,"Amber","Red"))) -> Not Started | I26: =COUNTIFS(H421:H432,"Critical",I421:I432,"<2")+COUNTIFS(H421:H432,"High",I421:I432,"<2") -> 0 | J26: =COUNTIF(T421:T432,"In Progress")+COUNTIF(T421:T432,"Not Started") -> 0 | K26: =COUNTIFS(P421:P432,"<"&TODAY(),Q421:Q432,"") -> 0
A27: Week 23 | B27: 46177 | E27: =SUMIF(I438:I449,">=0",I438:I449) -> 0 | F27: =COUNT(I438:I449)*2 -> 0 | G27: =IF(F27=0,"",E27/F27) | H27: =IF(G27="","Not Started",IF(G27>=0.9,"Green",IF(G27>=0.75,"Amber","Red"))) -> Not Started | I27: =COUNTIFS(H438:H449,"Critical",I438:I449,"<2")+COUNTIFS(H438:H449,"High",I438:I449,"<2") -> 0 | J27: =COUNTIF(T438:T449,"In Progress")+COUNTIF(T438:T449,"Not Started") -> 0 | K27: =COUNTIFS(P438:P449,"<"&TODAY(),Q438:Q449,"") -> 0
A28: Week 24 | B28: 46184 | E28: =SUMIF(I455:I466,">=0",I455:I466) -> 0 | F28: =COUNT(I455:I466)*2 -> 0 | G28: =IF(F28=0,"",E28/F28) | H28: =IF(G28="","Not Started",IF(G28>=0.9,"Green",IF(G28>=0.75,"Amber","Red"))) -> Not Started | I28: =COUNTIFS(H455:H466,"Critical",I455:I466,"<2")+COUNTIFS(H455:H466,"High",I455:I466,"<2") -> 0 | J28: =COUNTIF(T455:T466,"In Progress")+COUNTIF(T455:T466,"Not Started") -> 0 | K28: =COUNTIFS(P455:P466,"<"&TODAY(),Q455:Q466,"") -> 0
A29: Week 25 | B29: 46191 | E29: =SUMIF(I472:I483,">=0",I472:I483) -> 0 | F29: =COUNT(I472:I483)*2 -> 0 | G29: =IF(F29=0,"",E29/F29) | H29: =IF(G29="","Not Started",IF(G29>=0.9,"Green",IF(G29>=0.75,"Amber","Red"))) -> Not Started | I29: =COUNTIFS(H472:H483,"Critical",I472:I483,"<2")+COUNTIFS(H472:H483,"High",I472:I483,"<2") -> 0 | J29: =COUNTIF(T472:T483,"In Progress")+COUNTIF(T472:T483,"Not Started") -> 0 | K29: =COUNTIFS(P472:P483,"<"&TODAY(),Q472:Q483,"") -> 0
A30: Week 26 | B30: 46198 | E30: =SUMIF(I489:I500,">=0",I489:I500) -> 0 | F30: =COUNT(I489:I500)*2 -> 0 | G30: =IF(F30=0,"",E30/F30) | H30: =IF(G30="","Not Started",IF(G30>=0.9,"Green",IF(G30>=0.75,"Amber","Red"))) -> Not Started | I30: =COUNTIFS(H489:H500,"Critical",I489:I500,"<2")+COUNTIFS(H489:H500,"High",I489:I500,"<2") -> 0 | J30: =COUNTIF(T489:T500,"In Progress")+COUNTIF(T489:T500,"Not Started") -> 0 | K30: =COUNTIFS(P489:P500,"<"&TODAY(),Q489:Q500,"") -> 0
A31: Week 27 | B31: 46205 | E31: =SUMIF(I506:I517,">=0",I506:I517) -> 0 | F31: =COUNT(I506:I517)*2 -> 0 | G31: =IF(F31=0,"",E31/F31) | H31: =IF(G31="","Not Started",IF(G31>=0.9,"Green",IF(G31>=0.75,"Amber","Red"))) -> Not Started | I31: =COUNTIFS(H506:H517,"Critical",I506:I517,"<2")+COUNTIFS(H506:H517,"High",I506:I517,"<2") -> 0 | J31: =COUNTIF(T506:T517,"In Progress")+COUNTIF(T506:T517,"Not Started") -> 0 | K31: =COUNTIFS(P506:P517,"<"&TODAY(),Q506:Q517,"") -> 0
A32: Week 28 | B32: 46212 | E32: =SUMIF(I523:I534,">=0",I523:I534) -> 0 | F32: =COUNT(I523:I534)*2 -> 0 | G32: =IF(F32=0,"",E32/F32) | H32: =IF(G32="","Not Started",IF(G32>=0.9,"Green",IF(G32>=0.75,"Amber","Red"))) -> Not Started | I32: =COUNTIFS(H523:H534,"Critical",I523:I534,"<2")+COUNTIFS(H523:H534,"High",I523:I534,"<2") -> 0 | J32: =COUNTIF(T523:T534,"In Progress")+COUNTIF(T523:T534,"Not Started") -> 0 | K32: =COUNTIFS(P523:P534,"<"&TODAY(),Q523:Q534,"") -> 0
A33: Week 29 | B33: 46219 | E33: =SUMIF(I540:I551,">=0",I540:I551) -> 0 | F33: =COUNT(I540:I551)*2 -> 0 | G33: =IF(F33=0,"",E33/F33) | H33: =IF(G33="","Not Started",IF(G33>=0.9,"Green",IF(G33>=0.75,"Amber","Red"))) -> Not Started | I33: =COUNTIFS(H540:H551,"Critical",I540:I551,"<2")+COUNTIFS(H540:H551,"High",I540:I551,"<2") -> 0 | J33: =COUNTIF(T540:T551,"In Progress")+COUNTIF(T540:T551,"Not Started") -> 0 | K33: =COUNTIFS(P540:P551,"<"&TODAY(),Q540:Q551,"") -> 0
A34: Week 30 | B34: 46226 | E34: =SUMIF(I557:I568,">=0",I557:I568) -> 0 | F34: =COUNT(I557:I568)*2 -> 0 | G34: =IF(F34=0,"",E34/F34) | H34: =IF(G34="","Not Started",IF(G34>=0.9,"Green",IF(G34>=0.75,"Amber","Red"))) -> Not Started | I34: =COUNTIFS(H557:H568,"Critical",I557:I568,"<2")+COUNTIFS(H557:H568,"High",I557:I568,"<2") -> 0 | J34: =COUNTIF(T557:T568,"In Progress")+COUNTIF(T557:T568,"Not Started") -> 0 | K34: =COUNTIFS(P557:P568,"<"&TODAY(),Q557:Q568,"") -> 0
A35: Week 31 | B35: 46233 | E35: =SUMIF(I574:I585,">=0",I574:I585) -> 0 | F35: =COUNT(I574:I585)*2 -> 0 | G35: =IF(F35=0,"",E35/F35) | H35: =IF(G35="","Not Started",IF(G35>=0.9,"Green",IF(G35>=0.75,"Amber","Red"))) -> Not Started | I35: =COUNTIFS(H574:H585,"Critical",I574:I585,"<2")+COUNTIFS(H574:H585,"High",I574:I585,"<2") -> 0 | J35: =COUNTIF(T574:T585,"In Progress")+COUNTIF(T574:T585,"Not Started") -> 0 | K35: =COUNTIFS(P574:P585,"<"&TODAY(),Q574:Q585,"") -> 0
A36: Week 32 | B36: 46240 | E36: =SUMIF(I591:I602,">=0",I591:I602) -> 0 | F36: =COUNT(I591:I602)*2 -> 0 | G36: =IF(F36=0,"",E36/F36) | H36: =IF(G36="","Not Started",IF(G36>=0.9,"Green",IF(G36>=0.75,"Amber","Red"))) -> Not Started | I36: =COUNTIFS(H591:H602,"Critical",I591:I602,"<2")+COUNTIFS(H591:H602,"High",I591:I602,"<2") -> 0 | J36: =COUNTIF(T591:T602,"In Progress")+COUNTIF(T591:T602,"Not Started") -> 0 | K36: =COUNTIFS(P591:P602,"<"&TODAY(),Q591:Q602,"") -> 0
A37: Week 33 | B37: 46247 | E37: =SUMIF(I608:I619,">=0",I608:I619) -> 0 | F37: =COUNT(I608:I619)*2 -> 0 | G37: =IF(F37=0,"",E37/F37) | H37: =IF(G37="","Not Started",IF(G37>=0.9,"Green",IF(G37>=0.75,"Amber","Red"))) -> Not Started | I37: =COUNTIFS(H608:H619,"Critical",I608:I619,"<2")+COUNTIFS(H608:H619,"High",I608:I619,"<2") -> 0 | J37: =COUNTIF(T608:T619,"In Progress")+COUNTIF(T608:T619,"Not Started") -> 0 | K37: =COUNTIFS(P608:P619,"<"&TODAY(),Q608:Q619,"") -> 0
A38: Week 34 | B38: 46254 | E38: =SUMIF(I625:I636,">=0",I625:I636) -> 0 | F38: =COUNT(I625:I636)*2 -> 0 | G38: =IF(F38=0,"",E38/F38) | H38: =IF(G38="","Not Started",IF(G38>=0.9,"Green",IF(G38>=0.75,"Amber","Red"))) -> Not Started | I38: =COUNTIFS(H625:H636,"Critical",I625:I636,"<2")+COUNTIFS(H625:H636,"High",I625:I636,"<2") -> 0 | J38: =COUNTIF(T625:T636,"In Progress")+COUNTIF(T625:T636,"Not Started") -> 0 | K38: =COUNTIFS(P625:P636,"<"&TODAY(),Q625:Q636,"") -> 0
A39: Week 35 | B39: 46261 | E39: =SUMIF(I642:I653,">=0",I642:I653) -> 0 | F39: =COUNT(I642:I653)*2 -> 0 | G39: =IF(F39=0,"",E39/F39) | H39: =IF(G39="","Not Started",IF(G39>=0.9,"Green",IF(G39>=0.75,"Amber","Red"))) -> Not Started | I39: =COUNTIFS(H642:H653,"Critical",I642:I653,"<2")+COUNTIFS(H642:H653,"High",I642:I653,"<2") -> 0 | J39: =COUNTIF(T642:T653,"In Progress")+COUNTIF(T642:T653,"Not Started") -> 0 | K39: =COUNTIFS(P642:P653,"<"&TODAY(),Q642:Q653,"") -> 0
A40: Week 36 | B40: 46268 | E40: =SUMIF(I659:I670,">=0",I659:I670) -> 0 | F40: =COUNT(I659:I670)*2 -> 0 | G40: =IF(F40=0,"",E40/F40) | H40: =IF(G40="","Not Started",IF(G40>=0.9,"Green",IF(G40>=0.75,"Amber","Red"))) -> Not Started | I40: =COUNTIFS(H659:H670,"Critical",I659:I670,"<2")+COUNTIFS(H659:H670,"High",I659:I670,"<2") -> 0 | J40: =COUNTIF(T659:T670,"In Progress")+COUNTIF(T659:T670,"Not Started") -> 0 | K40: =COUNTIFS(P659:P670,"<"&TODAY(),Q659:Q670,"") -> 0
A41: Week 37 | B41: 46275 | E41: =SUMIF(I676:I687,">=0",I676:I687) -> 0 | F41: =COUNT(I676:I687)*2 -> 0 | G41: =IF(F41=0,"",E41/F41) | H41: =IF(G41="","Not Started",IF(G41>=0.9,"Green",IF(G41>=0.75,"Amber","Red"))) -> Not Started | I41: =COUNTIFS(H676:H687,"Critical",I676:I687,"<2")+COUNTIFS(H676:H687,"High",I676:I687,"<2") -> 0 | J41: =COUNTIF(T676:T687,"In Progress")+COUNTIF(T676:T687,"Not Started") -> 0 | K41: =COUNTIFS(P676:P687,"<"&TODAY(),Q676:Q687,"") -> 0
A42: Week 38 | B42: 46282 | E42: =SUMIF(I693:I704,">=0",I693:I704) -> 0 | F42: =COUNT(I693:I704)*2 -> 0 | G42: =IF(F42=0,"",E42/F42) | H42: =IF(G42="","Not Started",IF(G42>=0.9,"Green",IF(G42>=0.75,"Amber","Red"))) -> Not Started | I42: =COUNTIFS(H693:H704,"Critical",I693:I704,"<2")+COUNTIFS(H693:H704,"High",I693:I704,"<2") -> 0 | J42: =COUNTIF(T693:T704,"In Progress")+COUNTIF(T693:T704,"Not Started") -> 0 | K42: =COUNTIFS(P693:P704,"<"&TODAY(),Q693:Q704,"") -> 0
A43: Week 39 | B43: 46289 | E43: =SUMIF(I710:I721,">=0",I710:I721) -> 0 | F43: =COUNT(I710:I721)*2 -> 0 | G43: =IF(F43=0,"",E43/F43) | H43: =IF(G43="","Not Started",IF(G43>=0.9,"Green",IF(G43>=0.75,"Amber","Red"))) -> Not Started | I43: =COUNTIFS(H710:H721,"Critical",I710:I721,"<2")+COUNTIFS(H710:H721,"High",I710:I721,"<2") -> 0 | J43: =COUNTIF(T710:T721,"In Progress")+COUNTIF(T710:T721,"Not Started") -> 0 | K43: =COUNTIFS(P710:P721,"<"&TODAY(),Q710:Q721,"") -> 0
A44: Week 40 | B44: 46296 | E44: =SUMIF(I727:I738,">=0",I727:I738) -> 0 | F44: =COUNT(I727:I738)*2 -> 0 | G44: =IF(F44=0,"",E44/F44) | H44: =IF(G44="","Not Started",IF(G44>=0.9,"Green",IF(G44>=0.75,"Amber","Red"))) -> Not Started | I44: =COUNTIFS(H727:H738,"Critical",I727:I738,"<2")+COUNTIFS(H727:H738,"High",I727:I738,"<2") -> 0 | J44: =COUNTIF(T727:T738,"In Progress")+COUNTIF(T727:T738,"Not Started") -> 0 | K44: =COUNTIFS(P727:P738,"<"&TODAY(),Q727:Q738,"") -> 0
A45: Week 41 | B45: 46303 | E45: =SUMIF(I744:I755,">=0",I744:I755) -> 0 | F45: =COUNT(I744:I755)*2 -> 0 | G45: =IF(F45=0,"",E45/F45) | H45: =IF(G45="","Not Started",IF(G45>=0.9,"Green",IF(G45>=0.75,"Amber","Red"))) -> Not Started | I45: =COUNTIFS(H744:H755,"Critical",I744:I755,"<2")+COUNTIFS(H744:H755,"High",I744:I755,"<2") -> 0 | J45: =COUNTIF(T744:T755,"In Progress")+COUNTIF(T744:T755,"Not Started") -> 0 | K45: =COUNTIFS(P744:P755,"<"&TODAY(),Q744:Q755,"") -> 0
A46: Week 42 | B46: 46310 | E46: =SUMIF(I761:I772,">=0",I761:I772) -> 0 | F46: =COUNT(I761:I772)*2 -> 0 | G46: =IF(F46=0,"",E46/F46) | H46: =IF(G46="","Not Started",IF(G46>=0.9,"Green",IF(G46>=0.75,"Amber","Red"))) -> Not Started | I46: =COUNTIFS(H761:H772,"Critical",I761:I772,"<2")+COUNTIFS(H761:H772,"High",I761:I772,"<2") -> 0 | J46: =COUNTIF(T761:T772,"In Progress")+COUNTIF(T761:T772,"Not Started") -> 0 | K46: =COUNTIFS(P761:P772,"<"&TODAY(),Q761:Q772,"") -> 0
A47: Week 43 | B47: 46317 | E47: =SUMIF(I778:I789,">=0",I778:I789) -> 0 | F47: =COUNT(I778:I789)*2 -> 0 | G47: =IF(F47=0,"",E47/F47) | H47: =IF(G47="","Not Started",IF(G47>=0.9,"Green",IF(G47>=0.75,"Amber","Red"))) -> Not Started | I47: =COUNTIFS(H778:H789,"Critical",I778:I789,"<2")+COUNTIFS(H778:H789,"High",I778:I789,"<2") -> 0 | J47: =COUNTIF(T778:T789,"In Progress")+COUNTIF(T778:T789,"Not Started") -> 0 | K47: =COUNTIFS(P778:P789,"<"&TODAY(),Q778:Q789,"") -> 0
A48: Week 44 | B48: 46324 | E48: =SUMIF(I795:I806,">=0",I795:I806) -> 0 | F48: =COUNT(I795:I806)*2 -> 0 | G48: =IF(F48=0,"",E48/F48) | H48: =IF(G48="","Not Started",IF(G48>=0.9,"Green",IF(G48>=0.75,"Amber","Red"))) -> Not Started | I48: =COUNTIFS(H795:H806,"Critical",I795:I806,"<2")+COUNTIFS(H795:H806,"High",I795:I806,"<2") -> 0 | J48: =COUNTIF(T795:T806,"In Progress")+COUNTIF(T795:T806,"Not Started") -> 0 | K48: =COUNTIFS(P795:P806,"<"&TODAY(),Q795:Q806,"") -> 0
A49: Week 45 | B49: 46331 | E49: =SUMIF(I812:I823,">=0",I812:I823) -> 0 | F49: =COUNT(I812:I823)*2 -> 0 | G49: =IF(F49=0,"",E49/F49) | H49: =IF(G49="","Not Started",IF(G49>=0.9,"Green",IF(G49>=0.75,"Amber","Red"))) -> Not Started | I49: =COUNTIFS(H812:H823,"Critical",I812:I823,"<2")+COUNTIFS(H812:H823,"High",I812:I823,"<2") -> 0 | J49: =COUNTIF(T812:T823,"In Progress")+COUNTIF(T812:T823,"Not Started") -> 0 | K49: =COUNTIFS(P812:P823,"<"&TODAY(),Q812:Q823,"") -> 0
A50: Week 46 | B50: 46338 | E50: =SUMIF(I829:I840,">=0",I829:I840) -> 0 | F50: =COUNT(I829:I840)*2 -> 0 | G50: =IF(F50=0,"",E50/F50) | H50: =IF(G50="","Not Started",IF(G50>=0.9,"Green",IF(G50>=0.75,"Amber","Red"))) -> Not Started | I50: =COUNTIFS(H829:H840,"Critical",I829:I840,"<2")+COUNTIFS(H829:H840,"High",I829:I840,"<2") -> 0 | J50: =COUNTIF(T829:T840,"In Progress")+COUNTIF(T829:T840,"Not Started") -> 0 | K50: =COUNTIFS(P829:P840,"<"&TODAY(),Q829:Q840,"") -> 0
A51: Week 47 | B51: 46345 | E51: =SUMIF(I846:I857,">=0",I846:I857) -> 0 | F51: =COUNT(I846:I857)*2 -> 0 | G51: =IF(F51=0,"",E51/F51) | H51: =IF(G51="","Not Started",IF(G51>=0.9,"Green",IF(G51>=0.75,"Amber","Red"))) -> Not Started | I51: =COUNTIFS(H846:H857,"Critical",I846:I857,"<2")+COUNTIFS(H846:H857,"High",I846:I857,"<2") -> 0 | J51: =COUNTIF(T846:T857,"In Progress")+COUNTIF(T846:T857,"Not Started") -> 0 | K51: =COUNTIFS(P846:P857,"<"&TODAY(),Q846:Q857,"") -> 0
A52: Week 48 | B52: 46352 | E52: =SUMIF(I863:I874,">=0",I863:I874) -> 0 | F52: =COUNT(I863:I874)*2 -> 0 | G52: =IF(F52=0,"",E52/F52) | H52: =IF(G52="","Not Started",IF(G52>=0.9,"Green",IF(G52>=0.75,"Amber","Red"))) -> Not Started | I52: =COUNTIFS(H863:H874,"Critical",I863:I874,"<2")+COUNTIFS(H863:H874,"High",I863:I874,"<2") -> 0 | J52: =COUNTIF(T863:T874,"In Progress")+COUNTIF(T863:T874,"Not Started") -> 0 | K52: =COUNTIFS(P863:P874,"<"&TODAY(),Q863:Q874,"") -> 0
A53: Week 49 | B53: 46359 | E53: =SUMIF(I880:I891,">=0",I880:I891) -> 0 | F53: =COUNT(I880:I891)*2 -> 0 | G53: =IF(F53=0,"",E53/F53) | H53: =IF(G53="","Not Started",IF(G53>=0.9,"Green",IF(G53>=0.75,"Amber","Red"))) -> Not Started | I53: =COUNTIFS(H880:H891,"Critical",I880:I891,"<2")+COUNTIFS(H880:H891,"High",I880:I891,"<2") -> 0 | J53: =COUNTIF(T880:T891,"In Progress")+COUNTIF(T880:T891,"Not Started") -> 0 | K53: =COUNTIFS(P880:P891,"<"&TODAY(),Q880:Q891,"") -> 0
A54: Week 50 | B54: 46366 | E54: =SUMIF(I897:I908,">=0",I897:I908) -> 0 | F54: =COUNT(I897:I908)*2 -> 0 | G54: =IF(F54=0,"",E54/F54) | H54: =IF(G54="","Not Started",IF(G54>=0.9,"Green",IF(G54>=0.75,"Amber","Red"))) -> Not Started | I54: =COUNTIFS(H897:H908,"Critical",I897:I908,"<2")+COUNTIFS(H897:H908,"High",I897:I908,"<2") -> 0 | J54: =COUNTIF(T897:T908,"In Progress")+COUNTIF(T897:T908,"Not Started") -> 0 | K54: =COUNTIFS(P897:P908,"<"&TODAY(),Q897:Q908,"") -> 0
A55: Week 51 | B55: 46373 | E55: =SUMIF(I914:I925,">=0",I914:I925) -> 0 | F55: =COUNT(I914:I925)*2 -> 0 | G55: =IF(F55=0,"",E55/F55) | H55: =IF(G55="","Not Started",IF(G55>=0.9,"Green",IF(G55>=0.75,"Amber","Red"))) -> Not Started | I55: =COUNTIFS(H914:H925,"Critical",I914:I925,"<2")+COUNTIFS(H914:H925,"High",I914:I925,"<2") -> 0 | J55: =COUNTIF(T914:T925,"In Progress")+COUNTIF(T914:T925,"Not Started") -> 0 | K55: =COUNTIFS(P914:P925,"<"&TODAY(),Q914:Q925,"") -> 0
A56: Week 52 | B56: 46380 | E56: =SUMIF(I931:I942,">=0",I931:I942) -> 0 | F56: =COUNT(I931:I942)*2 -> 0 | G56: =IF(F56=0,"",E56/F56) | H56: =IF(G56="","Not Started",IF(G56>=0.9,"Green",IF(G56>=0.75,"Amber","Red"))) -> Not Started | I56: =COUNTIFS(H931:H942,"Critical",I931:I942,"<2")+COUNTIFS(H931:H942,"High",I931:I942,"<2") -> 0 | J56: =COUNTIF(T931:T942,"In Progress")+COUNTIF(T931:T942,"Not Started") -> 0 | K56: =COUNTIFS(P931:P942,"<"&TODAY(),Q931:Q942,"") -> 0
A61: Week 1 – Infection Surveillance Audit Evidence Section
A62: Audit period: | B62: Week 1 | C62: Auditor: | E62: Audit date:
A63: No. | B63: Section | C63: Detailed Audit Question | D63: Evidence Required | E63: Audit Method | F63: CQC Regulation | G63: Quality Statement | H63: Risk Weighting | I63: Score 0/1/2/NA | J63: Evidence Seen / Reference | K63: Finding / Observation | L63: Root Cause / 5 Whys | M63: Immediate Action | N63: Corrective / Preventative Action | O63: Responsible Person | P63: Due Date | Q63: Completion Date | R63: Verified By | S63: Re-audit Required | T63: Status | U63: RAG
A64: 1 | B64: Surveillance | C64: Infection log includes cases, symptoms, onset and action. | D64: Infection log | E64: Record review | F64: Reg 12,17 | G64: Safe systems | H64: High | U64: =IF(I64="","",IF(I64="NA","Grey",IF(I64=2,"Green",IF(I64=1,"Amber","Red"))))
A65: 2 | B65: Trends | C65: Infection trends/clusters are reviewed weekly. | D65: Trend review | E65: Record review | F65: Reg 17 | G65: Learning and improvement | H65: High | U65: =IF(I65="","",IF(I65="NA","Grey",IF(I65=2,"Green",IF(I65=1,"Amber","Red"))))
A66: 3 | B66: Outbreak | C66: Suspected outbreaks are escalated promptly. | D66: Escalation record | E66: Record review | F66: Reg 12,17 | G66: Safe systems | H66: Critical | U66: =IF(I66="","",IF(I66="NA","Grey",IF(I66=2,"Green",IF(I66=1,"Amber","Red"))))
A67: 4 | B67: PPE | C67: PPE stock is sufficient for outbreak and routine use. | D67: Stock check | E67: Observation/records | F67: Reg 12,15 | G67: Safe environments | H67: High | U67: =IF(I67="","",IF(I67="NA","Grey",IF(I67=2,"Green",IF(I67=1,"Amber","Red"))))
A68: 5 | B68: Cleaning | C68: Enhanced cleaning is implemented and evidenced. | D68: Enhanced cleaning schedule | E68: Record review | F68: Reg 12,15 | G68: Safe environments | H68: High | U68: =IF(I68="","",IF(I68="NA","Grey",IF(I68=2,"Green",IF(I68=1,"Amber","Red"))))
A69: 6 | B69: Resident Monitoring | C69: Residents with symptoms have observations and escalation criteria. | D69: Care notes/charts | E69: Record review | F69: Reg 12 | G69: Safe systems | H69: Critical | U69: =IF(I69="","",IF(I69="NA","Grey",IF(I69=2,"Green",IF(I69=1,"Amber","Red"))))
A70: 7 | B70: Staff Sickness | C70: Staff sickness is monitored and return-to-work precautions followed. | D70: Sickness log | E70: Record review | F70: Reg 18 | G70: Safe staffing | H70: High | U70: =IF(I70="","",IF(I70="NA","Grey",IF(I70=2,"Green",IF(I70=1,"Amber","Red"))))
A71: 8 | B71: Lessons | C71: Post-outbreak review captures learning/prevention. | D71: Lessons learned | E71: Record review | F71: Reg 17 | G71: Learning and improvement | H71: High | U71: =IF(I71="","",IF(I71="NA","Grey",IF(I71=2,"Green",IF(I71=1,"Amber","Red"))))
A72: 9 | B72: Governance | C72: Previous audit actions have been reviewed and closed only with evidence. | D72: Previous audit/action tracker | E72: Record review | F72: Reg 17 | G72: Good governance | H72: High | U72: =IF(I72="","",IF(I72="NA","Grey",IF(I72=2,"Green",IF(I72=1,"Amber","Red"))))
A73: 10 | B73: Governance | C73: Repeated issues have RCA/5 Whys and preventative action, not just corrective action. | D73: RCA/action tracker | E73: Record review | F73: Reg 17 | G73: Learning and improvement | H73: High | U73: =IF(I73="","",IF(I73="NA","Grey",IF(I73=2,"Green",IF(I73=1,"Amber","Red"))))
A74: 11 | B74: Evidence | C74: Evidence reference is specific enough for CQC to locate the document, record or photo. | D74: Evidence reference | E74: Record review | F74: Reg 17 | G74: Good governance | H74: Medium | U74: =IF(I74="","",IF(I74="NA","Grey",IF(I74=2,"Green",IF(I74=1,"Amber","Red"))))
A75: 12 | B75: Manager Verification | C75: Manager has verified practice, not only paperwork. | D75: Manager observation/sign-off | E75: Observation/records | F75: Reg 17 | G75: Good governance | H75: High | U75: =IF(I75="","",IF(I75="NA","Grey",IF(I75=2,"Green",IF(I75=1,"Amber","Red"))))
A77: Manager summary / lessons learned
A78: Week 2 – Infection Surveillance Audit Evidence Section
A79: Audit period: | B79: Week 2 | C79: Auditor: | E79: Audit date:
A80: No. | B80: Section | C80: Detailed Audit Question | D80: Evidence Required | E80: Audit Method | F80: CQC Regulation | G80: Quality Statement | H80: Risk Weighting | I80: Score 0/1/2/NA | J80: Evidence Seen / Reference | K80: Finding / Observation | L80: Root Cause / 5 Whys | M80: Immediate Action | N80: Corrective / Preventative Action | O80: Responsible Person | P80: Due Date | Q80: Completion Date | R80: Verified By | S80: Re-audit Required | T80: Status | U80: RAG
A81: 1 | B81: Surveillance | C81: Infection log includes cases, symptoms, onset and action. | D81: Infection log | E81: Record review | F81: Reg 12,17 | G81: Safe systems | H81: High | U81: =IF(I81="","",IF(I81="NA","Grey",IF(I81=2,"Green",IF(I81=1,"Amber","Red"))))
A82: 2 | B82: Trends | C82: Infection trends/clusters are reviewed weekly. | D82: Trend review | E82: Record review | F82: Reg 17 | G82: Learning and improvement | H82: High | U82: =IF(I82="","",IF(I82="NA","Grey",IF(I82=2,"Green",IF(I82=1,"Amber","Red"))))
A83: 3 | B83: Outbreak | C83: Suspected outbreaks are escalated promptly. | D83: Escalation record | E83: Record review | F83: Reg 12,17 | G83: Safe systems | H83: Critical | U83: =IF(I83="","",IF(I83="NA","Grey",IF(I83=2,"Green",IF(I83=1,"Amber","Red"))))
A84: 4 | B84: PPE | C84: PPE stock is sufficient for outbreak and routine use. | D84: Stock check | E84: Observation/records | F84: Reg 12,15 | G84: Safe environments | H84: High | U84: =IF(I84="","",IF(I84="NA","Grey",IF(I84=2,"Green",IF(I84=1,"Amber","Red"))))
A85: 5 | B85: Cleaning | C85: Enhanced cleaning is implemented and evidenced. | D85: Enhanced cleaning schedule | E85: Record review | F85: Reg 12,15 | G85: Safe environments | H85: High | U85: =IF(I85="","",IF(I85="NA","Grey",IF(I85=2,"Green",IF(I85=1,"Amber","Red"))))
A86: 6 | B86: Resident Monitoring | C86: Residents with symptoms have observations and escalation criteria. | D86: Care notes/charts | E86: Record review | F86: Reg 12 | G86: Safe systems | H86: Critical | U86: =IF(I86="","",IF(I86="NA","Grey",IF(I86=2,"Green",IF(I86=1,"Amber","Red"))))
A87: 7 | B87: Staff Sickness | C87: Staff sickness is monitored and return-to-work precautions followed. | D87: Sickness log | E87: Record review | F87: Reg 18 | G87: Safe staffing | H87: High | U87: =IF(I87="","",IF(I87="NA","Grey",IF(I87=2,"Green",IF(I87=1,"Amber","Red"))))
A88: 8 | B88: Lessons | C88: Post-outbreak review captures learning/prevention. | D88: Lessons learned | E88: Record review | F88: Reg 17 | G88: Learning and improvement | H88: High | U88: =IF(I88="","",IF(I88="NA","Grey",IF(I88=2,"Green",IF(I88=1,"Amber","Red"))))
A89: 9 | B89: Governance | C89: Previous audit actions have been reviewed and closed only with evidence. | D89: Previous audit/action tracker | E89: Record review | F89: Reg 17 | G89: Good governance | H89: High | U89: =IF(I89="","",IF(I89="NA","Grey",IF(I89=2,"Green",IF(I89=1,"Amber","Red"))))
A90: 10 | B90: Governance | C90: Repeated issues have RCA/5 Whys and preventative action, not just corrective action. | D90: RCA/action tracker | E90: Record review | F90: Reg 17 | G90: Learning and improvement | H90: High | U90: =IF(I90="","",IF(I90="NA","Grey",IF(I90=2,"Green",IF(I90=1,"Amber","Red"))))
A91: 11 | B91: Evidence | C91: Evidence reference is specific enough for CQC to locate the document, record or photo. | D91: Evidence reference | E91: Record review | F91: Reg 17 | G91: Good governance | H91: Medium | U91: =IF(I91="","",IF(I91="NA","Grey",IF(I91=2,"Green",IF(I91=1,"Amber","Red"))))
A92: 12 | B92: Manager Verification | C92: Manager has verified practice, not only paperwork. | D92: Manager observation/sign-off | E92: Observation/records | F92: Reg 17 | G92: Good governance | H92: High | U92: =IF(I92="","",IF(I92="NA","Grey",IF(I92=2,"Green",IF(I92=1,"Amber","Red"))))
A94: Manager summary / lessons learned
A95: Week 3 – Infection Surveillance Audit Evidence Section
A96: Audit period: | B96: Week 3 | C96: Auditor: | E96: Audit date:
A97: No. | B97: Section | C97: Detailed Audit Question | D97: Evidence Required | E97: Audit Method | F97: CQC Regulation | G97: Quality Statement | H97: Risk Weighting | I97: Score 0/1/2/NA | J97: Evidence Seen / Reference | K97: Finding / Observation | L97: Root Cause / 5 Whys | M97: Immediate Action | N97: Corrective / Preventative Action | O97: Responsible Person | P97: Due Date | Q97: Completion Date | R97: Verified By | S97: Re-audit Required | T97: Status | U97: RAG
A98: 1 | B98: Surveillance | C98: Infection log includes cases, symptoms, onset and action. | D98: Infection log | E98: Record review | F98: Reg 12,17 | G98: Safe systems | H98: High | U98: =IF(I98="","",IF(I98="NA","Grey",IF(I98=2,"Green",IF(I98=1,"Amber","Red"))))
A99: 2 | B99: Trends | C99: Infection trends/clusters are reviewed weekly. | D99: Trend review | E99: Record review | F99: Reg 17 | G99: Learning and improvement | H99: High | U99: =IF(I99="","",IF(I99="NA","Grey",IF(I99=2,"Green",IF(I99=1,"Amber","Red"))))
A100: 3 | B100: Outbreak | C100: Suspected outbreaks are escalated promptly. | D100: Escalation record | E100: Record review | F100: Reg 12,17 | G100: Safe systems | H100: Critical | U100: =IF(I100="","",IF(I100="NA","Grey",IF(I100=2,"Green",IF(I100=1,"Amber","Red"))))
A101: 4 | B101: PPE | C101: PPE stock is sufficient for outbreak and routine use. | D101: Stock check | E101: Observation/records | F101: Reg 12,15 | G101: Safe environments | H101: High | U101: =IF(I101="","",IF(I101="NA","Grey",IF(I101=2,"Green",IF(I101=1,"Amber","Red"))))
A102: 5 | B102: Cleaning | C102: Enhanced cleaning is implemented and evidenced. | D102: Enhanced cleaning schedule | E102: Record review | F102: Reg 12,15 | G102: Safe environments | H102: High | U102: =IF(I102="","",IF(I102="NA","Grey",IF(I102=2,"Green",IF(I102=1,"Amber","Red"))))
A103: 6 | B103: Resident Monitoring | C103: Residents with symptoms have observations and escalation criteria. | D103: Care notes/charts | E103: Record review | F103: Reg 12 | G103: Safe systems | H103: Critical | U103: =IF(I103="","",IF(I103="NA","Grey",IF(I103=2,"Green",IF(I103=1,"Amber","Red"))))
A104: 7 | B104: Staff Sickness | C104: Staff sickness is monitored and return-to-work precautions followed. | D104: Sickness log | E104: Record review | F104: Reg 18 | G104: Safe staffing | H104: High | U104: =IF(I104="","",IF(I104="NA","Grey",IF(I104=2,"Green",IF(I104=1,"Amber","Red"))))
A105: 8 | B105: Lessons | C105: Post-outbreak review captures learning/prevention. | D105: Lessons learned | E105: Record review | F105: Reg 17 | G105: Learning and improvement | H105: High | U105: =IF(I105="","",IF(I105="NA","Grey",IF(I105=2,"Green",IF(I105=1,"Amber","Red"))))
A106: 9 | B106: Governance | C106: Previous audit actions have been reviewed and closed only with evidence. | D106: Previous audit/action tracker | E106: Record review | F106: Reg 17 | G106: Good governance | H106: High | U106: =IF(I106="","",IF(I106="NA","Grey",IF(I106=2,"Green",IF(I106=1,"Amber","Red"))))
A107: 10 | B107: Governance | C107: Repeated issues have RCA/5 Whys and preventative action, not just corrective action. | D107: RCA/action tracker | E107: Record review | F107: Reg 17 | G107: Learning and improvement | H107: High | U107: =IF(I107="","",IF(I107="NA","Grey",IF(I107=2,"Green",IF(I107=1,"Amber","Red"))))
...

Sheet Resident Dignity
A1: Resident Dignity Audit – Annual Evidence (Monthly)
A2: Instruction: | B2: Complete each period on this tab so the full year is held in one evidence location. Pale yellow cells are editable. Formula/RAG/header cells are locked only, with no password.
A4: Period | B4: Due Date | C4: Audit Date | D4: Auditor | E4: Total Score | F4: Max Score | G4: Compliance % | H4: RAG | I4: Critical/High Risks | J4: Open Actions | K4: Overdue Actions | L4: Manager Sign-Off | M4: Provider Sign-Off | N4: Evidence Folder Ref | O4: Summary / Key Findings
A5: January | B5: 46050 | E5: =SUMIF(I24:I39,">=0",I24:I39) -> 0 | F5: =COUNT(I24:I39)*2 -> 0 | G5: =IF(F5=0,"",E5/F5) | H5: =IF(G5="","Not Started",IF(G5>=0.9,"Green",IF(G5>=0.75,"Amber","Red"))) -> Not Started | I5: =COUNTIFS(H24:H39,"Critical",I24:I39,"<2")+COUNTIFS(H24:H39,"High",I24:I39,"<2") -> 0 | J5: =COUNTIF(T24:T39,"In Progress")+COUNTIF(T24:T39,"Not Started") -> 0 | K5: =COUNTIFS(P24:P39,"<"&TODAY(),Q24:Q39,"") -> 0
A6: February | B6: 46081 | E6: =SUMIF(I45:I60,">=0",I45:I60) -> 0 | F6: =COUNT(I45:I60)*2 -> 0 | G6: =IF(F6=0,"",E6/F6) | H6: =IF(G6="","Not Started",IF(G6>=0.9,"Green",IF(G6>=0.75,"Amber","Red"))) -> Not Started | I6: =COUNTIFS(H45:H60,"Critical",I45:I60,"<2")+COUNTIFS(H45:H60,"High",I45:I60,"<2") -> 0 | J6: =COUNTIF(T45:T60,"In Progress")+COUNTIF(T45:T60,"Not Started") -> 0 | K6: =COUNTIFS(P45:P60,"<"&TODAY(),Q45:Q60,"") -> 0
A7: March | B7: 46109 | E7: =SUMIF(I66:I81,">=0",I66:I81) -> 0 | F7: =COUNT(I66:I81)*2 -> 0 | G7: =IF(F7=0,"",E7/F7) | H7: =IF(G7="","Not Started",IF(G7>=0.9,"Green",IF(G7>=0.75,"Amber","Red"))) -> Not Started | I7: =COUNTIFS(H66:H81,"Critical",I66:I81,"<2")+COUNTIFS(H66:H81,"High",I66:I81,"<2") -> 0 | J7: =COUNTIF(T66:T81,"In Progress")+COUNTIF(T66:T81,"Not Started") -> 0 | K7: =COUNTIFS(P66:P81,"<"&TODAY(),Q66:Q81,"") -> 0
A8: April | B8: 46140 | E8: =SUMIF(I87:I102,">=0",I87:I102) -> 0 | F8: =COUNT(I87:I102)*2 -> 0 | G8: =IF(F8=0,"",E8/F8) | H8: =IF(G8="","Not Started",IF(G8>=0.9,"Green",IF(G8>=0.75,"Amber","Red"))) -> Not Started | I8: =COUNTIFS(H87:H102,"Critical",I87:I102,"<2")+COUNTIFS(H87:H102,"High",I87:I102,"<2") -> 0 | J8: =COUNTIF(T87:T102,"In Progress")+COUNTIF(T87:T102,"Not Started") -> 0 | K8: =COUNTIFS(P87:P102,"<"&TODAY(),Q87:Q102,"") -> 0
A9: May | B9: 46170 | E9: =SUMIF(I108:I123,">=0",I108:I123) -> 0 | F9: =COUNT(I108:I123)*2 -> 0 | G9: =IF(F9=0,"",E9/F9) | H9: =IF(G9="","Not Started",IF(G9>=0.9,"Green",IF(G9>=0.75,"Amber","Red"))) -> Not Started | I9: =COUNTIFS(H108:H123,"Critical",I108:I123,"<2")+COUNTIFS(H108:H123,"High",I108:I123,"<2") -> 0 | J9: =COUNTIF(T108:T123,"In Progress")+COUNTIF(T108:T123,"Not Started") -> 0 | K9: =COUNTIFS(P108:P123,"<"&TODAY(),Q108:Q123,"") -> 0
A10: June | B10: 46201 | E10: =SUMIF(I129:I144,">=0",I129:I144) -> 0 | F10: =COUNT(I129:I144)*2 -> 0 | G10: =IF(F10=0,"",E10/F10) | H10: =IF(G10="","Not Started",IF(G10>=0.9,"Green",IF(G10>=0.75,"Amber","Red"))) -> Not Started | I10: =COUNTIFS(H129:H144,"Critical",I129:I144,"<2")+COUNTIFS(H129:H144,"High",I129:I144,"<2") -> 0 | J10: =COUNTIF(T129:T144,"In Progress")+COUNTIF(T129:T144,"Not Started") -> 0 | K10: =COUNTIFS(P129:P144,"<"&TODAY(),Q129:Q144,"") -> 0
A11: July | B11: 46231 | E11: =SUMIF(I150:I165,">=0",I150:I165) -> 0 | F11: =COUNT(I150:I165)*2 -> 0 | G11: =IF(F11=0,"",E11/F11) | H11: =IF(G11="","Not Started",IF(G11>=0.9,"Green",IF(G11>=0.75,"Amber","Red"))) -> Not Started | I11: =COUNTIFS(H150:H165,"Critical",I150:I165,"<2")+COUNTIFS(H150:H165,"High",I150:I165,"<2") -> 0 | J11: =COUNTIF(T150:T165,"In Progress")+COUNTIF(T150:T165,"Not Started") -> 0 | K11: =COUNTIFS(P150:P165,"<"&TODAY(),Q150:Q165,"") -> 0
A12: August | B12: 46262 | E12: =SUMIF(I171:I186,">=0",I171:I186) -> 0 | F12: =COUNT(I171:I186)*2 -> 0 | G12: =IF(F12=0,"",E12/F12) | H12: =IF(G12="","Not Started",IF(G12>=0.9,"Green",IF(G12>=0.75,"Amber","Red"))) -> Not Started | I12: =COUNTIFS(H171:H186,"Critical",I171:I186,"<2")+COUNTIFS(H171:H186,"High",I171:I186,"<2") -> 0 | J12: =COUNTIF(T171:T186,"In Progress")+COUNTIF(T171:T186,"Not Started") -> 0 | K12: =COUNTIFS(P171:P186,"<"&TODAY(),Q171:Q186,"") -> 0
A13: September | B13: 46293 | E13: =SUMIF(I192:I207,">=0",I192:I207) -> 0 | F13: =COUNT(I192:I207)*2 -> 0 | G13: =IF(F13=0,"",E13/F13) | H13: =IF(G13="","Not Started",IF(G13>=0.9,"Green",IF(G13>=0.75,"Amber","Red"))) -> Not Started | I13: =COUNTIFS(H192:H207,"Critical",I192:I207,"<2")+COUNTIFS(H192:H207,"High",I192:I207,"<2") -> 0 | J13: =COUNTIF(T192:T207,"In Progress")+COUNTIF(T192:T207,"Not Started") -> 0 | K13: =COUNTIFS(P192:P207,"<"&TODAY(),Q192:Q207,"") -> 0
A14: October | B14: 46323 | E14: =SUMIF(I213:I228,">=0",I213:I228) -> 0 | F14: =COUNT(I213:I228)*2 -> 0 | G14: =IF(F14=0,"",E14/F14) | H14: =IF(G14="","Not Started",IF(G14>=0.9,"Green",IF(G14>=0.75,"Amber","Red"))) -> Not Started | I14: =COUNTIFS(H213:H228,"Critical",I213:I228,"<2")+COUNTIFS(H213:H228,"High",I213:I228,"<2") -> 0 | J14: =COUNTIF(T213:T228,"In Progress")+COUNTIF(T213:T228,"Not Started") -> 0 | K14: =COUNTIFS(P213:P228,"<"&TODAY(),Q213:Q228,"") -> 0
A15: November | B15: 46354 | E15: =SUMIF(I234:I249,">=0",I234:I249) -> 0 | F15: =COUNT(I234:I249)*2 -> 0 | G15: =IF(F15=0,"",E15/F15) | H15: =IF(G15="","Not Started",IF(G15>=0.9,"Green",IF(G15>=0.75,"Amber","Red"))) -> Not Started | I15: =COUNTIFS(H234:H249,"Critical",I234:I249,"<2")+COUNTIFS(H234:H249,"High",I234:I249,"<2") -> 0 | J15: =COUNTIF(T234:T249,"In Progress")+COUNTIF(T234:T249,"Not Started") -> 0 | K15: =COUNTIFS(P234:P249,"<"&TODAY(),Q234:Q249,"") -> 0
A16: December | B16: 46384 | E16: =SUMIF(I255:I270,">=0",I255:I270) -> 0 | F16: =COUNT(I255:I270)*2 -> 0 | G16: =IF(F16=0,"",E16/F16) | H16: =IF(G16="","Not Started",IF(G16>=0.9,"Green",IF(G16>=0.75,"Amber","Red"))) -> Not Started | I16: =COUNTIFS(H255:H270,"Critical",I255:I270,"<2")+COUNTIFS(H255:H270,"High",I255:I270,"<2") -> 0 | J16: =COUNTIF(T255:T270,"In Progress")+COUNTIF(T255:T270,"Not Started") -> 0 | K16: =COUNTIFS(P255:P270,"<"&TODAY(),Q255:Q270,"") -> 0
A21: January – Resident Dignity Audit Evidence Section
A22: Audit period: | B22: January | C22: Auditor: | E22: Audit date:
A23: No. | B23: Section | C23: Detailed Audit Question | D23: Evidence Required | E23: Audit Method | F23: CQC Regulation | G23: Quality Statement | H23: Risk Weighting | I23: Score 0/1/2/NA | J23: Evidence Seen / Reference | K23: Finding / Observation | L23: Root Cause / 5 Whys | M23: Immediate Action | N23: Corrective / Preventative Action | O23: Responsible Person | P23: Due Date | Q23: Completion Date | R23: Verified By | S23: Re-audit Required | T23: Status | U23: RAG
A24: 1 | B24: Specific Check | C24: This audit includes a detailed check of privacy during personal care. | D24: Evidence relating to privacy during personal care | E24: Record review/observation | F24: Reg 9/10/11/12/13/14/15/17/18/19 as applicable | G24: CQC quality statements: safe systems, safe environments, person-centred care, governance, learning | H24: High | U24: =IF(I24="","",IF(I24="NA","Grey",IF(I24=2,"Green",IF(I24=1,"Amber","Red"))))
A25: 2 | B25: Specific Check | C25: This audit includes a detailed check of life history and meaningful activities. | D25: Evidence relating to life history and meaningful activities | E25: Record review/observation | F25: Reg 9/10/11/12/13/14/15/17/18/19 as applicable | G25: CQC quality statements: safe systems, safe environments, person-centred care, governance, learning | H25: High | U25: =IF(I25="","",IF(I25="NA","Grey",IF(I25=2,"Green",IF(I25=1,"Amber","Red"))))
A26: 3 | B26: Specific Check | C26: This audit includes a detailed check of cultural/religious wishes. | D26: Evidence relating to cultural/religious wishes | E26: Record review/observation | F26: Reg 9/10/11/12/13/14/15/17/18/19 as applicable | G26: CQC quality statements: safe systems, safe environments, person-centred care, governance, learning | H26: High | U26: =IF(I26="","",IF(I26="NA","Grey",IF(I26=2,"Green",IF(I26=1,"Amber","Red"))))
A27: 4 | B27: Specific Check | C27: This audit includes a detailed check of complaints and compliments learning. | D27: Evidence relating to complaints and compliments learning | E27: Record review/observation | F27: Reg 9/10/11/12/13/14/15/17/18/19 as applicable | G27: CQC quality statements: safe systems, safe environments, person-centred care, governance, learning | H27: High | U27: =IF(I27="","",IF(I27="NA","Grey",IF(I27=2,"Green",IF(I27=1,"Amber","Red"))))
A28: 5 | B28: Assessment | C28: Records are current, person-centred and reflect resident needs/preferences. | D28: Care records/audit evidence | E28: Record review | F28: Reg 9/10/11/12/13/14/15/17/18/19 as applicable | G28: CQC quality statements: safe systems, safe environments, person-centred care, governance, learning | H28: High | U28: =IF(I28="","",IF(I28="NA","Grey",IF(I28=2,"Green",IF(I28=1,"Amber","Red"))))
A29: 6 | B29: Observation | C29: Observed practice matches written records and expected standards. | D29: Direct observation | E29: Observation | F29: Reg 9/10/11/12/13/14/15/17/18/19 as applicable | G29: CQC quality statements: safe systems, safe environments, person-centred care, governance, learning | H29: High | U29: =IF(I29="","",IF(I29="NA","Grey",IF(I29=2,"Green",IF(I29=1,"Amber","Red"))))
A30: 7 | B30: Risk | C30: Risks are identified, assessed, escalated and reviewed. | D30: Risk assessment/escalation record | E30: Record review | F30: Reg 9/10/11/12/13/14/15/17/18/19 as applicable | G30: CQC quality statements: safe systems, safe environments, person-centred care, governance, learning | H30: Critical | U30: =IF(I30="","",IF(I30="NA","Grey",IF(I30=2,"Green",IF(I30=1,"Amber","Red"))))
A31: 8 | B31: Communication | C31: Staff handover, care notes or team communication evidence the issue is understood. | D31: Handover/daily notes | E31: Record review/interview | F31: Reg 9/10/11/12/13/14/15/17/18/19 as applicable | G31: CQC quality statements: safe systems, safe environments, person-centred care, governance, learning | H31: High | U31: =IF(I31="","",IF(I31="NA","Grey",IF(I31=2,"Green",IF(I31=1,"Amber","Red"))))
A32: 9 | B32: Resident Voice | C32: Resident choice, dignity, independence and feedback are considered. | D32: Resident/relative feedback | E32: Interview/records | F32: Reg 9/10/11/12/13/14/15/17/18/19 as applicable | G32: CQC quality statements: safe systems, safe environments, person-centred care, governance, learning | H32: Medium | U32: =IF(I32="","",IF(I32="NA","Grey",IF(I32=2,"Green",IF(I32=1,"Amber","Red"))))
A33: 10 | B33: Professional Input | C33: External professional advice is sought and followed where required. | D33: GP/SALT/dietitian/nurse notes | E33: Record review | F33: Reg 9/10/11/12/13/14/15/17/18/19 as applicable | G33: CQC quality statements: safe systems, safe environments, person-centred care, governance, learning | H33: High | U33: =IF(I33="","",IF(I33="NA","Grey",IF(I33=2,"Green",IF(I33=1,"Amber","Red"))))
A34: 11 | B34: Staff Competence | C34: Staff understand the procedure and can explain escalation. | D34: Staff interview/competency | E34: Interview/records | F34: Reg 9/10/11/12/13/14/15/17/18/19 as applicable | G34: CQC quality statements: safe systems, safe environments, person-centred care, governance, learning | H34: High | U34: =IF(I34="","",IF(I34="NA","Grey",IF(I34=2,"Green",IF(I34=1,"Amber","Red"))))
A35: 12 | B35: Documentation | C35: Records are accurate, dated, signed and contemporaneous. | D35: Relevant records | E35: Record review | F35: Reg 17 | G35: Good governance | H35: High | U35: =IF(I35="","",IF(I35="NA","Grey",IF(I35=2,"Green",IF(I35=1,"Amber","Red"))))
... A39: 16 | B39: Manager Verification | C39: Manager has verified practice, not only paperwork. | D39: Manager observation/sign-off | E39: Observation/records | F39: Reg 17 | G39: Good governance | H39: High | U39: =IF(I39="","",IF(I39="NA","Grey",IF(I39=2,"Green",IF(I39=1,"Amber","Red"))))
A41: Manager summary / lessons learned
A42: February – Resident Dignity Audit Evidence Section
A43: Audit period: | B43: February | C43: Auditor: | E43: Audit date:
A44: No. | B44: Section | C44: Detailed Audit Question | D44: Evidence Required | E44: Audit Method | F44: CQC Regulation | G44: Quality Statement | H44: Risk Weighting | I44: Score 0/1/2/NA | J44: Evidence Seen / Reference | K44: Finding / Observation | L44: Root Cause / 5 Whys | M44: Immediate Action | N44: Corrective / Preventative Action | O44: Responsible Person | P44: Due Date | Q44: Completion Date | R44: Verified By | S44: Re-audit Required | T44: Status | U44: RAG
A45: 1 | B45: Specific Check | C45: This audit includes a detailed check of privacy during personal care. | D45: Evidence relating to privacy during personal care | E45: Record review/observation | F45: Reg 9/10/11/12/13/14/15/17/18/19 as applicable | G45: CQC quality statements: safe systems, safe environments, person-centred care, governance, learning | H45: High | U45: =IF(I45="","",IF(I45="NA","Grey",IF(I45=2,"Green",IF(I45=1,"Amber","Red"))))
A46: 2 | B46: Specific Check | C46: This audit includes a detailed check of life history and meaningful activities. | D46: Evidence relating to life history and meaningful activities | E46: Record review/observation | F46: Reg 9/10/11/12/13/14/15/17/18/19 as applicable | G46: CQC quality statements: safe systems, safe environments, person-centred care, governance, learning | H46: High | U46: =IF(I46="","",IF(I46="NA","Grey",IF(I46=2,"Green",IF(I46=1,"Amber","Red"))))
A47: 3 | B47: Specific Check | C47: This audit includes a detailed check of cultural/religious wishes. | D47: Evidence relating to cultural/religious wishes | E47: Record review/observation | F47: Reg 9/10/11/12/13/14/15/17/18/19 as applicable | G47: CQC quality statements: safe systems, safe environments, person-centred care, governance, learning | H47: High | U47: =IF(I47="","",IF(I47="NA","Grey",IF(I47=2,"Green",IF(I47=1,"Amber","Red"))))
A48: 4 | B48: Specific Check | C48: This audit includes a detailed check of complaints and compliments learning. | D48: Evidence relating to complaints and compliments learning | E48: Record review/observation | F48: Reg 9/10/11/12/13/14/15/17/18/19 as applicable | G48: CQC quality statements: safe systems, safe environments, person-centred care, governance, learning | H48: High | U48: =IF(I48="","",IF(I48="NA","Grey",IF(I48=2,"Green",IF(I48=1,"Amber","Red"))))
A49: 5 | B49: Assessment | C49: Records are current, person-centred and reflect resident needs/preferences. | D49: Care records/audit evidence | E49: Record review | F49: Reg 9/10/11/12/13/14/15/17/18/19 as applicable | G49: CQC quality statements: safe systems, safe environments, person-centred care, governance, learning | H49: High | U49: =IF(I49="","",IF(I49="NA","Grey",IF(I49=2,"Green",IF(I49=1,"Amber","Red"))))
A50: 6 | B50: Observation | C50: Observed practice matches written records and expected standards. | D50: Direct observation | E50: Observation | F50: Reg 9/10/11/12/13/14/15/17/18/19 as applicable | G50: CQC quality statements: safe systems, safe environments, person-centred care, governance, learning | H50: High | U50: =IF(I50="","",IF(I50="NA","Grey",IF(I50=2,"Green",IF(I50=1,"Amber","Red"))))
A51: 7 | B51: Risk | C51: Risks are identified, assessed, escalated and reviewed. | D51: Risk assessment/escalation record | E51: Record review | F51: Reg 9/10/11/12/13/14/15/17/18/19 as applicable | G51: CQC quality statements: safe systems, safe environments, person-centred care, governance, learning | H51: Critical | U51: =IF(I51="","",IF(I51="NA","Grey",IF(I51=2,"Green",IF(I51=1,"Amber","Red"))))
A52: 8 | B52: Communication | C52: Staff handover, care notes or team communication evidence the issue is understood. | D52: Handover/daily notes | E52: Record review/interview | F52: Reg 9/10/11/12/13/14/15/17/18/19 as applicable | G52: CQC quality statements: safe systems, safe environments, person-centred care, governance, learning | H52: High | U52: =IF(I52="","",IF(I52="NA","Grey",IF(I52=2,"Green",IF(I52=1,"Amber","Red"))))
A53: 9 | B53: Resident Voice | C53: Resident choice, dignity, independence and feedback are considered. | D53: Resident/relative feedback | E53: Interview/records | F53: Reg 9/10/11/12/13/14/15/17/18/19 as applicable | G53: CQC quality statements: safe systems, safe environments, person-centred care, governance, learning | H53: Medium | U53: =IF(I53="","",IF(I53="NA","Grey",IF(I53=2,"Green",IF(I53=1,"Amber","Red"))))
A54: 10 | B54: Professional Input | C54: External professional advice is sought and followed where required. | D54: GP/SALT/dietitian/nurse notes | E54: Record review | F54: Reg 9/10/11/12/13/14/15/17/18/19 as applicable | G54: CQC quality statements: safe systems, safe environments, person-centred care, governance, learning | H54: High | U54: =IF(I54="","",IF(I54="NA","Grey",IF(I54=2,"Green",IF(I54=1,"Amber","Red"))))
A55: 11 | B55: Staff Competence | C55: Staff understand the procedure and can explain escalation. | D55: Staff interview/competency | E55: Interview/records | F55: Reg 9/10/11/12/13/14/15/17/18/19 as applicable | G55: CQC quality statements: safe systems, safe environments, person-centred care, governance, learning | H55: High | U55: =IF(I55="","",IF(I55="NA","Grey",IF(I55=2,"Green",IF(I55=1,"Amber","Red"))))
A56: 12 | B56: Documentation | C56: Records are accurate, dated, signed and contemporaneous. | D56: Relevant records | E56: Record review | F56: Reg 17 | G56: Good governance | H56: High | U56: =IF(I56="","",IF(I56="NA","Grey",IF(I56=2,"Green",IF(I56=1,"Amber","Red"))))
... A60: 16 | B60: Manager Verification | C60: Manager has verified practice, not only paperwork. | D60: Manager observation/sign-off | E60: Observation/records | F60: Reg 17 | G60: Good governance | H60: High | U60: =IF(I60="","",IF(I60="NA","Grey",IF(I60=2,"Green",IF(I60=1,"Amber","Red"))))
A62: Manager summary / lessons learned
A63: March – Resident Dignity Audit Evidence Section
A64: Audit period: | B64: March | C64: Auditor: | E64: Audit date:
A65: No. | B65: Section | C65: Detailed Audit Question | D65: Evidence Required | E65: Audit Method | F65: CQC Regulation | G65: Quality Statement | H65: Risk Weighting | I65: Score 0/1/2/NA | J65: Evidence Seen / Reference | K65: Finding / Observation | L65: Root Cause / 5 Whys | M65: Immediate Action | N65: Corrective / Preventative Action | O65: Responsible Person | P65: Due Date | Q65: Completion Date | R65: Verified By | S65: Re-audit Required | T65: Status | U65: RAG
A66: 1 | B66: Specific Check | C66: This audit includes a detailed check of privacy during personal care. | D66: Evidence relating to privacy during personal care | E66: Record review/observation | F66: Reg 9/10/11/12/13/14/15/17/18/19 as applicable | G66: CQC quality statements: safe systems, safe environments, person-centred care, governance, learning | H66: High | U66: =IF(I66="","",IF(I66="NA","Grey",IF(I66=2,"Green",IF(I66=1,"Amber","Red"))))
A67: 2 | B67: Specific Check | C67: This audit includes a detailed check of life history and meaningful activities. | D67: Evidence relating to life history and meaningful activities | E67: Record review/observation | F67: Reg 9/10/11/12/13/14/15/17/18/19 as applicable | G67: CQC quality statements: safe systems, safe environments, person-centred care, governance, learning | H67: High | U67: =IF(I67="","",IF(I67="NA","Grey",IF(I67=2,"Green",IF(I67=1,"Amber","Red"))))
A68: 3 | B68: Specific Check | C68: This audit includes a detailed check of cultural/religious wishes. | D68: Evidence relating to cultural/religious wishes | E68: Record review/observation | F68: Reg 9/10/11/12/13/14/15/17/18/19 as applicable | G68: CQC quality statements: safe systems, safe environments, person-centred care, governance, learning | H68: High | U68: =IF(I68="","",IF(I68="NA","Grey",IF(I68=2,"Green",IF(I68=1,"Amber","Red"))))
A69: 4 | B69: Specific Check | C69: This audit includes a detailed check of complaints and compliments learning. | D69: Evidence relating to complaints and compliments learning | E69: Record review/observation | F69: Reg 9/10/11/12/13/14/15/17/18/19 as applicable | G69: CQC quality statements: safe systems, safe environments, person-centred care, governance, learning | H69: High | U69: =IF(I69="","",IF(I69="NA","Grey",IF(I69=2,"Green",IF(I69=1,"Amber","Red"))))
A70: 5 | B70: Assessment | C70: Records are current, person-centred and reflect resident needs/preferences. | D70: Care records/audit evidence | E70: Record review | F70: Reg 9/10/11/12/13/14/15/17/18/19 as applicable | G70: CQC quality statements: safe systems, safe environments, person-centred care, governance, learning | H70: High | U70: =IF(I70="","",IF(I70="NA","Grey",IF(I70=2,"Green",IF(I70=1,"Amber","Red"))))
A71: 6 | B71: Observation | C71: Observed practice matches written records and expected standards. | D71: Direct observation | E71: Observation | F71: Reg 9/10/11/12/13/14/15/17/18/19 as applicable | G71: CQC quality statements: safe systems, safe environments, person-centred care, governance, learning | H71: High | U71: =IF(I71="","",IF(I71="NA","Grey",IF(I71=2,"Green",IF(I71=1,"Amber","Red"))))
A72: 7 | B72: Risk | C72: Risks are identified, assessed, escalated and reviewed. | D72: Risk assessment/escalation record | E72: Record review | F72: Reg 9/10/11/12/13/14/15/17/18/19 as applicable | G72: CQC quality statements: safe systems, safe environments, person-centred care, governance, learning | H72: Critical | U72: =IF(I72="","",IF(I72="NA","Grey",IF(I72=2,"Green",IF(I72=1,"Amber","Red"))))
A73: 8 | B73: Communication | C73: Staff handover, care notes or team communication evidence the issue is understood. | D73: Handover/daily notes | E73: Record review/interview | F73: Reg 9/10/11/12/13/14/15/17/18/19 as applicable | G73: CQC quality statements: safe systems, safe environments, person-centred care, governance, learning | H73: High | U73: =IF(I73="","",IF(I73="NA","Grey",IF(I73=2,"Green",IF(I73=1,"Amber","Red"))))
A74: 9 | B74: Resident Voice | C74: Resident choice, dignity, independence and feedback are considered. | D74: Resident/relative feedback | E74: Interview/records | F74: Reg 9/10/11/12/13/14/15/17/18/19 as applicable | G74: CQC quality statements: safe systems, safe environments, person-centred care, governance, learning | H74: Medium | U74: =IF(I74="","",IF(I74="NA","Grey",IF(I74=2,"Green",IF(I74=1,"Amber","Red"))))
A75: 10 | B75: Professional Input | C75: External professional advice is sought and followed where required. | D75: GP/SALT/dietitian/nurse notes | E75: Record review | F75: Reg 9/10/11/12/13/14/15/17/18/19 as applicable | G75: CQC quality statements: safe systems, safe environments, person-centred care, governance, learning | H75: High | U75: =IF(I75="","",IF(I75="NA","Grey",IF(I75=2,"Green",IF(I75=1,"Amber","Red"))))
A76: 11 | B76: Staff Competence | C76: Staff understand the procedure and can explain escalation. | D76: Staff interview/competency | E76: Interview/records | F76: Reg 9/10/11/12/13/14/15/17/18/19 as applicable | G76: CQC quality statements: safe systems, safe environments, person-centred care, governance, learning | H76: High | U76: =IF(I76="","",IF(I76="NA","Grey",IF(I76=2,"Green",IF(I76=1,"Amber","Red"))))
A77: 12 | B77: Documentation | C77: Records are accurate, dated, signed and contemporaneous. | D77: Relevant records | E77: Record review | F77: Reg 17 | G77: Good governance | H77: High | U77: =IF(I77="","",IF(I77="NA","Grey",IF(I77=2,"Green",IF(I77=1,"Amber","Red"))))
... A81: 16 | B81: Manager Verification | C81: Manager has verified practice, not only paperwork. | D81: Manager observation/sign-off | E81: Observation/records | F81: Reg 17 | G81: Good governance | H81: High | U81: =IF(I81="","",IF(I81="NA","Grey",IF(I81=2,"Green",IF(I81=1,"Amber","Red"))))
A83: Manager summary / lessons learned
A84: April – Resident Dignity Audit Evidence Section
A85: Audit period: | B85: April | C85: Auditor: | E85: Audit date:
A86: No. | B86: Section | C86: Detailed Audit Question | D86: Evidence Required | E86: Audit Method | F86: CQC Regulation | G86: Quality Statement | H86: Risk Weighting | I86: Score 0/1/2/NA | J86: Evidence Seen / Reference | K86: Finding / Observation | L86: Root Cause / 5 Whys | M86: Immediate Action | N86: Corrective / Preventative Action | O86: Responsible Person | P86: Due Date | Q86: Completion Date | R86: Verified By | S86: Re-audit Required | T86: Status | U86: RAG
A87: 1 | B87: Specific Check | C87: This audit includes a detailed check of privacy during personal care. | D87: Evidence relating to privacy during personal care | E87: Record review/observation | F87: Reg 9/10/11/12/13/14/15/17/18/19 as applicable | G87: CQC quality statements: safe systems, safe environments, person-centred care, governance, learning | H87: High | U87: =IF(I87="","",IF(I87="NA","Grey",IF(I87=2,"Green",IF(I87=1,"Amber","Red"))))
A88: 2 | B88: Specific Check | C88: This audit includes a detailed check of life history and meaningful activities. | D88: Evidence relating to life history and meaningful activities | E88: Record review/observation | F88: Reg 9/10/11/12/13/14/15/17/18/19 as applicable | G88: CQC quality statements: safe systems, safe environments, person-centred care, governance, learning | H88: High | U88: =IF(I88="","",IF(I88="NA","Grey",IF(I88=2,"Green",IF(I88=1,"Amber","Red"))))
A89: 3 | B89: Specific Check | C89: This audit includes a detailed check of cultural/religious wishes. | D89: Evidence relating to cultural/religious wishes | E89: Record review/observation | F89: Reg 9/10/11/12/13/14/15/17/18/19 as applicable | G89: CQC quality statements: safe systems, safe environments, person-centred care, governance, learning | H89: High | U89: =IF(I89="","",IF(I89="NA","Grey",IF(I89=2,"Green",IF(I89=1,"Amber","Red"))))
A90: 4 | B90: Specific Check | C90: This audit includes a detailed check of complaints and compliments learning. | D90: Evidence relating to complaints and compliments learning | E90: Record review/observation | F90: Reg 9/10/11/12/13/14/15/17/18/19 as applicable | G90: CQC quality statements: safe systems, safe environments, person-centred care, governance, learning | H90: High | U90: =IF(I90="","",IF(I90="NA","Grey",IF(I90=2,"Green",IF(I90=1,"Amber","Red"))))
A91: 5 | B91: Assessment | C91: Records are current, person-centred and reflect resident needs/preferences. | D91: Care records/audit evidence | E91: Record review | F91: Reg 9/10/11/12/13/14/15/17/18/19 as applicable | G91: CQC quality statements: safe systems, safe environments, person-centred care, governance, learning | H91: High | U91: =IF(I91="","",IF(I91="NA","Grey",IF(I91=2,"Green",IF(I91=1,"Amber","Red"))))
A92: 6 | B92: Observation | C92: Observed practice matches written records and expected standards. | D92: Direct observation | E92: Observation | F92: Reg 9/10/11/12/13/14/15/17/18/19 as applicable | G92: CQC quality statements: safe systems, safe environments, person-centred care, governance, learning | H92: High | U92: =IF(I92="","",IF(I92="NA","Grey",IF(I92=2,"Green",IF(I92=1,"Amber","Red"))))
A93: 7 | B93: Risk | C93: Risks are identified, assessed, escalated and reviewed. | D93: Risk assessment/escalation record | E93: Record review | F93: Reg 9/10/11/12/13/14/15/17/18/19 as applicable | G93: CQC quality statements: safe systems, safe environments, person-centred care, governance, learning | H93: Critical | U93: =IF(I93="","",IF(I93="NA","Grey",IF(I93=2,"Green",IF(I93=1,"Amber","Red"))))
A94: 8 | B94: Communication | C94: Staff handover, care notes or team communication evidence the issue is understood. | D94: Handover/daily notes | E94: Record review/interview | F94: Reg 9/10/11/12/13/14/15/17/18/19 as applicable | G94: CQC quality statements: safe systems, safe environments, person-centred care, governance, learning | H94: High | U94: =IF(I94="","",IF(I94="NA","Grey",IF(I94=2,"Green",IF(I94=1,"Amber","Red"))))
A95: 9 | B95: Resident Voice | C95: Resident choice, dignity, independence and feedback are considered. | D95: Resident/relative feedback | E95: Interview/records | F95: Reg 9/10/11/12/13/14/15/17/18/19 as applicable | G95: CQC quality statements: safe systems, safe environments, person-centred care, governance, learning | H95: Medium | U95: =IF(I95="","",IF(I95="NA","Grey",IF(I95=2,"Green",IF(I95=1,"Amber","Red"))))
A96: 10 | B96: Professional Input | C96: External professional advice is sought and followed where required. | D96: GP/SALT/dietitian/nurse notes | E96: Record review | F96: Reg 9/10/11/12/13/14/15/17/18/19 as applicable | G96: CQC quality statements: safe systems, safe environments, person-centred care, governance, learning | H96: High | U96: =IF(I96="","",IF(I96="NA","Grey",IF(I96=2,"Green",IF(I96=1,"Amber","Red"))))
A97: 11 | B97: Staff Competence | C97: Staff understand the procedure and can explain escalation. | D97: Staff interview/competency | E97: Interview/records | F97: Reg 9/10/11/12/13/14/15/17/18/19 as applicable | G97: CQC quality statements: safe systems, safe environments, person-centred care, governance, learning | H97: High | U97: =IF(I97="","",IF(I97="NA","Grey",IF(I97=2,"Green",IF(I97=1,"Amber","Red"))))
A98: 12 | B98: Documentation | C98: Records are accurate, dated, signed and contemporaneous. | D98: Relevant records | E98: Record review | F98: Reg 17 | G98: Good governance | H98: High | U98: =IF(I98="","",IF(I98="NA","Grey",IF(I98=2,"Green",IF(I98=1,"Amber","Red"))))
... A102: 16 | B102: Manager Verification | C102: Manager has verified practice, not only paperwork. | D102: Manager observation/sign-off | E102: Observation/records | F102: Reg 17 | G102: Good governance | H102: High | U102: =IF(I102="","",IF(I102="NA","Grey",IF(I102=2,"Green",IF(I102=1,"Amber","Red"))))
A104: Manager summary / lessons learned
A105: May – Resident Dignity Audit Evidence Section
A106: Audit period: | B106: May | C106: Auditor: | E106: Audit date:
A107: No. | B107: Section | C107: Detailed Audit Question | D107: Evidence Required | E107: Audit Method | F107: CQC Regulation | G107: Quality Statement | H107: Risk Weighting | I107: Score 0/1/2/NA | J107: Evidence Seen / Reference | K107: Finding / Observation | L107: Root Cause / 5 Whys | M107: Immediate Action | N107: Corrective / Preventative Action | O107: Responsible Person | P107: Due Date | Q107: Completion Date | R107: Verified By | S107: Re-audit Required | T107: Status | U107: RAG
A108: 1 | B108: Specific Check | C108: This audit includes a detailed check of privacy during personal care. | D108: Evidence relating to privacy during personal care | E108: Record review/observation | F108: Reg 9/10/11/12/13/14/15/17/18/19 as applicable | G108: CQC quality statements: safe systems, safe environments, person-centred care, governance, learning | H108: High | U108: =IF(I108="","",IF(I108="NA","Grey",IF(I108=2,"Green",IF(I108=1,"Amber","Red"))))
A109: 2 | B109: Specific Check | C109: This audit includes a detailed check of life history and meaningful activities. | D109: Evidence relating to life history and meaningful activities | E109: Record review/observation | F109: Reg 9/10/11/12/13/14/15/17/18/19 as applicable | G109: CQC quality statements: safe systems, safe environments, person-centred care, governance, learning | H109: High | U109: =IF(I109="","",IF(I109="NA","Grey",IF(I109=2,"Green",IF(I109=1,"Amber","Red"))))
A110: 3 | B110: Specific Check | C110: This audit includes a detailed check of cultural/religious wishes. | D110: Evidence relating to cultural/religious wishes | E110: Record review/observation | F110: Reg 9/10/11/12/13/14/15/17/18/19 as applicable | G110: CQC quality statements: safe systems, safe environments, person-centred care, governance, learning | H110: High | U110: =IF(I110="","",IF(I110="NA","Grey",IF(I110=2,"Green",IF(I110=1,"Amber","Red"))))
A111: 4 | B111: Specific Check | C111: This audit includes a detailed check of complaints and compliments learning. | D111: Evidence relating to complaints and compliments learning | E111: Record review/observation | F111: Reg 9/10/11/12/13/14/15/17/18/19 as applicable | G111: CQC quality statements: safe systems, safe environments, person-centred care, governance, learning | H111: High | U111: =IF(I111="","",IF(I111="NA","Grey",IF(I111=2,"Green",IF(I111=1,"Amber","Red"))))
A112: 5 | B112: Assessment | C112: Records are current, person-centred and reflect resident needs/preferences. | D112: Care records/audit evidence | E112: Record review | F112: Reg 9/10/11/12/13/14/15/17/18/19 as applicable | G112: CQC quality statements: safe systems, safe environments, person-centred care, governance, learning | H112: High | U112: =IF(I112="","",IF(I112="NA","Grey",IF(I112=2,"Green",IF(I112=1,"Amber","Red"))))
A113: 6 | B113: Observation | C113: Observed practice matches written records and expected standards. | D113: Direct observation | E113: Observation | F113: Reg 9/10/11/12/13/14/15/17/18/19 as applicable | G113: CQC quality statements: safe systems, safe environments, person-centred care, governance, learning | H113: High | U113: =IF(I113="","",IF(I113="NA","Grey",IF(I113=2,"Green",IF(I113=1,"Amber","Red"))))
A114: 7 | B114: Risk | C114: Risks are identified, assessed, escalated and reviewed. | D114: Risk assessment/escalation record | E114: Record review | F114: Reg 9/10/11/12/13/14/15/17/18/19 as applicable | G114: CQC quality statements: safe systems, safe environments, person-centred care, governance, learning | H114: Critical | U114: =IF(I114="","",IF(I114="NA","Grey",IF(I114=2,"Green",IF(I114=1,"Amber","Red"))))
A115: 8 | B115: Communication | C115: Staff handover, care notes or team communication evidence the issue is understood. | D115: Handover/daily notes | E115: Record review/interview | F115: Reg 9/10/11/12/13/14/15/17/18/19 as applicable | G115: CQC quality statements: safe systems, safe environments, person-centred care, governance, learning | H115: High | U115: =IF(I115="","",IF(I115="NA","Grey",IF(I115=2,"Green",IF(I115=1,"Amber","Red"))))
A116: 9 | B116: Resident Voice | C116: Resident choice, dignity, independence and feedback are considered. | D116: Resident/relative feedback | E116: Interview/records | F116: Reg 9/10/11/12/13/14/15/17/18/19 as applicable | G116: CQC quality statements: safe systems, safe environments, person-centred care, governance, learning | H116: Medium | U116: =IF(I116="","",IF(I116="NA","Grey",IF(I116=2,"Green",IF(I116=1,"Amber","Red"))))
A117: 10 | B117: Professional Input | C117: External professional advice is sought and followed where required. | D117: GP/SALT/dietitian/nurse notes | E117: Record review | F117: Reg 9/10/11/12/13/14/15/17/18/19 as applicable | G117: CQC quality statements: safe systems, safe environments, person-centred care, governance, learning | H117: High | U117: =IF(I117="","",IF(I117="NA","Grey",IF(I117=2,"Green",IF(I117=1,"Amber","Red"))))
A118: 11 | B118: Staff Competence | C118: Staff understand the procedure and can explain escalation. | D118: Staff interview/competency | E118: Interview/records | F118: Reg 9/10/11/12/13/14/15/17/18/19 as applicable | G118: CQC quality statements: safe systems, safe environments, person-centred care, governance, learning | H118: High | U118: =IF(I118="","",IF(I118="NA","Grey",IF(I118=2,"Green",IF(I118=1,"Amber","Red"))))
A119: 12 | B119: Documentation | C119: Records are accurate, dated, signed and contemporaneous. | D119: Relevant records | E119: Record review | F119: Reg 17 | G119: Good governance | H119: High | U119: =IF(I119="","",IF(I119="NA","Grey",IF(I119=2,"Green",IF(I119=1,"Amber","Red"))))
... A123: 16 | B123: Manager Verification | C123: Manager has verified practice, not only paperwork. | D123: Manager observation/sign-off | E123: Observation/records | F123: Reg 17 | G123: Good governance | H123: High | U123: =IF(I123="","",IF(I123="NA","Grey",IF(I123=2,"Green",IF(I123=1,"Amber","Red"))))
A125: Manager summary / lessons learned
...

Sheet Personnel & Workforce
A1: Personnel & Workforce Audit – Annual Evidence (Monthly)
A2: Instruction: | B2: Complete each period on this tab so the full year is held in one evidence location. Pale yellow cells are editable. Formula/RAG/header cells are locked only, with no password.
A4: Period | B4: Due Date | C4: Audit Date | D4: Auditor | E4: Total Score | F4: Max Score | G4: Compliance % | H4: RAG | I4: Critical/High Risks | J4: Open Actions | K4: Overdue Actions | L4: Manager Sign-Off | M4: Provider Sign-Off | N4: Evidence Folder Ref | O4: Summary / Key Findings
A5: January | B5: 46050 | E5: =SUMIF(I24:I39,">=0",I24:I39) -> 0 | F5: =COUNT(I24:I39)*2 -> 0 | G5: =IF(F5=0,"",E5/F5) | H5: =IF(G5="","Not Started",IF(G5>=0.9,"Green",IF(G5>=0.75,"Amber","Red"))) -> Not Started | I5: =COUNTIFS(H24:H39,"Critical",I24:I39,"<2")+COUNTIFS(H24:H39,"High",I24:I39,"<2") -> 0 | J5: =COUNTIF(T24:T39,"In Progress")+COUNTIF(T24:T39,"Not Started") -> 0 | K5: =COUNTIFS(P24:P39,"<"&TODAY(),Q24:Q39,"") -> 0
A6: February | B6: 46081 | E6: =SUMIF(I45:I60,">=0",I45:I60) -> 0 | F6: =COUNT(I45:I60)*2 -> 0 | G6: =IF(F6=0,"",E6/F6) | H6: =IF(G6="","Not Started",IF(G6>=0.9,"Green",IF(G6>=0.75,"Amber","Red"))) -> Not Started | I6: =COUNTIFS(H45:H60,"Critical",I45:I60,"<2")+COUNTIFS(H45:H60,"High",I45:I60,"<2") -> 0 | J6: =COUNTIF(T45:T60,"In Progress")+COUNTIF(T45:T60,"Not Started") -> 0 | K6: =COUNTIFS(P45:P60,"<"&TODAY(),Q45:Q60,"") -> 0
A7: March | B7: 46109 | E7: =SUMIF(I66:I81,">=0",I66:I81) -> 0 | F7: =COUNT(I66:I81)*2 -> 0 | G7: =IF(F7=0,"",E7/F7) | H7: =IF(G7="","Not Started",IF(G7>=0.9,"Green",IF(G7>=0.75,"Amber","Red"))) -> Not Started | I7: =COUNTIFS(H66:H81,"Critical",I66:I81,"<2")+COUNTIFS(H66:H81,"High",I66:I81,"<2") -> 0 | J7: =COUNTIF(T66:T81,"In Progress")+COUNTIF(T66:T81,"Not Started") -> 0 | K7: =COUNTIFS(P66:P81,"<"&TODAY(),Q66:Q81,"") -> 0
A8: April | B8: 46140 | E8: =SUMIF(I87:I102,">=0",I87:I102) -> 0 | F8: =COUNT(I87:I102)*2 -> 0 | G8: =IF(F8=0,"",E8/F8) | H8: =IF(G8="","Not Started",IF(G8>=0.9,"Green",IF(G8>=0.75,"Amber","Red"))) -> Not Started | I8: =COUNTIFS(H87:H102,"Critical",I87:I102,"<2")+COUNTIFS(H87:H102,"High",I87:I102,"<2") -> 0 | J8: =COUNTIF(T87:T102,"In Progress")+COUNTIF(T87:T102,"Not Started") -> 0 | K8: =COUNTIFS(P87:P102,"<"&TODAY(),Q87:Q102,"") -> 0
A9: May | B9: 46170 | E9: =SUMIF(I108:I123,">=0",I108:I123) -> 0 | F9: =COUNT(I108:I123)*2 -> 0 | G9: =IF(F9=0,"",E9/F9) | H9: =IF(G9="","Not Started",IF(G9>=0.9,"Green",IF(G9>=0.75,"Amber","Red"))) -> Not Started | I9: =COUNTIFS(H108:H123,"Critical",I108:I123,"<2")+COUNTIFS(H108:H123,"High",I108:I123,"<2") -> 0 | J9: =COUNTIF(T108:T123,"In Progress")+COUNTIF(T108:T123,"Not Started") -> 0 | K9: =COUNTIFS(P108:P123,"<"&TODAY(),Q108:Q123,"") -> 0
A10: June | B10: 46201 | E10: =SUMIF(I129:I144,">=0",I129:I144) -> 0 | F10: =COUNT(I129:I144)*2 -> 0 | G10: =IF(F10=0,"",E10/F10) | H10: =IF(G10="","Not Started",IF(G10>=0.9,"Green",IF(G10>=0.75,"Amber","Red"))) -> Not Started | I10: =COUNTIFS(H129:H144,"Critical",I129:I144,"<2")+COUNTIFS(H129:H144,"High",I129:I144,"<2") -> 0 | J10: =COUNTIF(T129:T144,"In Progress")+COUNTIF(T129:T144,"Not Started") -> 0 | K10: =COUNTIFS(P129:P144,"<"&TODAY(),Q129:Q144,"") -> 0
A11: July | B11: 46231 | E11: =SUMIF(I150:I165,">=0",I150:I165) -> 0 | F11: =COUNT(I150:I165)*2 -> 0 | G11: =IF(F11=0,"",E11/F11) | H11: =IF(G11="","Not Started",IF(G11>=0.9,"Green",IF(G11>=0.75,"Amber","Red"))) -> Not Started | I11: =COUNTIFS(H150:H165,"Critical",I150:I165,"<2")+COUNTIFS(H150:H165,"High",I150:I165,"<2") -> 0 | J11: =COUNTIF(T150:T165,"In Progress")+COUNTIF(T150:T165,"Not Started") -> 0 | K11: =COUNTIFS(P150:P165,"<"&TODAY(),Q150:Q165,"") -> 0
A12: August | B12: 46262 | E12: =SUMIF(I171:I186,">=0",I171:I186) -> 0 | F12: =COUNT(I171:I186)*2 -> 0 | G12: =IF(F12=0,"",E12/F12) | H12: =IF(G12="","Not Started",IF(G12>=0.9,"Green",IF(G12>=0.75,"Amber","Red"))) -> Not Started | I12: =COUNTIFS(H171:H186,"Critical",I171:I186,"<2")+COUNTIFS(H171:H186,"High",I171:I186,"<2") -> 0 | J12: =COUNTIF(T171:T186,"In Progress")+COUNTIF(T171:T186,"Not Started") -> 0 | K12: =COUNTIFS(P171:P186,"<"&TODAY(),Q171:Q186,"") -> 0
A13: September | B13: 46293 | E13: =SUMIF(I192:I207,">=0",I192:I207) -> 0 | F13: =COUNT(I192:I207)*2 -> 0 | G13: =IF(F13=0,"",E13/F13) | H13: =IF(G13="","Not Started",IF(G13>=0.9,"Green",IF(G13>=0.75,"Amber","Red"))) -> Not Started | I13: =COUNTIFS(H192:H207,"Critical",I192:I207,"<2")+COUNTIFS(H192:H207,"High",I192:I207,"<2") -> 0 | J13: =COUNTIF(T192:T207,"In Progress")+COUNTIF(T192:T207,"Not Started") -> 0 | K13: =COUNTIFS(P192:P207,"<"&TODAY(),Q192:Q207,"") -> 0
A14: October | B14: 46323 | E14: =SUMIF(I213:I228,">=0",I213:I228) -> 0 | F14: =COUNT(I213:I228)*2 -> 0 | G14: =IF(F14=0,"",E14/F14) | H14: =IF(G14="","Not Started",IF(G14>=0.9,"Green",IF(G14>=0.75,"Amber","Red"))) -> Not Started | I14: =COUNTIFS(H213:H228,"Critical",I213:I228,"<2")+COUNTIFS(H213:H228,"High",I213:I228,"<2") -> 0 | J14: =COUNTIF(T213:T228,"In Progress")+COUNTIF(T213:T228,"Not Started") -> 0 | K14: =COUNTIFS(P213:P228,"<"&TODAY(),Q213:Q228,"") -> 0
A15: November | B15: 46354 | E15: =SUMIF(I234:I249,">=0",I234:I249) -> 0 | F15: =COUNT(I234:I249)*2 -> 0 | G15: =IF(F15=0,"",E15/F15) | H15: =IF(G15="","Not Started",IF(G15>=0.9,"Green",IF(G15>=0.75,"Amber","Red"))) -> Not Started | I15: =COUNTIFS(H234:H249,"Critical",I234:I249,"<2")+COUNTIFS(H234:H249,"High",I234:I249,"<2") -> 0 | J15: =COUNTIF(T234:T249,"In Progress")+COUNTIF(T234:T249,"Not Started") -> 0 | K15: =COUNTIFS(P234:P249,"<"&TODAY(),Q234:Q249,"") -> 0
A16: December | B16: 46384 | E16: =SUMIF(I255:I270,">=0",I255:I270) -> 0 | F16: =COUNT(I255:I270)*2 -> 0 | G16: =IF(F16=0,"",E16/F16) | H16: =IF(G16="","Not Started",IF(G16>=0.9,"Green",IF(G16>=0.75,"Amber","Red"))) -> Not Started | I16: =COUNTIFS(H255:H270,"Critical",I255:I270,"<2")+COUNTIFS(H255:H270,"High",I255:I270,"<2") -> 0 | J16: =COUNTIF(T255:T270,"In Progress")+COUNTIF(T255:T270,"Not Started") -> 0 | K16: =COUNTIFS(P255:P270,"<"&TODAY(),Q255:Q270,"") -> 0
A21: January – Personnel & Workforce Audit Evidence Section
A22: Audit period: | B22: January | C22: Auditor: | E22: Audit date:
A23: No. | B23: Section | C23: Detailed Audit Question | D23: Evidence Required | E23: Audit Method | F23: CQC Regulation | G23: Quality Statement | H23: Risk Weighting | I23: Score 0/1/2/NA | J23: Evidence Seen / Reference | K23: Finding / Observation | L23: Root Cause / 5 Whys | M23: Immediate Action | N23: Corrective / Preventative Action | O23: Responsible Person | P23: Due Date | Q23: Completion Date | R23: Verified By | S23: Re-audit Required | T23: Status | U23: RAG
A24: 1 | B24: Specific Check | C24: This audit includes a detailed check of DBS/right to work/references. | D24: Evidence relating to DBS/right to work/references | E24: Record review/observation | F24: Reg 9/10/11/12/13/14/15/17/18/19 as applicable | G24: CQC quality statements: safe systems, safe environments, person-centred care, governance, learning | H24: High | U24: =IF(I24="","",IF(I24="NA","Grey",IF(I24=2,"Green",IF(I24=1,"Amber","Red"))))
A25: 2 | B25: Specific Check | C25: This audit includes a detailed check of training matrix and competency. | D25: Evidence relating to training matrix and competency | E25: Record review/observation | F25: Reg 9/10/11/12/13/14/15/17/18/19 as applicable | G25: CQC quality statements: safe systems, safe environments, person-centred care, governance, learning | H25: High | U25: =IF(I25="","",IF(I25="NA","Grey",IF(I25=2,"Green",IF(I25=1,"Amber","Red"))))
A26: 3 | B26: Specific Check | C26: This audit includes a detailed check of supervisions/appraisals. | D26: Evidence relating to supervisions/appraisals | E26: Record review/observation | F26: Reg 9/10/11/12/13/14/15/17/18/19 as applicable | G26: CQC quality statements: safe systems, safe environments, person-centred care, governance, learning | H26: High | U26: =IF(I26="","",IF(I26="NA","Grey",IF(I26=2,"Green",IF(I26=1,"Amber","Red"))))
A27: 4 | B27: Specific Check | C27: This audit includes a detailed check of agency staff induction and deployment. | D27: Evidence relating to agency staff induction and deployment | E27: Record review/observation | F27: Reg 9/10/11/12/13/14/15/17/18/19 as applicable | G27: CQC quality statements: safe systems, safe environments, person-centred care, governance, learning | H27: High | U27: =IF(I27="","",IF(I27="NA","Grey",IF(I27=2,"Green",IF(I27=1,"Amber","Red"))))
A28: 5 | B28: Assessment | C28: Records are current, person-centred and reflect resident needs/preferences. | D28: Care records/audit evidence | E28: Record review | F28: Reg 9/10/11/12/13/14/15/17/18/19 as applicable | G28: CQC quality statements: safe systems, safe environments, person-centred care, governance, learning | H28: High | U28: =IF(I28="","",IF(I28="NA","Grey",IF(I28=2,"Green",IF(I28=1,"Amber","Red"))))
A29: 6 | B29: Observation | C29: Observed practice matches written records and expected standards. | D29: Direct observation | E29: Observation | F29: Reg 9/10/11/12/13/14/15/17/18/19 as applicable | G29: CQC quality statements: safe systems, safe environments, person-centred care, governance, learning | H29: High | U29: =IF(I29="","",IF(I29="NA","Grey",IF(I29=2,"Green",IF(I29=1,"Amber","Red"))))
A30: 7 | B30: Risk | C30: Risks are identified, assessed, escalated and reviewed. | D30: Risk assessment/escalation record | E30: Record review | F30: Reg 9/10/11/12/13/14/15/17/18/19 as applicable | G30: CQC quality statements: safe systems, safe environments, person-centred care, governance, learning | H30: Critical | U30: =IF(I30="","",IF(I30="NA","Grey",IF(I30=2,"Green",IF(I30=1,"Amber","Red"))))
A31: 8 | B31: Communication | C31: Staff handover, care notes or team communication evidence the issue is understood. | D31: Handover/daily notes | E31: Record review/interview | F31: Reg 9/10/11/12/13/14/15/17/18/19 as applicable | G31: CQC quality statements: safe systems, safe environments, person-centred care, governance, learning | H31: High | U31: =IF(I31="","",IF(I31="NA","Grey",IF(I31=2,"Green",IF(I31=1,"Amber","Red"))))
A32: 9 | B32: Resident Voice | C32: Resident choice, dignity, independence and feedback are considered. | D32: Resident/relative feedback | E32: Interview/records | F32: Reg 9/10/11/12/13/14/15/17/18/19 as applicable | G32: CQC quality statements: safe systems, safe environments, person-centred care, governance, learning | H32: Medium | U32: =IF(I32="","",IF(I32="NA","Grey",IF(I32=2,"Green",IF(I32=1,"Amber","Red"))))
A33: 10 | B33: Professional Input | C33: External professional advice is sought and followed where required. | D33: GP/SALT/dietitian/nurse notes | E33: Record review | F33: Reg 9/10/11/12/13/14/15/17/18/19 as applicable | G33: CQC quality statements: safe systems, safe environments, person-centred care, governance, learning | H33: High | U33: =IF(I33="","",IF(I33="NA","Grey",IF(I33=2,"Green",IF(I33=1,"Amber","Red"))))
A34: 11 | B34: Staff Competence | C34: Staff understand the procedure and can explain escalation. | D34: Staff interview/competency | E34: Interview/records | F34: Reg 9/10/11/12/13/14/15/17/18/19 as applicable | G34: CQC quality statements: safe systems, safe environments, person-centred care, governance, learning | H34: High | U34: =IF(I34="","",IF(I34="NA","Grey",IF(I34=2,"Green",IF(I34=1,"Amber","Red"))))
A35: 12 | B35: Documentation | C35: Records are accurate, dated, signed and contemporaneous. | D35: Relevant records | E35: Record review | F35: Reg 17 | G35: Good governance | H35: High | U35: =IF(I35="","",IF(I35="NA","Grey",IF(I35=2,"Green",IF(I35=1,"Amber","Red"))))
... A39: 16 | B39: Manager Verification | C39: Manager has verified practice, not only paperwork. | D39: Manager observation/sign-off | E39: Observation/records | F39: Reg 17 | G39: Good governance | H39: High | U39: =IF(I39="","",IF(I39="NA","Grey",IF(I39=2,"Green",IF(I39=1,"Amber","Red"))))
A41: Manager summary / lessons learned
A42: February – Personnel & Workforce Audit Evidence Section
A43: Audit period: | B43: February | C43: Auditor: | E43: Audit date:
A44: No. | B44: Section | C44: Detailed Audit Question | D44: Evidence Required | E44: Audit Method | F44: CQC Regulation | G44: Quality Statement | H44: Risk Weighting | I44: Score 0/1/2/NA | J44: Evidence Seen / Reference | K44: Finding / Observation | L44: Root Cause / 5 Whys | M44: Immediate Action | N44: Corrective / Preventative Action | O44: Responsible Person | P44: Due Date | Q44: Completion Date | R44: Verified By | S44: Re-audit Required | T44: Status | U44: RAG
A45: 1 | B45: Specific Check | C45: This audit includes a detailed check of DBS/right to work/references. | D45: Evidence relating to DBS/right to work/references | E45: Record review/observation | F45: Reg 9/10/11/12/13/14/15/17/18/19 as applicable | G45: CQC quality statements: safe systems, safe environments, person-centred care, governance, learning | H45: High | U45: =IF(I45="","",IF(I45="NA","Grey",IF(I45=2,"Green",IF(I45=1,"Amber","Red"))))
A46: 2 | B46: Specific Check | C46: This audit includes a detailed check of training matrix and competency. | D46: Evidence relating to training matrix and competency | E46: Record review/observation | F46: Reg 9/10/11/12/13/14/15/17/18/19 as applicable | G46: CQC quality statements: safe systems, safe environments, person-centred care, governance, learning | H46: High | U46: =IF(I46="","",IF(I46="NA","Grey",IF(I46=2,"Green",IF(I46=1,"Amber","Red"))))
A47: 3 | B47: Specific Check | C47: This audit includes a detailed check of supervisions/appraisals. | D47: Evidence relating to supervisions/appraisals | E47: Record review/observation | F47: Reg 9/10/11/12/13/14/15/17/18/19 as applicable | G47: CQC quality statements: safe systems, safe environments, person-centred care, governance, learning | H47: High | U47: =IF(I47="","",IF(I47="NA","Grey",IF(I47=2,"Green",IF(I47=1,"Amber","Red"))))
A48: 4 | B48: Specific Check | C48: This audit includes a detailed check of agency staff induction and deployment. | D48: Evidence relating to agency staff induction and deployment | E48: Record review/observation | F48: Reg 9/10/11/12/13/14/15/17/18/19 as applicable | G48: CQC quality statements: safe systems, safe environments, person-centred care, governance, learning | H48: High | U48: =IF(I48="","",IF(I48="NA","Grey",IF(I48=2,"Green",IF(I48=1,"Amber","Red"))))
A49: 5 | B49: Assessment | C49: Records are current, person-centred and reflect resident needs/preferences. | D49: Care records/audit evidence | E49: Record review | F49: Reg 9/10/11/12/13/14/15/17/18/19 as applicable | G49: CQC quality statements: safe systems, safe environments, person-centred care, governance, learning | H49: High | U49: =IF(I49="","",IF(I49="NA","Grey",IF(I49=2,"Green",IF(I49=1,"Amber","Red"))))
A50: 6 | B50: Observation | C50: Observed practice matches written records and expected standards. | D50: Direct observation | E50: Observation | F50: Reg 9/10/11/12/13/14/15/17/18/19 as applicable | G50: CQC quality statements: safe systems, safe environments, person-centred care, governance, learning | H50: High | U50: =IF(I50="","",IF(I50="NA","Grey",IF(I50=2,"Green",IF(I50=1,"Amber","Red"))))
A51: 7 | B51: Risk | C51: Risks are identified, assessed, escalated and reviewed. | D51: Risk assessment/escalation record | E51: Record review | F51: Reg 9/10/11/12/13/14/15/17/18/19 as applicable | G51: CQC quality statements: safe systems, safe environments, person-centred care, governance, learning | H51: Critical | U51: =IF(I51="","",IF(I51="NA","Grey",IF(I51=2,"Green",IF(I51=1,"Amber","Red"))))
A52: 8 | B52: Communication | C52: Staff handover, care notes or team communication evidence the issue is understood. | D52: Handover/daily notes | E52: Record review/interview | F52: Reg 9/10/11/12/13/14/15/17/18/19 as applicable | G52: CQC quality statements: safe systems, safe environments, person-centred care, governance, learning | H52: High | U52: =IF(I52="","",IF(I52="NA","Grey",IF(I52=2,"Green",IF(I52=1,"Amber","Red"))))
A53: 9 | B53: Resident Voice | C53: Resident choice, dignity, independence and feedback are considered. | D53: Resident/relative feedback | E53: Interview/records | F53: Reg 9/10/11/12/13/14/15/17/18/19 as applicable | G53: CQC quality statements: safe systems, safe environments, person-centred care, governance, learning | H53: Medium | U53: =IF(I53="","",IF(I53="NA","Grey",IF(I53=2,"Green",IF(I53=1,"Amber","Red"))))
A54: 10 | B54: Professional Input | C54: External professional advice is sought and followed where required. | D54: GP/SALT/dietitian/nurse notes | E54: Record review | F54: Reg 9/10/11/12/13/14/15/17/18/19 as applicable | G54: CQC quality statements: safe systems, safe environments, person-centred care, governance, learning | H54: High | U54: =IF(I54="","",IF(I54="NA","Grey",IF(I54=2,"Green",IF(I54=1,"Amber","Red"))))
A55: 11 | B55: Staff Competence | C55: Staff understand the procedure and can explain escalation. | D55: Staff interview/competency | E55: Interview/records | F55: Reg 9/10/11/12/13/14/15/17/18/19 as applicable | G55: CQC quality statements: safe systems, safe environments, person-centred care, governance, learning | H55: High | U55: =IF(I55="","",IF(I55="NA","Grey",IF(I55=2,"Green",IF(I55=1,"Amber","Red"))))
A56: 12 | B56: Documentation | C56: Records are accurate, dated, signed and contemporaneous. | D56: Relevant records | E56: Record review | F56: Reg 17 | G56: Good governance | H56: High | U56: =IF(I56="","",IF(I56="NA","Grey",IF(I56=2,"Green",IF(I56=1,"Amber","Red"))))
... A60: 16 | B60: Manager Verification | C60: Manager has verified practice, not only paperwork. | D60: Manager observation/sign-off | E60: Observation/records | F60: Reg 17 | G60: Good governance | H60: High | U60: =IF(I60="","",IF(I60="NA","Grey",IF(I60=2,"Green",IF(I60=1,"Amber","Red"))))
A62: Manager summary / lessons learned
A63: March – Personnel & Workforce Audit Evidence Section
A64: Audit period: | B64: March | C64: Auditor: | E64: Audit date:
A65: No. | B65: Section | C65: Detailed Audit Question | D65: Evidence Required | E65: Audit Method | F65: CQC Regulation | G65: Quality Statement | H65: Risk Weighting | I65: Score 0/1/2/NA | J65: Evidence Seen / Reference | K65: Finding / Observation | L65: Root Cause / 5 Whys | M65: Immediate Action | N65: Corrective / Preventative Action | O65: Responsible Person | P65: Due Date | Q65: Completion Date | R65: Verified By | S65: Re-audit Required | T65: Status | U65: RAG
A66: 1 | B66: Specific Check | C66: This audit includes a detailed check of DBS/right to work/references. | D66: Evidence relating to DBS/right to work/references | E66: Record review/observation | F66: Reg 9/10/11/12/13/14/15/17/18/19 as applicable | G66: CQC quality statements: safe systems, safe environments, person-centred care, governance, learning | H66: High | U66: =IF(I66="","",IF(I66="NA","Grey",IF(I66=2,"Green",IF(I66=1,"Amber","Red"))))
A67: 2 | B67: Specific Check | C67: This audit includes a detailed check of training matrix and competency. | D67: Evidence relating to training matrix and competency | E67: Record review/observation | F67: Reg 9/10/11/12/13/14/15/17/18/19 as applicable | G67: CQC quality statements: safe systems, safe environments, person-centred care, governance, learning | H67: High | U67: =IF(I67="","",IF(I67="NA","Grey",IF(I67=2,"Green",IF(I67=1,"Amber","Red"))))
A68: 3 | B68: Specific Check | C68: This audit includes a detailed check of supervisions/appraisals. | D68: Evidence relating to supervisions/appraisals | E68: Record review/observation | F68: Reg 9/10/11/12/13/14/15/17/18/19 as applicable | G68: CQC quality statements: safe systems, safe environments, person-centred care, governance, learning | H68: High | U68: =IF(I68="","",IF(I68="NA","Grey",IF(I68=2,"Green",IF(I68=1,"Amber","Red"))))
A69: 4 | B69: Specific Check | C69: This audit includes a detailed check of agency staff induction and deployment. | D69: Evidence relating to agency staff induction and deployment | E69: Record review/observation | F69: Reg 9/10/11/12/13/14/15/17/18/19 as applicable | G69: CQC quality statements: safe systems, safe environments, person-centred care, governance, learning | H69: High | U69: =IF(I69="","",IF(I69="NA","Grey",IF(I69=2,"Green",IF(I69=1,"Amber","Red"))))
A70: 5 | B70: Assessment | C70: Records are current, person-centred and reflect resident needs/preferences. | D70: Care records/audit evidence | E70: Record review | F70: Reg 9/10/11/12/13/14/15/17/18/19 as applicable | G70: CQC quality statements: safe systems, safe environments, person-centred care, governance, learning | H70: High | U70: =IF(I70="","",IF(I70="NA","Grey",IF(I70=2,"Green",IF(I70=1,"Amber","Red"))))
A71: 6 | B71: Observation | C71: Observed practice matches written records and expected standards. | D71: Direct observation | E71: Observation | F71: Reg 9/10/11/12/13/14/15/17/18/19 as applicable | G71: CQC quality statements: safe systems, safe environments, person-centred care, governance, learning | H71: High | U71: =IF(I71="","",IF(I71="NA","Grey",IF(I71=2,"Green",IF(I71=1,"Amber","Red"))))
A72: 7 | B72: Risk | C72: Risks are identified, assessed, escalated and reviewed. | D72: Risk assessment/escalation record | E72: Record review | F72: Reg 9/10/11/12/13/14/15/17/18/19 as applicable | G72: CQC quality statements: safe systems, safe environments, person-centred care, governance, learning | H72: Critical | U72: =IF(I72="","",IF(I72="NA","Grey",IF(I72=2,"Green",IF(I72=1,"Amber","Red"))))
A73: 8 | B73: Communication | C73: Staff handover, care notes or team communication evidence the issue is understood. | D73: Handover/daily notes | E73: Record review/interview | F73: Reg 9/10/11/12/13/14/15/17/18/19 as applicable | G73: CQC quality statements: safe systems, safe environments, person-centred care, governance, learning | H73: High | U73: =IF(I73="","",IF(I73="NA","Grey",IF(I73=2,"Green",IF(I73=1,"Amber","Red"))))
A74: 9 | B74: Resident Voice | C74: Resident choice, dignity, independence and feedback are considered. | D74: Resident/relative feedback | E74: Interview/records | F74: Reg 9/10/11/12/13/14/15/17/18/19 as applicable | G74: CQC quality statements: safe systems, safe environments, person-centred care, governance, learning | H74: Medium | U74: =IF(I74="","",IF(I74="NA","Grey",IF(I74=2,"Green",IF(I74=1,"Amber","Red"))))
A75: 10 | B75: Professional Input | C75: External professional advice is sought and followed where required. | D75: GP/SALT/dietitian/nurse notes | E75: Record review | F75: Reg 9/10/11/12/13/14/15/17/18/19 as applicable | G75: CQC quality statements: safe systems, safe environments, person-centred care, governance, learning | H75: High | U75: =IF(I75="","",IF(I75="NA","Grey",IF(I75=2,"Green",IF(I75=1,"Amber","Red"))))
A76: 11 | B76: Staff Competence | C76: Staff understand the procedure and can explain escalation. | D76: Staff interview/competency | E76: Interview/records | F76: Reg 9/10/11/12/13/14/15/17/18/19 as applicable | G76: CQC quality statements: safe systems, safe environments, person-centred care, governance, learning | H76: High | U76: =IF(I76="","",IF(I76="NA","Grey",IF(I76=2,"Green",IF(I76=1,"Amber","Red"))))
A77: 12 | B77: Documentation | C77: Records are accurate, dated, signed and contemporaneous. | D77: Relevant records | E77: Record review | F77: Reg 17 | G77: Good governance | H77: High | U77: =IF(I77="","",IF(I77="NA","Grey",IF(I77=2,"Green",IF(I77=1,"Amber","Red"))))
... A81: 16 | B81: Manager Verification | C81: Manager has verified practice, not only paperwork. | D81: Manager observation/sign-off | E81: Observation/records | F81: Reg 17 | G81: Good governance | H81: High | U81: =IF(I81="","",IF(I81="NA","Grey",IF(I81=2,"Green",IF(I81=1,"Amber","Red"))))
A83: Manager summary / lessons learned
A84: April – Personnel & Workforce Audit Evidence Section
A85: Audit period: | B85: April | C85: Auditor: | E85: Audit date:
A86: No. | B86: Section | C86: Detailed Audit Question | D86: Evidence Required | E86: Audit Method | F86: CQC Regulation | G86: Quality Statement | H86: Risk Weighting | I86: Score 0/1/2/NA | J86: Evidence Seen / Reference | K86: Finding / Observation | L86: Root Cause / 5 Whys | M86: Immediate Action | N86: Corrective / Preventative Action | O86: Responsible Person | P86: Due Date | Q86: Completion Date | R86: Verified By | S86: Re-audit Required | T86: Status | U86: RAG
A87: 1 | B87: Specific Check | C87: This audit includes a detailed check of DBS/right to work/references. | D87: Evidence relating to DBS/right to work/references | E87: Record review/observation | F87: Reg 9/10/11/12/13/14/15/17/18/19 as applicable | G87: CQC quality statements: safe systems, safe environments, person-centred care, governance, learning | H87: High | U87: =IF(I87="","",IF(I87="NA","Grey",IF(I87=2,"Green",IF(I87=1,"Amber","Red"))))
A88: 2 | B88: Specific Check | C88: This audit includes a detailed check of training matrix and competency. | D88: Evidence relating to training matrix and competency | E88: Record review/observation | F88: Reg 9/10/11/12/13/14/15/17/18/19 as applicable | G88: CQC quality statements: safe systems, safe environments, person-centred care, governance, learning | H88: High | U88: =IF(I88="","",IF(I88="NA","Grey",IF(I88=2,"Green",IF(I88=1,"Amber","Red"))))
A89: 3 | B89: Specific Check | C89: This audit includes a detailed check of supervisions/appraisals. | D89: Evidence relating to supervisions/appraisals | E89: Record review/observation | F89: Reg 9/10/11/12/13/14/15/17/18/19 as applicable | G89: CQC quality statements: safe systems, safe environments, person-centred care, governance, learning | H89: High | U89: =IF(I89="","",IF(I89="NA","Grey",IF(I89=2,"Green",IF(I89=1,"Amber","Red"))))
A90: 4 | B90: Specific Check | C90: This audit includes a detailed check of agency staff induction and deployment. | D90: Evidence relating to agency staff induction and deployment | E90: Record review/observation | F90: Reg 9/10/11/12/13/14/15/17/18/19 as applicable | G90: CQC quality statements: safe systems, safe environments, person-centred care, governance, learning | H90: High | U90: =IF(I90="","",IF(I90="NA","Grey",IF(I90=2,"Green",IF(I90=1,"Amber","Red"))))
A91: 5 | B91: Assessment | C91: Records are current, person-centred and reflect resident needs/preferences. | D91: Care records/audit evidence | E91: Record review | F91: Reg 9/10/11/12/13/14/15/17/18/19 as applicable | G91: CQC quality statements: safe systems, safe environments, person-centred care, governance, learning | H91: High | U91: =IF(I91="","",IF(I91="NA","Grey",IF(I91=2,"Green",IF(I91=1,"Amber","Red"))))
A92: 6 | B92: Observation | C92: Observed practice matches written records and expected standards. | D92: Direct observation | E92: Observation | F92: Reg 9/10/11/12/13/14/15/17/18/19 as applicable | G92: CQC quality statements: safe systems, safe environments, person-centred care, governance, learning | H92: High | U92: =IF(I92="","",IF(I92="NA","Grey",IF(I92=2,"Green",IF(I92=1,"Amber","Red"))))
A93: 7 | B93: Risk | C93: Risks are identified, assessed, escalated and reviewed. | D93: Risk assessment/escalation record | E93: Record review | F93: Reg 9/10/11/12/13/14/15/17/18/19 as applicable | G93: CQC quality statements: safe systems, safe environments, person-centred care, governance, learning | H93: Critical | U93: =IF(I93="","",IF(I93="NA","Grey",IF(I93=2,"Green",IF(I93=1,"Amber","Red"))))
A94: 8 | B94: Communication | C94: Staff handover, care notes or team communication evidence the issue is understood. | D94: Handover/daily notes | E94: Record review/interview | F94: Reg 9/10/11/12/13/14/15/17/18/19 as applicable | G94: CQC quality statements: safe systems, safe environments, person-centred care, governance, learning | H94: High | U94: =IF(I94="","",IF(I94="NA","Grey",IF(I94=2,"Green",IF(I94=1,"Amber","Red"))))
A95: 9 | B95: Resident Voice | C95: Resident choice, dignity, independence and feedback are considered. | D95: Resident/relative feedback | E95: Interview/records | F95: Reg 9/10/11/12/13/14/15/17/18/19 as applicable | G95: CQC quality statements: safe systems, safe environments, person-centred care, governance, learning | H95: Medium | U95: =IF(I95="","",IF(I95="NA","Grey",IF(I95=2,"Green",IF(I95=1,"Amber","Red"))))
A96: 10 | B96: Professional Input | C96: External professional advice is sought and followed where required. | D96: GP/SALT/dietitian/nurse notes | E96: Record review | F96: Reg 9/10/11/12/13/14/15/17/18/19 as applicable | G96: CQC quality statements: safe systems, safe environments, person-centred care, governance, learning | H96: High | U96: =IF(I96="","",IF(I96="NA","Grey",IF(I96=2,"Green",IF(I96=1,"Amber","Red"))))
A97: 11 | B97: Staff Competence | C97: Staff understand the procedure and can explain escalation. | D97: Staff interview/competency | E97: Interview/records | F97: Reg 9/10/11/12/13/14/15/17/18/19 as applicable | G97: CQC quality statements: safe systems, safe environments, person-centred care, governance, learning | H97: High | U97: =IF(I97="","",IF(I97="NA","Grey",IF(I97=2,"Green",IF(I97=1,"Amber","Red"))))
A98: 12 | B98: Documentation | C98: Records are accurate, dated, signed and contemporaneous. | D98: Relevant records | E98: Record review | F98: Reg 17 | G98: Good governance | H98: High | U98: =IF(I98="","",IF(I98="NA","Grey",IF(I98=2,"Green",IF(I98=1,"Amber","Red"))))
... A102: 16 | B102: Manager Verification | C102: Manager has verified practice, not only paperwork. | D102: Manager observation/sign-off | E102: Observation/records | F102: Reg 17 | G102: Good governance | H102: High | U102: =IF(I102="","",IF(I102="NA","Grey",IF(I102=2,"Green",IF(I102=1,"Amber","Red"))))
A104: Manager summary / lessons learned
A105: May – Personnel & Workforce Audit Evidence Section
A106: Audit period: | B106: May | C106: Auditor: | E106: Audit date:
A107: No. | B107: Section | C107: Detailed Audit Question | D107: Evidence Required | E107: Audit Method | F107: CQC Regulation | G107: Quality Statement | H107: Risk Weighting | I107: Score 0/1/2/NA | J107: Evidence Seen / Reference | K107: Finding / Observation | L107: Root Cause / 5 Whys | M107: Immediate Action | N107: Corrective / Preventative Action | O107: Responsible Person | P107: Due Date | Q107: Completion Date | R107: Verified By | S107: Re-audit Required | T107: Status | U107: RAG
A108: 1 | B108: Specific Check | C108: This audit includes a detailed check of DBS/right to work/references. | D108: Evidence relating to DBS/right to work/references | E108: Record review/observation | F108: Reg 9/10/11/12/13/14/15/17/18/19 as applicable | G108: CQC quality statements: safe systems, safe environments, person-centred care, governance, learning | H108: High | U108: =IF(I108="","",IF(I108="NA","Grey",IF(I108=2,"Green",IF(I108=1,"Amber","Red"))))
A109: 2 | B109: Specific Check | C109: This audit includes a detailed check of training matrix and competency. | D109: Evidence relating to training matrix and competency | E109: Record review/observation | F109: Reg 9/10/11/12/13/14/15/17/18/19 as applicable | G109: CQC quality statements: safe systems, safe environments, person-centred care, governance, learning | H109: High | U109: =IF(I109="","",IF(I109="NA","Grey",IF(I109=2,"Green",IF(I109=1,"Amber","Red"))))
A110: 3 | B110: Specific Check | C110: This audit includes a detailed check of supervisions/appraisals. | D110: Evidence relating to supervisions/appraisals | E110: Record review/observation | F110: Reg 9/10/11/12/13/14/15/17/18/19 as applicable | G110: CQC quality statements: safe systems, safe environments, person-centred care, governance, learning | H110: High | U110: =IF(I110="","",IF(I110="NA","Grey",IF(I110=2,"Green",IF(I110=1,"Amber","Red"))))
A111: 4 | B111: Specific Check | C111: This audit includes a detailed check of agency staff induction and deployment. | D111: Evidence relating to agency staff induction and deployment | E111: Record review/observation | F111: Reg 9/10/11/12/13/14/15/17/18/19 as applicable | G111: CQC quality statements: safe systems, safe environments, person-centred care, governance, learning | H111: High | U111: =IF(I111="","",IF(I111="NA","Grey",IF(I111=2,"Green",IF(I111=1,"Amber","Red"))))
A112: 5 | B112: Assessment | C112: Records are current, person-centred and reflect resident needs/preferences. | D112: Care records/audit evidence | E112: Record review | F112: Reg 9/10/11/12/13/14/15/17/18/19 as applicable | G112: CQC quality statements: safe systems, safe environments, person-centred care, governance, learning | H112: High | U112: =IF(I112="","",IF(I112="NA","Grey",IF(I112=2,"Green",IF(I112=1,"Amber","Red"))))
A113: 6 | B113: Observation | C113: Observed practice matches written records and expected standards. | D113: Direct observation | E113: Observation | F113: Reg 9/10/11/12/13/14/15/17/18/19 as applicable | G113: CQC quality statements: safe systems, safe environments, person-centred care, governance, learning | H113: High | U113: =IF(I113="","",IF(I113="NA","Grey",IF(I113=2,"Green",IF(I113=1,"Amber","Red"))))
A114: 7 | B114: Risk | C114: Risks are identified, assessed, escalated and reviewed. | D114: Risk assessment/escalation record | E114: Record review | F114: Reg 9/10/11/12/13/14/15/17/18/19 as applicable | G114: CQC quality statements: safe systems, safe environments, person-centred care, governance, learning | H114: Critical | U114: =IF(I114="","",IF(I114="NA","Grey",IF(I114=2,"Green",IF(I114=1,"Amber","Red"))))
A115: 8 | B115: Communication | C115: Staff handover, care notes or team communication evidence the issue is understood. | D115: Handover/daily notes | E115: Record review/interview | F115: Reg 9/10/11/12/13/14/15/17/18/19 as applicable | G115: CQC quality statements: safe systems, safe environments, person-centred care, governance, learning | H115: High | U115: =IF(I115="","",IF(I115="NA","Grey",IF(I115=2,"Green",IF(I115=1,"Amber","Red"))))
A116: 9 | B116: Resident Voice | C116: Resident choice, dignity, independence and feedback are considered. | D116: Resident/relative feedback | E116: Interview/records | F116: Reg 9/10/11/12/13/14/15/17/18/19 as applicable | G116: CQC quality statements: safe systems, safe environments, person-centred care, governance, learning | H116: Medium | U116: =IF(I116="","",IF(I116="NA","Grey",IF(I116=2,"Green",IF(I116=1,"Amber","Red"))))
A117: 10 | B117: Professional Input | C117: External professional advice is sought and followed where required. | D117: GP/SALT/dietitian/nurse notes | E117: Record review | F117: Reg 9/10/11/12/13/14/15/17/18/19 as applicable | G117: CQC quality statements: safe systems, safe environments, person-centred care, governance, learning | H117: High | U117: =IF(I117="","",IF(I117="NA","Grey",IF(I117=2,"Green",IF(I117=1,"Amber","Red"))))
A118: 11 | B118: Staff Competence | C118: Staff understand the procedure and can explain escalation. | D118: Staff interview/competency | E118: Interview/records | F118: Reg 9/10/11/12/13/14/15/17/18/19 as applicable | G118: CQC quality statements: safe systems, safe environments, person-centred care, governance, learning | H118: High | U118: =IF(I118="","",IF(I118="NA","Grey",IF(I118=2,"Green",IF(I118=1,"Amber","Red"))))
A119: 12 | B119: Documentation | C119: Records are accurate, dated, signed and contemporaneous. | D119: Relevant records | E119: Record review | F119: Reg 17 | G119: Good governance | H119: High | U119: =IF(I119="","",IF(I119="NA","Grey",IF(I119=2,"Green",IF(I119=1,"Amber","Red"))))
... A123: 16 | B123: Manager Verification | C123: Manager has verified practice, not only paperwork. | D123: Manager observation/sign-off | E123: Observation/records | F123: Reg 17 | G123: Good governance | H123: High | U123: =IF(I123="","",IF(I123="NA","Grey",IF(I123=2,"Green",IF(I123=1,"Amber","Red"))))
A125: Manager summary / lessons learned
...

Sheet Environmental
A1: Environmental Audit – Annual Evidence (Monthly)
A2: Instruction: | B2: Complete each period on this tab so the full year is held in one evidence location. Pale yellow cells are editable. Formula/RAG/header cells are locked only, with no password.
A4: Period | B4: Due Date | C4: Audit Date | D4: Auditor | E4: Total Score | F4: Max Score | G4: Compliance % | H4: RAG | I4: Critical/High Risks | J4: Open Actions | K4: Overdue Actions | L4: Manager Sign-Off | M4: Provider Sign-Off | N4: Evidence Folder Ref | O4: Summary / Key Findings
A5: January | B5: 46050 | E5: =SUMIF(I24:I39,">=0",I24:I39) -> 0 | F5: =COUNT(I24:I39)*2 -> 0 | G5: =IF(F5=0,"",E5/F5) | H5: =IF(G5="","Not Started",IF(G5>=0.9,"Green",IF(G5>=0.75,"Amber","Red"))) -> Not Started | I5: =COUNTIFS(H24:H39,"Critical",I24:I39,"<2")+COUNTIFS(H24:H39,"High",I24:I39,"<2") -> 0 | J5: =COUNTIF(T24:T39,"In Progress")+COUNTIF(T24:T39,"Not Started") -> 0 | K5: =COUNTIFS(P24:P39,"<"&TODAY(),Q24:Q39,"") -> 0
A6: February | B6: 46081 | E6: =SUMIF(I45:I60,">=0",I45:I60) -> 0 | F6: =COUNT(I45:I60)*2 -> 0 | G6: =IF(F6=0,"",E6/F6) | H6: =IF(G6="","Not Started",IF(G6>=0.9,"Green",IF(G6>=0.75,"Amber","Red"))) -> Not Started | I6: =COUNTIFS(H45:H60,"Critical",I45:I60,"<2")+COUNTIFS(H45:H60,"High",I45:I60,"<2") -> 0 | J6: =COUNTIF(T45:T60,"In Progress")+COUNTIF(T45:T60,"Not Started") -> 0 | K6: =COUNTIFS(P45:P60,"<"&TODAY(),Q45:Q60,"") -> 0
A7: March | B7: 46109 | E7: =SUMIF(I66:I81,">=0",I66:I81) -> 0 | F7: =COUNT(I66:I81)*2 -> 0 | G7: =IF(F7=0,"",E7/F7) | H7: =IF(G7="","Not Started",IF(G7>=0.9,"Green",IF(G7>=0.75,"Amber","Red"))) -> Not Started | I7: =COUNTIFS(H66:H81,"Critical",I66:I81,"<2")+COUNTIFS(H66:H81,"High",I66:I81,"<2") -> 0 | J7: =COUNTIF(T66:T81,"In Progress")+COUNTIF(T66:T81,"Not Started") -> 0 | K7: =COUNTIFS(P66:P81,"<"&TODAY(),Q66:Q81,"") -> 0
A8: April | B8: 46140 | E8: =SUMIF(I87:I102,">=0",I87:I102) -> 0 | F8: =COUNT(I87:I102)*2 -> 0 | G8: =IF(F8=0,"",E8/F8) | H8: =IF(G8="","Not Started",IF(G8>=0.9,"Green",IF(G8>=0.75,"Amber","Red"))) -> Not Started | I8: =COUNTIFS(H87:H102,"Critical",I87:I102,"<2")+COUNTIFS(H87:H102,"High",I87:I102,"<2") -> 0 | J8: =COUNTIF(T87:T102,"In Progress")+COUNTIF(T87:T102,"Not Started") -> 0 | K8: =COUNTIFS(P87:P102,"<"&TODAY(),Q87:Q102,"") -> 0
A9: May | B9: 46170 | E9: =SUMIF(I108:I123,">=0",I108:I123) -> 0 | F9: =COUNT(I108:I123)*2 -> 0 | G9: =IF(F9=0,"",E9/F9) | H9: =IF(G9="","Not Started",IF(G9>=0.9,"Green",IF(G9>=0.75,"Amber","Red"))) -> Not Started | I9: =COUNTIFS(H108:H123,"Critical",I108:I123,"<2")+COUNTIFS(H108:H123,"High",I108:I123,"<2") -> 0 | J9: =COUNTIF(T108:T123,"In Progress")+COUNTIF(T108:T123,"Not Started") -> 0 | K9: =COUNTIFS(P108:P123,"<"&TODAY(),Q108:Q123,"") -> 0
