Workbook

Sheet Dashboard
A1: Swan Care Home - Cleaning Dashboard
A3: Frequency | B3: Completed | C3: Not Completed | D3: N/A | E3: Total Required | F3: Compliance %
A4: Daily | B4: =COUNTIF('Daily Schedule'!E2:NE154,"Completed") -> 0 | C4: =COUNTIF('Daily Schedule'!E2:NE154,"Not Completed") -> 0 | D4: =COUNTIF('Daily Schedule'!E2:NE154,"N/A") -> 0 | E4: =COUNTA('Daily Schedule'!E2:NE154)-D4 -> 0 | F4: =IFERROR(B4/E4,0) -> 0
A5: Weekly | B5: =COUNTIF('Weekly Schedule'!E2:BD22,"Completed") -> 0 | C5: =COUNTIF('Weekly Schedule'!E2:BD22,"Not Completed") -> 0 | D5: =COUNTIF('Weekly Schedule'!E2:BD22,"N/A") -> 0 | E5: =COUNTA('Weekly Schedule'!E2:BD22)-D5 -> 0 | F5: =IFERROR(B5/E5,0) -> 0
A6: Monthly | B6: =COUNTIF('Monthly Schedule'!E2:P23,"Completed") -> 0 | C6: =COUNTIF('Monthly Schedule'!E2:P23,"Not Completed") -> 0 | D6: =COUNTIF('Monthly Schedule'!E2:P23,"N/A") -> 0 | E6: =COUNTA('Monthly Schedule'!E2:P23)-D6 -> 0 | F6: =IFERROR(B6/E6,0) -> 0
A7: Quarterly | B7: =COUNTIF('Quarterly Schedule'!E2:H9,"Completed") -> 0 | C7: =COUNTIF('Quarterly Schedule'!E2:H9,"Not Completed") -> 0 | D7: =COUNTIF('Quarterly Schedule'!E2:H9,"N/A") -> 0 | E7: =COUNTA('Quarterly Schedule'!E2:H9)-D7 -> 0 | F7: =IFERROR(B7/E7,0) -> 0
A8: 6-Monthly | B8: =COUNTIF('6-Monthly Schedule'!E2:F8,"Completed") -> 0 | C8: =COUNTIF('6-Monthly Schedule'!E2:F8,"Not Completed") -> 0 | D8: =COUNTIF('6-Monthly Schedule'!E2:F8,"N/A") -> 0 | E8: =COUNTA('6-Monthly Schedule'!E2:F8)-D8 -> 0 | F8: =IFERROR(B8/E8,0) -> 0
A9: Annual | B9: =COUNTIF('Annual Schedule'!E2:E8,"Completed") -> 0 | C9: =COUNTIF('Annual Schedule'!E2:E8,"Not Completed") -> 0 | D9: =COUNTIF('Annual Schedule'!E2:E8,"N/A") -> 0 | E9: =COUNTA('Annual Schedule'!E2:E8)-D9 -> 0 | F9: =IFERROR(B9/E9,0) -> 0
A11: Overall Compliance | B11: =IFERROR(SUM(B4:B9)/SUM(E4:E9),0) -> 0
A12: Dashboard RAG | B12: =IF(B11>=Settings!$B$6,"Green",IF(B11>=Settings!$B$7,"Amber","Red")) -> Red
A14: Audit | B14: Compliant | C14: Partially Compliant | D14: Non-Compliant | E14: Total Answered | F14: Score %
A15: Domestic Audit | B15: =COUNTIF('Domestic Audit'!D:D,"Compliant") -> 0 | C15: =COUNTIF('Domestic Audit'!D:D,"Partially Compliant") -> 0 | D15: =COUNTIF('Domestic Audit'!D:D,"Non-Compliant") -> 0 | E15: =B15+C15+D15 -> 0 | F15: =IFERROR((B15+(C15*0.5))/E15,0) -> 0
A16: IPC Audit | B16: =COUNTIF('IPC Audit'!D:D,"Compliant") -> 0 | C16: =COUNTIF('IPC Audit'!D:D,"Partially Compliant") -> 0 | D16: =COUNTIF('IPC Audit'!D:D,"Non-Compliant") -> 0 | E16: =B16+C16+D16 -> 0 | F16: =IFERROR((B16+(C16*0.5))/E16,0) -> 0
A18: Action Plan | B18: Open/In Progress | C18: Completed/Closed
A19: Corrective Actions | B19: =COUNTIF('Corrective Action Plan'!I:I,"Open")+COUNTIF('Corrective Action Plan'!I:I,"In Progress") -> 0 | C19: =COUNTIF('Corrective Action Plan'!I:I,"Completed")+COUNTIF('Corrective Action Plan'!I:I,"Closed") -> 0

Sheet Settings
A1: Setting | B1: Value | D1: Status List
A2: Service Name | B2: Swan Care Home | D2: Completed
A3: Year | B3: 2026 | D3: Not Completed
A4: Status 1 | B4: Completed | D4: N/A
A5: Status 2 | B5: Not Completed
A6: Status 3 | B6: N/A
A7: RAG Green Threshold | B7: 0.95
A8: RAG Amber Threshold | B8: 0.85

Sheet Task Library
A1: Frequency | B1: Area | C1: Task | D1: Location/Room Detail | E1: Evidence/Notes
A2: Daily | B2: Bedrooms (Rooms 1-31) | C2: Clean/check bed frames and rails
A3: Daily | B3: Bedrooms (Rooms 1-31) | C3: Water plants/remove plant debris
A4: Daily | B4: Bedrooms (Rooms 1-31) | C4: Polish wooden surfaces
A5: Daily | B5: Bedrooms (Rooms 1-31) | C5: Dust/clean TVs and picture frames
A6: Daily | B6: Bedrooms (Rooms 1-31) | C6: Clean/sanitise chair
A7: Daily | B7: Bedrooms (Rooms 1-31) | C7: Mop non-carpeted floors
A8: Daily | B8: Bedrooms (Rooms 1-31) | C8: Check for cobwebs
A9: Daily | B9: Bedrooms (Rooms 1-31) | C9: Dust all surfaces incl. high/low/light fittings
A10: Daily | B10: Bedrooms (Rooms 1-31) | C10: Hoover incl. behind/under furniture
A11: Daily | B11: Bedrooms (Rooms 1-31) | C11: Disinfect touch points light switches/handles/doors
A12: Daily | B12: Bedrooms (Rooms 1-31) | C12: Clean sink and tap
A13: Daily | B13: Bedrooms (Rooms 1-31) | C13: Empty/disinfect bins
... A219: Annual | B219: Whole Home | C219: Annual IPC environmental standards review

Sheet Daily Schedule
A1: Frequency | B1: Area | C1: Task | D1: Location/Room Detail | E1: 46023 | F1: 46024 | G1: 46025 | H1: 46026 | I1: 46027 | J1: 46028 | K1: 46029 | L1: 46030 | M1: 46031 | N1: 46032 | O1: 46033 | P1: 46034 | Q1: 46035 | R1: 46036 | S1: 46037 | T1: 46038 | U1: 46039 | V1: 46040 | W1: 46041 | X1: 46042 | Y1: 46043 | Z1: 46044 | AA1: 46045 | AB1: 46046 | AC1: 46047 | AD1: 46048 | AE1: 46049 | AF1: 46050 | AG1: 46051 | AH1: 46052 | AI1: 46053 | AJ1: 46054 | AK1: 46055 | AL1: 46056 | AM1: 46057 | AN1: 46058 | AO1: 46059 | AP1: 46060 | AQ1: 46061 | AR1: 46062 | AS1: 46063 | AT1: 46064 | AU1: 46065 | AV1: 46066 | AW1: 46067 | AX1: 46068 | AY1: 46069 | AZ1: 46070 | BA1: 46071 | BB1: 46072 | BC1: 46073 | BD1: 46074 | BE1: 46075 | BF1: 46076 | BG1: 46077 | BH1: 46078 | BI1: 46079 | BJ1: 46080 | BK1: 46081 | BL1: 46082 | BM1: 46083 | BN1: 46084 | BO1: 46085 | BP1: 46086 | BQ1: 46087 | BR1: 46088 | BS1: 46089 | BT1: 46090 | BU1: 46091 | BV1: 46092 | BW1: 46093 | BX1: 46094 | BY1: 46095 | BZ1: 46096 | CA1: 46097 | CB1: 46098 | CC1: 46099 | CD1: 46100 | CE1: 46101 | CF1: 46102 | CG1: 46103 | CH1: 46104 | CI1: 46105 | CJ1: 46106 | CK1: 46107 | CL1: 46108 | CM1: 46109 | CN1: 46110 | CO1: 46111 | CP1: 46112 | CQ1: 46113 | CR1: 46114 | CS1: 46115 | CT1: 46116 | CU1: 46117 | CV1: 46118 | CW1: 46119 | CX1: 46120 | CY1: 46121 | CZ1: 46122 | DA1: 46123 | DB1: 46124 | DC1: 46125 | DD1: 46126 | DE1: 46127 | DF1: 46128 | DG1: 46129 | DH1: 46130 | DI1: 46131 | DJ1: 46132 | DK1: 46133 | DL1: 46134 | DM1: 46135 | DN1: 46136 | DO1: 46137 | DP1: 46138 | DQ1: 46139 | DR1: 46140 | DS1: 46141 | DT1: 46142 | DU1: 46143 | DV1: 46144 | DW1: 46145 | DX1: 46146 | DY1: 46147 | DZ1: 46148 | EA1: 46149 | EB1: 46150 | EC1: 46151 | ED1: 46152 | EE1: 46153 | EF1: 46154 | EG1: 46155 | EH1: 46156 | EI1: 46157 | EJ1: 46158 | EK1: 46159 | EL1: 46160 | EM1: 46161 | EN1: 46162 | EO1: 46163 | EP1: 46164 | EQ1: 46165 | ER1: 46166 | ES1: 46167 | ET1: 46168 | EU1: 46169 | EV1: 46170 | EW1: 46171 | EX1: 46172 | EY1: 46173 | EZ1: 46174 | FA1: 46175 | FB1: 46176 | FC1: 46177 | FD1: 46178 | FE1: 46179 | FF1: 46180 | FG1: 46181 | FH1: 46182 | FI1: 46183 | FJ1: 46184 | FK1: 46185 | FL1: 46186 | FM1: 46187 | FN1: 46188 | FO1: 46189 | FP1: 46190 | FQ1: 46191 | FR1: 46192 | FS1: 46193 | FT1: 46194 | FU1: 46195 | FV1: 46196 | FW1: 46197 | FX1: 46198 | FY1: 46199 | FZ1: 46200 | GA1: 46201 | GB1: 46202 | GC1: 46203 | GD1: 46204 | GE1: 46205 | GF1: 46206 | GG1: 46207 | GH1: 46208 | GI1: 46209 | GJ1: 46210 | GK1: 46211 | GL1: 46212 | GM1: 46213 | GN1: 46214 | GO1: 46215 | GP1: 46216 | GQ1: 46217 | GR1: 46218 | GS1: 46219 | GT1: 46220 | GU1: 46221 | GV1: 46222 | GW1: 46223 | GX1: 46224 | GY1: 46225 | GZ1: 46226 | HA1: 46227 | HB1: 46228 | HC1: 46229 | HD1: 46230 | HE1: 46231 | HF1: 46232 | HG1: 46233 | HH1: 46234 | HI1: 46235 | HJ1: 46236 | HK1: 46237 | HL1: 46238 | HM1: 46239 | HN1: 46240 | HO1: 46241 | HP1: 46242 | HQ1: 46243 | HR1: 46244 | HS1: 46245 | HT1: 46246 | HU1: 46247 | HV1: 46248 | HW1: 46249 | HX1: 46250 | HY1: 46251 | HZ1: 46252 | IA1: 46253 | IB1: 46254 | IC1: 46255 | ID1: 46256 | IE1: 46257 | IF1: 46258 | IG1: 46259 | IH1: 46260 | II1: 46261 | IJ1: 46262 | IK1: 46263 | IL1: 46264 | IM1: 46265 | IN1: 46266 | IO1: 46267 | IP1: 46268 | IQ1: 46269 | IR1: 46270 | IS1: 46271 | IT1: 46272 | IU1: 46273 | IV1: 46274 | IW1: 46275 | IX1: 46276 | IY1: 46277 | IZ1: 46278 | JA1: 46279 | JB1: 46280 | JC1: 46281 | JD1: 46282 | JE1: 46283 | JF1: 46284 | JG1: 46285 | JH1: 46286 | JI1: 46287 | JJ1: 46288 | JK1: 46289 | JL1: 46290 | JM1: 46291 | JN1: 46292 | JO1: 46293 | JP1: 46294 | JQ1: 46295 | JR1: 46296 | JS1: 46297 | JT1: 46298 | JU1: 46299 | JV1: 46300 | JW1: 46301 | JX1: 46302 | JY1: 46303 | JZ1: 46304 | KA1: 46305 | KB1: 46306 | KC1: 46307 | KD1: 46308 | KE1: 46309 | KF1: 46310 | KG1: 46311 | KH1: 46312 | KI1: 46313 | KJ1: 46314 | KK1: 46315 | KL1: 46316 | KM1: 46317 | KN1: 46318 | KO1: 46319 | KP1: 46320 | KQ1: 46321 | KR1: 46322 | KS1: 46323 | KT1: 46324 | KU1: 46325 | KV1: 46326 | KW1: 46327 | KX1: 46328 | KY1: 46329 | KZ1: 46330 | LA1: 46331 | LB1: 46332 | LC1: 46333 | LD1: 46334 | LE1: 46335 | LF1: 46336 | LG1: 46337 | LH1: 46338 | LI1: 46339 | LJ1: 46340 | LK1: 46341 | LL1: 46342 | LM1: 46343 | LN1: 46344 | LO1: 46345 | LP1: 46346 | LQ1: 46347 | LR1: 46348 | LS1: 46349 | LT1: 46350 | LU1: 46351 | LV1: 46352 | LW1: 46353 | LX1: 46354 | LY1: 46355 | LZ1: 46356 | MA1: 46357 | MB1: 46358 | MC1: 46359 | MD1: 46360 | ME1: 46361 | MF1: 46362 | MG1: 46363 | MH1: 46364 | MI1: 46365 | MJ1: 46366 | MK1: 46367 | ML1: 46368 | MM1: 46369 | MN1: 46370 | MO1: 46371 | MP1: 46372 | MQ1: 46373 | MR1: 46374 | MS1: 46375 | MT1: 46376 | MU1: 46377 | MV1: 46378 | MW1: 46379 | MX1: 46380 | MY1: 46381 | MZ1: 46382 | NA1: 46383 | NB1: 46384 | NC1: 46385 | ND1: 46386 | NE1: 46387 | NF1: Responsible Person | NG1: Manager Check | NH1: Comments/Actions
A2: Daily | B2: Bedrooms (Rooms 1-20 inc. 12A) | C2: Clean/check bed frames and rails
A3: Daily | B3: Bedrooms (Rooms 1-20 inc. 12A) | C3: Water plants/remove plant debris
A4: Daily | B4: Bedrooms (Rooms 1-20 inc. 12A) | C4: Polish wooden surfaces
A5: Daily | B5: Bedrooms (Rooms 1-20 inc. 12A) | C5: Dust/clean TVs and picture frames
A6: Daily | B6: Bedrooms (Rooms 1-20 inc. 12A) | C6: Clean/sanitise chair
A7: Daily | B7: Bedrooms (Rooms 1-20 inc. 12A) | C7: Mop non-carpeted floors
A8: Daily | B8: Bedrooms (Rooms 1-20 inc. 12A) | C8: Check for cobwebs
A9: Daily | B9: Bedrooms (Rooms 1-20 inc. 12A) | C9: Dust all surfaces incl. high/low/light fittings
A10: Daily | B10: Bedrooms (Rooms 1-20 inc. 12A) | C10: Hoover incl. behind/under furniture
A11: Daily | B11: Bedrooms (Rooms 1-20 inc. 12A) | C11: Disinfect touch points light switches/handles/doors
A12: Daily | B12: Bedrooms (Rooms 1-20 inc. 12A) | C12: Clean sink and tap
A13: Daily | B13: Bedrooms (Rooms 1-20 inc. 12A) | C13: Empty/disinfect bins
... A154: Daily | B154: External Areas | C154: Check external bins closed and area clean

Sheet Weekly Schedule
A1: Frequency | B1: Area | C1: Task | D1: Location/Room Detail | E1: Week 1 | F1: Week 2 | G1: Week 3 | H1: Week 4 | I1: Week 5 | J1: Week 6 | K1: Week 7 | L1: Week 8 | M1: Week 9 | N1: Week 10 | O1: Week 11 | P1: Week 12 | Q1: Week 13 | R1: Week 14 | S1: Week 15 | T1: Week 16 | U1: Week 17 | V1: Week 18 | W1: Week 19 | X1: Week 20 | Y1: Week 21 | Z1: Week 22 | AA1: Week 23 | AB1: Week 24 | AC1: Week 25 | AD1: Week 26 | AE1: Week 27 | AF1: Week 28 | AG1: Week 29 | AH1: Week 30 | AI1: Week 31 | AJ1: Week 32 | AK1: Week 33 | AL1: Week 34 | AM1: Week 35 | AN1: Week 36 | AO1: Week 37 | AP1: Week 38 | AQ1: Week 39 | AR1: Week 40 | AS1: Week 41 | AT1: Week 42 | AU1: Week 43 | AV1: Week 44 | AW1: Week 45 | AX1: Week 46 | AY1: Week 47 | AZ1: Week 48 | BA1: Week 49 | BB1: Week 50 | BC1: Week 51 | BD1: Week 52 | BE1: Responsible Person | BF1: Manager Check | BG1: Comments/Actions
A2: Weekly | B2: Bedrooms & Ensuites | C2: Wash/clean inside windows
A3: Weekly | B3: Bedrooms & Ensuites | C3: Wash/clean UPVC windows
A4: Weekly | B4: Bedrooms & Ensuites | C4: Clean blinds with damp cloth
A5: Weekly | B5: Bedrooms & Ensuites | C5: Wash/clean ceiling light covers
A6: Weekly | B6: Bedrooms & Ensuites | C6: Wash/clean under furniture
A7: Weekly | B7: Bedrooms & Ensuites | C7: Dust/damp-dust extraction fans
A8: Weekly | B8: Bedrooms & Ensuites | C8: Remove limescale from taps/surrounds
A9: Weekly | B9: Laundry | C9: Wash filters/vents
A10: Weekly | B10: Medication Room | C10: Clean cupboards externally
A11: Weekly | B11: Medication Room | C11: Clean shelving externally
A12: Weekly | B12: Medication Room | C12: Review medication room cleaning record
A13: Weekly | B13: Sluice Rooms | C13: Deep clean walls/splashbacks
... A22: Weekly | B22: External Areas | C22: Check bin store cleanliness

Sheet Monthly Schedule
A1: Frequency | B1: Area | C1: Task | D1: Location/Room Detail | E1: Jan | F1: Feb | G1: Mar | H1: Apr | I1: May | J1: Jun | K1: Jul | L1: Aug | M1: Sep | N1: Oct | O1: Nov | P1: Dec | Q1: Responsible Person | R1: Manager Check | S1: Comments/Actions
A2: Monthly | B2: Bedrooms & Ensuites | C2: Deep clean bedroom furniture and fixtures
A3: Monthly | B3: Bedrooms & Ensuites | C3: Deep clean ensuite fixtures/drains
A4: Monthly | B4: Bedrooms & Ensuites | C4: Review mattress cleanliness/condition
A5: Monthly | B5: Bedrooms & Ensuites | C5: Review curtains/blinds cleanliness
A6: Monthly | B6: Communal Areas | C6: Deep clean lounge/dining chairs
A7: Monthly | B7: Communal Areas | C7: Deep clean conservatory chairs/tables
A8: Monthly | B8: Communal Areas | C8: Clean TV stands/window ledges/display units
A9: Monthly | B9: Communal Areas | C9: Clean light shades/high-level fittings
A10: Monthly | B10: Kitchen | C10: Remove items from cupboards and clean inside
A11: Monthly | B11: Kitchen | C11: Deep clean fridge/freezer
A12: Monthly | B12: Kitchen | C12: Deep clean extractor fan and filters
A13: Monthly | B13: Kitchen | C13: Clean kitchen shelving
... A23: Monthly | B23: External | C23: Deep clean bin store

Sheet Quarterly Schedule
A1: Frequency | B1: Area | C1: Task | D1: Location/Room Detail | E1: Q1 | F1: Q2 | G1: Q3 | H1: Q4 | I1: Responsible Person | J1: Manager Check | K1: Comments/Actions
A2: Quarterly | B2: Whole Home | C2: Quarterly domestic cleaning audit/trend review
A3: Quarterly | B3: Whole Home | C3: Quarterly IPC environmental walkaround
A4: Quarterly | B4: Whole Home | C4: Quarterly cleaning equipment colour-coding audit
A5: Quarterly | B5: Whole Home | C5: Quarterly COSHH storage/labelling review
A6: Quarterly | B6: Whole Home | C6: Quarterly deep clean of high-level dusting areas
A7: Quarterly | B7: Bedrooms/Communal | C7: Quarterly carpet/upholstery review
A8: Quarterly | B8: Bedrooms/Communal | C8: Quarterly curtains/blinds review
A9: Quarterly | B9: Bedrooms/Communal | C9: Quarterly radiator/skirting board deep clean

Sheet 6-Monthly Schedule
A1: Frequency | B1: Area | C1: Task | D1: Location/Room Detail | E1: Jan-Jun | F1: Jul-Dec | G1: Responsible Person | H1: Manager Check | I1: Comments/Actions
A2: 6-Monthly | B2: Whole Home | C2: Six-monthly full-home deep clean review
A3: 6-Monthly | B3: Whole Home | C3: Six-monthly cleaning policy and schedule review
A4: 6-Monthly | B4: Whole Home | C4: Six-monthly domestic staff competency review
A5: 6-Monthly | B5: Whole Home | C5: Six-monthly IPC cleaning training refresh check
A6: 6-Monthly | B6: Whole Home | C6: Six-monthly cleaning equipment replacement review
A7: 6-Monthly | B7: External/Plant | C7: Six-monthly boiler room/cellar cleanliness check
A8: 6-Monthly | B8: External/Plant | C8: Six-monthly external drainage and bin-store cleanliness review

Sheet Annual Schedule
A1: Frequency | B1: Area | C1: Task | D1: Location/Room Detail | E1: Annual | F1: Responsible Person | G1: Manager Check | H1: Comments/Actions
A2: Annual | B2: Whole Home | C2: Annual review of cleaning schedule effectiveness
A3: Annual | B3: Whole Home | C3: Annual review of domestic audit trends/actions
A4: Annual | B4: Whole Home | C4: Annual full soft furnishings/curtains cleaning review
A5: Annual | B5: Whole Home | C5: Annual carpet cleaning programme review
A6: Annual | B6: Whole Home | C6: Annual mattress cleaning/replacement review
A7: Annual | B7: Whole Home | C7: Annual COSHH and cleaning product review
A8: Annual | B8: Whole Home | C8: Annual IPC environmental standards review

Sheet Domestic Audit
A1: Audit Date | B1: Section | C1: Question | D1: Result | E1: Evidence/Comment | F1: Action Required | G1: Owner | H1: Target Date | I1: Completed Date | J1: RAG
B2: Bedrooms | C2: Bedrooms visibly clean and odour free | J2: =IF(D2="Compliant","Green",IF(D2="Partially Compliant","Amber",IF(D2="Non-Compliant","Red","")))
B3: Bedrooms | C3: Beds, rails and furniture clean | J3: =IF(D3="Compliant","Green",IF(D3="Partially Compliant","Amber",IF(D3="Non-Compliant","Red","")))
B4: Bedrooms | C4: Floors/carpet areas clean | J4: =IF(D4="Compliant","Green",IF(D4="Partially Compliant","Amber",IF(D4="Non-Compliant","Red","")))
B5: Bedrooms | C5: Skirting boards free from dust | J5: =IF(D5="Compliant","Green",IF(D5="Partially Compliant","Amber",IF(D5="Non-Compliant","Red","")))
B6: Ensuites/Bathrooms | C6: Toilets, sinks and showers clean | J6: =IF(D6="Compliant","Green",IF(D6="Partially Compliant","Amber",IF(D6="Non-Compliant","Red","")))
B7: Ensuites/Bathrooms | C7: Soap/paper products stocked | J7: =IF(D7="Compliant","Green",IF(D7="Partially Compliant","Amber",IF(D7="Non-Compliant","Red","")))
B8: Ensuites/Bathrooms | C8: Touch points disinfected | J8: =IF(D8="Compliant","Green",IF(D8="Partially Compliant","Amber",IF(D8="Non-Compliant","Red","")))
B9: Ensuites/Bathrooms | C9: Bins clean and lidded | J9: =IF(D9="Compliant","Green",IF(D9="Partially Compliant","Amber",IF(D9="Non-Compliant","Red","")))
B10: Medication Room | C10: Medication room clean/uncluttered | J10: =IF(D10="Compliant","Green",IF(D10="Partially Compliant","Amber",IF(D10="Non-Compliant","Red","")))
B11: Medication Room | C11: Temperature logs completed | J11: =IF(D11="Compliant","Green",IF(D11="Partially Compliant","Amber",IF(D11="Non-Compliant","Red","")))
B12: Medication Room | C12: Medicine trolley clean | J12: =IF(D12="Compliant","Green",IF(D12="Partially Compliant","Amber",IF(D12="Non-Compliant","Red","")))
B13: Medication Room | C13: Sharps/waste arrangements safe | J13: =IF(D13="Compliant","Green",IF(D13="Partially Compliant","Amber",IF(D13="Non-Compliant","Red","")))
... B29: Equipment/External | C29: Cleaning equipment colour-coded/stored correctly | J29: =IF(D29="Compliant","Green",IF(D29="Partially Compliant","Amber",IF(D29="Non-Compliant","Red","")))

Sheet IPC Audit
A1: Audit Date | B1: Section | C1: Question | D1: Result | E1: Evidence/Comment | F1: Action Required | G1: Owner | H1: Target Date | I1: Completed Date | J1: RAG
B2: Hand Hygiene | C2: Hand hygiene stations stocked and accessible | J2: =IF(D2="Compliant","Green",IF(D2="Partially Compliant","Amber",IF(D2="Non-Compliant","Red","")))
B3: PPE | C3: PPE available and stored correctly | J3: =IF(D3="Compliant","Green",IF(D3="Partially Compliant","Amber",IF(D3="Non-Compliant","Red","")))
B4: Cleaning Equipment | C4: Colour-coded cleaning equipment in use | J4: =IF(D4="Compliant","Green",IF(D4="Partially Compliant","Amber",IF(D4="Non-Compliant","Red","")))
B5: Cleaning Equipment | C5: Mop heads/cloths clean and replaced appropriately | J5: =IF(D5="Compliant","Green",IF(D5="Partially Compliant","Amber",IF(D5="Non-Compliant","Red","")))
B6: Waste | C6: Clinical waste bins clean and correctly used | J6: =IF(D6="Compliant","Green",IF(D6="Partially Compliant","Amber",IF(D6="Non-Compliant","Red","")))
B7: Waste | C7: Sharps bins assembled, labelled and not overfilled | J7: =IF(D7="Compliant","Green",IF(D7="Partially Compliant","Amber",IF(D7="Non-Compliant","Red","")))
B8: Laundry | C8: Soiled laundry segregated and handled safely | J8: =IF(D8="Compliant","Green",IF(D8="Partially Compliant","Amber",IF(D8="Non-Compliant","Red","")))
B9: Sluice | C9: Sluice rooms support safe decontamination practice | J9: =IF(D9="Compliant","Green",IF(D9="Partially Compliant","Amber",IF(D9="Non-Compliant","Red","")))
B10: Medication Room | C10: Medication room cleaning supports medicines governance | J10: =IF(D10="Compliant","Green",IF(D10="Partially Compliant","Amber",IF(D10="Non-Compliant","Red","")))
B11: COSHH | C11: COSHH products stored securely and labelled | J11: =IF(D11="Compliant","Green",IF(D11="Partially Compliant","Amber",IF(D11="Non-Compliant","Red","")))
B12: Records | C12: Cleaning records complete and contemporaneous | J12: =IF(D12="Compliant","Green",IF(D12="Partially Compliant","Amber",IF(D12="Non-Compliant","Red","")))
B13: Learning | C13: Missed cleaning tasks result in corrective action | J13: =IF(D13="Compliant","Green",IF(D13="Partially Compliant","Amber",IF(D13="Non-Compliant","Red","")))

Sheet Corrective Action Plan
A1: Date Raised | B1: Source | C1: Area/Section | D1: Issue | E1: Action Required | F1: Owner | G1: Target Date | H1: Completion Date | I1: Status | J1: Verification/Manager Sign Off

Sheet Instructions
A1: How to use this workbook
A2: Daily Schedule: full 2026 calendar across one tab. Enter Completed, Not Completed, or N/A.
A3: Weekly Schedule: 52 weeks in one tab.
A4: Monthly Schedule: January to December in one tab.
A5: Quarterly, 6-Monthly and Annual Schedules: use for planned deep cleaning and governance tasks.
A6: Use Location/Room Detail to record the room number or area where the task was completed, especially Bedrooms and Ensuites.
A7: Dashboard updates from all frequency tabs.
A8: Domestic Audit and IPC Audit scores feed into dashboard.
A9: Add missed cleaning/audit failures to Corrective Action Plan.
A10: Folder Contents Word document was ignored as requested. Uploaded Excel cleaning schedules were used as the source for daily and weekly tasks.
