Workbook

Sheet Dashboard
A1: Swan Care Home - Fire Compliance Dashboard
A3: Metric | B3: Value | D3: Renewals Due / Overdue | E3: Date | F3: RAG | H3: Open Fire Actions | I3: Target | J3: RAG
A4: Overall Compliance % | B4: =IFERROR(AVERAGE(B5:B10),0) | D4: =IFERROR(INDEX('Renewal Register'!A:A,4),"") -> Emergency Lighting | E4: =IFERROR(INDEX('Renewal Register'!E:E,4),"") -> 46266 | F4: =IFERROR(INDEX('Renewal Register'!I:I,4),"") -> Green | H4: =IFERROR(INDEX('Fire Action Plan'!C:C,4),"") -> Fire door compliance monitoring required | I4: =IFERROR(INDEX('Fire Action Plan'!H:H,4),"") -> 46218 | J4: =IFERROR(INDEX('Fire Action Plan'!M:M,4),"") -> Yellow
A5: Renewals Current % | B5: =IFERROR(COUNTIF('Renewal Register'!I4:I197,"Green")/COUNTA('Renewal Register'!A4:A197),0) -> 0.86666667 | D5: =IFERROR(INDEX('Renewal Register'!A:A,5),"") -> Fire Alarm System Maintenance | E5: =IFERROR(INDEX('Renewal Register'!E:E,5),"") -> 46266 | F5: =IFERROR(INDEX('Renewal Register'!I:I,5),"") -> Green | H5: =IFERROR(INDEX('Fire Action Plan'!C:C,5),"") -> Annual/monthly testing evidence must be current | I5: =IFERROR(INDEX('Fire Action Plan'!H:H,5),"") -> 46208 | J5: =IFERROR(INDEX('Fire Action Plan'!M:M,5),"") -> Green
A6: Action Plan Complete % | B6: =IFERROR(COUNTIF('Fire Action Plan'!L4:L200,"Complete")/COUNTA('Fire Action Plan'!A4:A200),0) -> 0.2 | D6: =IFERROR(INDEX('Renewal Register'!A:A,6),"") -> Fire Equipment / Extinguishers | E6: =IFERROR(INDEX('Renewal Register'!E:E,6),"") -> 46447 | F6: =IFERROR(INDEX('Renewal Register'!I:I,6),"") -> Green | H6: =IFERROR(INDEX('Fire Action Plan'!C:C,6),"") -> Horizontal evacuation drill evidence required | I6: =IFERROR(INDEX('Fire Action Plan'!H:H,6),"") -> 46223 | J6: =IFERROR(INDEX('Fire Action Plan'!M:M,6),"") -> Yellow
A7: Fire Marshal Training Current % | B7: =IFERROR(COUNTIF('Fire Marshal Training'!K4:K100,"Green")/COUNTA('Fire Marshal Training'!A4:A100),0) -> 1 | D7: =IFERROR(INDEX('Renewal Register'!A:A,7),"") -> Lift Inspection | E7: =IFERROR(INDEX('Renewal Register'!E:E,7),"") -> 46113 | F7: =IFERROR(INDEX('Renewal Register'!I:I,7),"") -> Red | H7: =IFERROR(INDEX('Fire Action Plan'!C:C,7),"") -> Fire marshal training to be recorded for staff | I7: =IFERROR(INDEX('Fire Action Plan'!H:H,7),"") -> 46213 | J7: =IFERROR(INDEX('Fire Action Plan'!M:M,7),"") -> Yellow
A8: Fire Training Current % | B8: =IFERROR(COUNTIF('Fire Training Matrix'!M4:M100,"Green")/COUNTA('Fire Training Matrix'!A4:A100),0) -> 0 | D8: =IFERROR(INDEX('Renewal Register'!A:A,8),"") -> Clinical Waste Certificate | E8: =IFERROR(INDEX('Renewal Register'!E:E,8),"") -> 46508 | F8: =IFERROR(INDEX('Renewal Register'!I:I,8),"") -> Green | H8: =IFERROR(INDEX('Fire Action Plan'!C:C,8),"") -> Needs replacing | I8: =IFERROR(INDEX('Fire Action Plan'!H:H,8),"") -> 46218 | J8: =IFERROR(INDEX('Fire Action Plan'!M:M,8),"") -> Yellow
A9: Reg Evidence Current % | B9: =IFERROR(COUNTIF('Reg Evidence Index'!K4:K200,"Green")/COUNTA('Reg Evidence Index'!A4:A200),0) -> 0 | D9: =IFERROR(INDEX('Renewal Register'!A:A,9),"") -> PAT Testing of Electrical Equipment | E9: =IFERROR(INDEX('Renewal Register'!E:E,9),"") -> 46296 | F9: =IFERROR(INDEX('Renewal Register'!I:I,9),"") -> Green | H9: =IFERROR(INDEX('Fire Action Plan'!C:C,9),"") -> 0 | I9: =IFERROR(INDEX('Fire Action Plan'!H:H,9),"") -> 0 | J9: =IFERROR(INDEX('Fire Action Plan'!M:M,9),"")
A10: Overall RAG | B10: =IF(B4>=0.95,"Green",IF(B4>=0.9,"Yellow",IF(B4>=0.8,"Orange","Red"))) | D10: =IFERROR(INDEX('Renewal Register'!A:A,10),"") -> BIOMASS Boiler | E10: =IFERROR(INDEX('Renewal Register'!E:E,10),"") -> 46352 | F10: =IFERROR(INDEX('Renewal Register'!I:I,10),"") -> Green | H10: =IFERROR(INDEX('Fire Action Plan'!C:C,10),"") -> 0 | I10: =IFERROR(INDEX('Fire Action Plan'!H:H,10),"") -> 0 | J10: =IFERROR(INDEX('Fire Action Plan'!M:M,10),"")
A11: Overdue Renewals | B11: =COUNTIF('Renewal Register'!I4:I197,"Red") -> 1 | D11: =IFERROR(INDEX('Renewal Register'!A:A,11),"") -> LOLER Hoist and Slings | E11: =IFERROR(INDEX('Renewal Register'!E:E,11),"") -> 46235 | F11: =IFERROR(INDEX('Renewal Register'!I:I,11),"") -> Yellow | H11: =IFERROR(INDEX('Fire Action Plan'!C:C,11),"") -> 0 | I11: =IFERROR(INDEX('Fire Action Plan'!H:H,11),"") -> 0 | J11: =IFERROR(INDEX('Fire Action Plan'!M:M,11),"")
A12: Open Actions | B12: =COUNTIFS('Fire Action Plan'!L4:L200,"<>Complete",'Fire Action Plan'!A4:A200,"<>") -> 4 | D12: =IFERROR(INDEX('Renewal Register'!A:A,12),"") -> Legionella Testing | E12: =IFERROR(INDEX('Renewal Register'!E:E,12),"") -> 46660 | F12: =IFERROR(INDEX('Renewal Register'!I:I,12),"") -> Green | H12: =IFERROR(INDEX('Fire Action Plan'!C:C,12),"") -> 0 | I12: =IFERROR(INDEX('Fire Action Plan'!H:H,12),"") -> 0 | J12: =IFERROR(INDEX('Fire Action Plan'!M:M,12),"")
D13: =IFERROR(INDEX('Renewal Register'!A:A,13),"") -> Fire Risk Assessment / Risk Assessments | E13: =IFERROR(INDEX('Renewal Register'!E:E,13),"") -> 46540 | F13: =IFERROR(INDEX('Renewal Register'!I:I,13),"") -> Green | H13: =IFERROR(INDEX('Fire Action Plan'!C:C,13),"") -> 0 | I13: =IFERROR(INDEX('Fire Action Plan'!H:H,13),"") -> 0 | J13: =IFERROR(INDEX('Fire Action Plan'!M:M,13),"")
A14: This workbook records fire compliance only. Evidence is not embedded; the Regulatory Evidence Index records where evidence is stored and who verified it.
D15: =IFERROR(INDEX('Renewal Register'!A:A,15),"") -> ICO Registration | E15: =IFERROR(INDEX('Renewal Register'!E:E,15),"") -> 46388 | F15: =IFERROR(INDEX('Renewal Register'!I:I,15),"") -> Green
D16: =IFERROR(INDEX('Renewal Register'!A:A,16),"") -> Electrical Safety / EICR | E16: =IFERROR(INDEX('Renewal Register'!E:E,16),"") -> 46935 | F16: =IFERROR(INDEX('Renewal Register'!I:I,16),"") -> Green
D17: =IFERROR(INDEX('Renewal Register'!A:A,17),"") -> Lift service | E17: =IFERROR(INDEX('Renewal Register'!E:E,17),"") -> 46522 | F17: =IFERROR(INDEX('Renewal Register'!I:I,17),"") -> Green

Sheet Renewal Register
A1: Certificate & Renewal Register - No Evidence Saved in Workbook
A3: Certificate / Requirement | B3: Contractor / Provider | C3: Frequency | D3: Last Completed | E3: Next Renewal Date | F3: Days Remaining | G3: Reminder | H3: Status | I3: RAG | J3: Responsible Person | K3: Comments
A4: Emergency Lighting | B4: G.P. MASONS | C4: 6 monthly / yearly | D4: 46092 | E4: 46266 | F4: =IF(E4="","",E4-TODAY()) -> 63 | G4: =IF(E4="","No date",IF(E4<TODAY(),"OVERDUE",IF(E4<=TODAY()+30,"Due within 30 days",IF(E4<=TODAY()+60,"Due within 60 days","In date")))) -> In date | H4: =IF(E4="","Missing Date",IF(E4<TODAY(),"Overdue",IF(E4<=TODAY()+60,"Due Soon","Current"))) -> Current | I4: =IF(H4="Overdue","Red",IF(H4="Due Soon","Yellow",IF(H4="Missing Date","Red","Green"))) -> Green | J4: Maintenance / Manager | K4: Completed awaiting report
A5: Fire Alarm System Maintenance | B5: G.P. MASON | C5: 6 monthly | D5: 46092 | E5: 46266 | F5: =IF(E5="","",E5-TODAY()) -> 63 | G5: =IF(E5="","No date",IF(E5<TODAY(),"OVERDUE",IF(E5<=TODAY()+30,"Due within 30 days",IF(E5<=TODAY()+60,"Due within 60 days","In date")))) -> In date | H5: =IF(E5="","Missing Date",IF(E5<TODAY(),"Overdue",IF(E5<=TODAY()+60,"Due Soon","Current"))) -> Current | I5: =IF(H5="Overdue","Red",IF(H5="Due Soon","Yellow",IF(H5="Missing Date","Red","Green"))) -> Green | J5: Maintenance / Manager | K5: Completed awaiting report
A6: Fire Equipment / Extinguishers | B6: Contractor | C6: Annually | D6: 46092 | E6: 46447 | F6: =IF(E6="","",E6-TODAY()) -> 244 | G6: =IF(E6="","No date",IF(E6<TODAY(),"OVERDUE",IF(E6<=TODAY()+30,"Due within 30 days",IF(E6<=TODAY()+60,"Due within 60 days","In date")))) -> In date | H6: =IF(E6="","Missing Date",IF(E6<TODAY(),"Overdue",IF(E6<=TODAY()+60,"Due Soon","Current"))) -> Current | I6: =IF(H6="Overdue","Red",IF(H6="Due Soon","Yellow",IF(H6="Missing Date","Red","Green"))) -> Green | J6: Maintenance / Manager | K6: Completed awaiting report
A7: Lift Inspection | B7: Contractor | C7: 6 months | D7: 45931 | E7: 46113 | F7: =IF(E7="","",E7-TODAY()) -> -90 | G7: =IF(E7="","No date",IF(E7<TODAY(),"OVERDUE",IF(E7<=TODAY()+30,"Due within 30 days",IF(E7<=TODAY()+60,"Due within 60 days","In date")))) -> OVERDUE | H7: =IF(E7="","Missing Date",IF(E7<TODAY(),"Overdue",IF(E7<=TODAY()+60,"Due Soon","Current"))) -> Overdue | I7: =IF(H7="Overdue","Red",IF(H7="Due Soon","Yellow",IF(H7="Missing Date","Red","Green"))) -> Red | J7: Maintenance / Manager | K7: Renewal due from uploaded certificate list
A8: Clinical Waste Certificate | B8: Contractor | C8: Annually | D8: 46143 | E8: 46508 | F8: =IF(E8="","",E8-TODAY()) -> 305 | G8: =IF(E8="","No date",IF(E8<TODAY(),"OVERDUE",IF(E8<=TODAY()+30,"Due within 30 days",IF(E8<=TODAY()+60,"Due within 60 days","In date")))) -> In date | H8: =IF(E8="","Missing Date",IF(E8<TODAY(),"Overdue",IF(E8<=TODAY()+60,"Due Soon","Current"))) -> Current | I8: =IF(H8="Overdue","Red",IF(H8="Due Soon","Yellow",IF(H8="Missing Date","Red","Green"))) -> Green | J8: Registered Manager | K8: Renewal due May 2026 from uploaded list
A9: PAT Testing of Electrical Equipment | B9: Contractor | C9: Annually | D9: 45931 | E9: 46296 | F9: =IF(E9="","",E9-TODAY()) -> 93 | G9: =IF(E9="","No date",IF(E9<TODAY(),"OVERDUE",IF(E9<=TODAY()+30,"Due within 30 days",IF(E9<=TODAY()+60,"Due within 60 days","In date")))) -> In date | H9: =IF(E9="","Missing Date",IF(E9<TODAY(),"Overdue",IF(E9<=TODAY()+60,"Due Soon","Current"))) -> Current | I9: =IF(H9="Overdue","Red",IF(H9="Due Soon","Yellow",IF(H9="Missing Date","Red","Green"))) -> Green | J9: Maintenance | K9: Renewal due October 2026
A10: BIOMASS Boiler | B10: Remote Service | C10: Annually | D10: 45987 | E10: 46352 | F10: =IF(E10="","",E10-TODAY()) -> 149 | G10: =IF(E10="","No date",IF(E10<TODAY(),"OVERDUE",IF(E10<=TODAY()+30,"Due within 30 days",IF(E10<=TODAY()+60,"Due within 60 days","In date")))) -> In date | H10: =IF(E10="","Missing Date",IF(E10<TODAY(),"Overdue",IF(E10<=TODAY()+60,"Due Soon","Current"))) -> Current | I10: =IF(H10="Overdue","Red",IF(H10="Due Soon","Yellow",IF(H10="Missing Date","Red","Green"))) -> Green | J10: Maintenance | K10: Remotely serviced 04/07/2025
A11: LOLER Hoist and Slings | B11: Contractor | C11: 6 monthly | D11: 46054 | E11: 46235 | F11: =IF(E11="","",E11-TODAY()) -> 32 | G11: =IF(E11="","No date",IF(E11<TODAY(),"OVERDUE",IF(E11<=TODAY()+30,"Due within 30 days",IF(E11<=TODAY()+60,"Due within 60 days","In date")))) -> Due within 60 days | H11: =IF(E11="","Missing Date",IF(E11<TODAY(),"Overdue",IF(E11<=TODAY()+60,"Due Soon","Current"))) -> Due Soon | I11: =IF(H11="Overdue","Red",IF(H11="Due Soon","Yellow",IF(H11="Missing Date","Red","Green"))) -> Yellow | J11: Maintenance / Manager | K11: Completed in Feb awaiting report
A12: Legionella Testing | B12: Contractor | C12: Every 2 years | D12: 45930 | E12: 46660 | F12: =IF(E12="","",E12-TODAY()) -> 457 | G12: =IF(E12="","No date",IF(E12<TODAY(),"OVERDUE",IF(E12<=TODAY()+30,"Due within 30 days",IF(E12<=TODAY()+60,"Due within 60 days","In date")))) -> In date | H12: =IF(E12="","Missing Date",IF(E12<TODAY(),"Overdue",IF(E12<=TODAY()+60,"Due Soon","Current"))) -> Current | I12: =IF(H12="Overdue","Red",IF(H12="Due Soon","Yellow",IF(H12="Missing Date","Red","Green"))) -> Green | J12: Registered Manager | K12: Next due Sept 2027
A13: Fire Risk Assessment / Risk Assessments | B13: Competent person | C13: Annually | D13: 46175 | E13: 46540 | F13: =IF(E13="","",E13-TODAY()) -> 337 | G13: =IF(E13="","No date",IF(E13<TODAY(),"OVERDUE",IF(E13<=TODAY()+30,"Due within 30 days",IF(E13<=TODAY()+60,"Due within 60 days","In date")))) -> In date | H13: =IF(E13="","Missing Date",IF(E13<TODAY(),"Overdue",IF(E13<=TODAY()+60,"Due Soon","Current"))) -> Current | I13: =IF(H13="Overdue","Red",IF(H13="Due Soon","Yellow",IF(H13="Missing Date","Red","Green"))) -> Green | J13: Registered Manager | K13: Annual review due November
A14: Employer's Liability | B14: Insurer | C14: Annually | D14: 46144 | E14: 46509 | F14: =IF(E14="","",E14-TODAY()) -> 306 | G14: =IF(E14="","No date",IF(E14<TODAY(),"OVERDUE",IF(E14<=TODAY()+30,"Due within 30 days",IF(E14<=TODAY()+60,"Due within 60 days","In date")))) -> In date | H14: =IF(E14="","Missing Date",IF(E14<TODAY(),"Overdue",IF(E14<=TODAY()+60,"Due Soon","Current"))) -> Current | I14: =IF(H14="Overdue","Red",IF(H14="Due Soon","Yellow",IF(H14="Missing Date","Red","Green"))) -> Green | J14: Director | K14: Renewal due May 2026
A15: ICO Registration | B15: ICO | C15: Annually | D15: 46024 | E15: 46388 | F15: =IF(E15="","",E15-TODAY()) -> 185 | G15: =IF(E15="","No date",IF(E15<TODAY(),"OVERDUE",IF(E15<=TODAY()+30,"Due within 30 days",IF(E15<=TODAY()+60,"Due within 60 days","In date")))) -> In date | H15: =IF(E15="","Missing Date",IF(E15<TODAY(),"Overdue",IF(E15<=TODAY()+60,"Due Soon","Current"))) -> Current | I15: =IF(H15="Overdue","Red",IF(H15="Due Soon","Yellow",IF(H15="Missing Date","Red","Green"))) -> Green | J15: Director | K15: Next due Jan 2027
... A18: Asbestos | B18: Envirochem | C18: Annual | D18: 46139 | E18: 46504 | F18: =IF(E18="","",E18-TODAY()) -> 301 | G18: =IF(E18="","No date",IF(E18<TODAY(),"OVERDUE",IF(E18<=TODAY()+30,"Due within 30 days",IF(E18<=TODAY()+60,"Due within 60 days","In date")))) -> In date | H18: =IF(E18="","Missing Date",IF(E18<TODAY(),"Overdue",IF(E18<=TODAY()+60,"Due Soon","Current"))) -> Current | I18: =IF(H18="Overdue","Red",IF(H18="Due Soon","Yellow",IF(H18="Missing Date","Red","Green"))) -> Green | J18: Maintenance / Manager | K18: Next due July 2030

Sheet Fire Action Plan
A1: Fire Action Plan - Owner, Target Date, Completion Date & Verification
A3: Ref | B3: Area | C3: Issue Identified | D3: Risk | E3: Action Required | F3: Priority | G3: Action Owner | H3: Target Date | I3: Completion Date | J3: Verification / Evidence Seen | K3: Verified By | L3: Status | M3: RAG | N3: Comments
A4: FAP001 | B4: Fire Doors | C4: Fire door compliance monitoring required | D4: High | E4: Complete full door inspection and log all repairs | F4: High | G4: Maintenance Manager | H4: 46218 | J4: Inspection report reviewed, repair invoice/photo reference | K4: Registered Manager | L4: In Progress | M4: =IF(L4="Complete","Green",IF(AND(H4<>"",H4<TODAY()),"Red",IF(H4<=TODAY()+7,"Orange",IF(H4<=TODAY()+30,"Yellow","Green")))) -> Yellow | N4: Currently undergoing - Doing all fire door works in the home
A5: FAP002 | B5: Emergency Lighting | C5: Annual/monthly testing evidence must be current | D5: High | E5: Update emergency lighting log and chase contractor report | F5: High | G5: Registered Manager | H5: 46208 | J5: Contractor report received and dashboard renewal updated | K5: Director | L5: Complete | M5: =IF(L5="Complete","Green",IF(AND(H5<>"",H5<TODAY()),"Red",IF(H5<=TODAY()+7,"Orange",IF(H5<=TODAY()+30,"Yellow","Green")))) -> Green | N5: Certificate available
A6: FAP003 | B6: Fire Drills | C6: Horizontal evacuation drill evidence required | D6: High | E6: Complete day and night drill including compartment movement and lessons learned | F6: High | G6: Registered Manager | H6: 46223 | J6: Drill evaluation signed and actions closed | K6: Director | L6: Not Started | M6: =IF(L6="Complete","Green",IF(AND(H6<>"",H6<TODAY()),"Red",IF(H6<=TODAY()+7,"Orange",IF(H6<=TODAY()+30,"Yellow","Green")))) -> Yellow | N6: Staff undergoing training once again - 10/07/2026
A7: FAP004 | B7: Fire Marshal Training | C7: Fire marshal training to be recorded for staff | D7: Medium | E7: Enter staff fire marshal training dates and expiry dates | F7: Medium | G7: Registered Manager | H7: 46213 | I7: 46203 | J7: Training matrix checked and expired certificates flagged | K7: Director | L7: In Progress | M7: =IF(L7="Complete","Green",IF(AND(H7<>"",H7<TODAY()),"Red",IF(H7<=TODAY()+7,"Orange",IF(H7<=TODAY()+30,"Yellow","Green")))) -> Yellow | N7: No Staff - Unable to do with works currently being completed in the home
A8: FAP004 | B8: Fire Equipment | C8: Needs replacing | D8: High | E8: Fire company to bring new fire equipment | F8: High | G8: Provider | H8: 46218 | L8: In Progress | M8: =IF(A8="","",IF(L8="Complete","Green",IF(AND(H8<>"",H8<TODAY()),"Red",IF(H8<=TODAY()+7,"Orange",IF(H8<=TODAY()+30,"Yellow","Green"))))) -> Yellow | N8: Waiting for Fire company to provide new equipment
M9: =IF(A9="","",IF(L9="Complete","Green",IF(AND(H9<>"",H9<TODAY()),"Red",IF(H9<=TODAY()+7,"Orange",IF(H9<=TODAY()+30,"Yellow","Green")))))
M10: =IF(A10="","",IF(L10="Complete","Green",IF(AND(H10<>"",H10<TODAY()),"Red",IF(H10<=TODAY()+7,"Orange",IF(H10<=TODAY()+30,"Yellow","Green")))))
M11: =IF(A11="","",IF(L11="Complete","Green",IF(AND(H11<>"",H11<TODAY()),"Red",IF(H11<=TODAY()+7,"Orange",IF(H11<=TODAY()+30,"Yellow","Green")))))
M12: =IF(A12="","",IF(L12="Complete","Green",IF(AND(H12<>"",H12<TODAY()),"Red",IF(H12<=TODAY()+7,"Orange",IF(H12<=TODAY()+30,"Yellow","Green")))))
M13: =IF(A13="","",IF(L13="Complete","Green",IF(AND(H13<>"",H13<TODAY()),"Red",IF(H13<=TODAY()+7,"Orange",IF(H13<=TODAY()+30,"Yellow","Green")))))
M14: =IF(A14="","",IF(L14="Complete","Green",IF(AND(H14<>"",H14<TODAY()),"Red",IF(H14<=TODAY()+7,"Orange",IF(H14<=TODAY()+30,"Yellow","Green")))))
M15: =IF(A15="","",IF(L15="Complete","Green",IF(AND(H15<>"",H15<TODAY()),"Red",IF(H15<=TODAY()+7,"Orange",IF(H15<=TODAY()+30,"Yellow","Green")))))
M16: =IF(A16="","",IF(L16="Complete","Green",IF(AND(H16<>"",H16<TODAY()),"Red",IF(H16<=TODAY()+7,"Orange",IF(H16<=TODAY()+30,"Yellow","Green")))))
M17: =IF(A17="","",IF(L17="Complete","Green",IF(AND(H17<>"",H17<TODAY()),"Red",IF(H17<=TODAY()+7,"Orange",IF(H17<=TODAY()+30,"Yellow","Green")))))
M18: =IF(A18="","",IF(L18="Complete","Green",IF(AND(H18<>"",H18<TODAY()),"Red",IF(H18<=TODAY()+7,"Orange",IF(H18<=TODAY()+30,"Yellow","Green")))))
M19: =IF(A19="","",IF(L19="Complete","Green",IF(AND(H19<>"",H19<TODAY()),"Red",IF(H19<=TODAY()+7,"Orange",IF(H19<=TODAY()+30,"Yellow","Green")))))
M20: =IF(A20="","",IF(L20="Complete","Green",IF(AND(H20<>"",H20<TODAY()),"Red",IF(H20<=TODAY()+7,"Orange",IF(H20<=TODAY()+30,"Yellow","Green")))))
... M103: =IF(A103="","",IF(L103="Complete","Green",IF(AND(H103<>"",H103<TODAY()),"Red",IF(H103<=TODAY()+7,"Orange",IF(H103<=TODAY()+30,"Yellow","Green")))))

Sheet Fire Marshal Training
A1: Fire Marshal Training Register
A3: Staff Name | B3: Role | C3: Fire Marshal Training Date | D3: Expiry Date | E3: Days Remaining | F3: Practical Assessment | G3: Evacuation Competency | H3: Trainer | I3: Competent | J3: Status | K3: RAG | L3: Comments
A4: Niranjala Dissanayake | B4: Health Care Assistant | C4: 46125 | D4: 47221 | E4: =IF(D4="","",D4-TODAY()) -> 1018 | J4: =IF(D4="","Missing",IF(D4<TODAY(),"Expired",IF(D4<=TODAY()+30,"Due Soon","Current"))) -> Current | K4: =IF(J4="Current","Green",IF(J4="Due Soon","Yellow","Red")) -> Green
A5: Chelsee Booth | B5: Health Care Assistant | C5: 46125 | D5: 47222 | E5: =IF(D5="","",D5-TODAY()) -> 1019 | J5: =IF(D5="","Missing",IF(D5<TODAY(),"Expired",IF(D5<=TODAY()+30,"Due Soon","Current"))) -> Current | K5: =IF(J5="Current","Green",IF(J5="Due Soon","Yellow","Red")) -> Green
A6: Paula Merry | B6: Manager | C6: 46155 | D6: 47223 | E6: =IF(D6="","",D6-TODAY()) -> 1020 | J6: =IF(D6="","Missing",IF(D6<TODAY(),"Expired",IF(D6<=TODAY()+30,"Due Soon","Current"))) -> Current | K6: =IF(J6="Current","Green",IF(J6="Due Soon","Yellow","Red")) -> Green
A7: Nathan Thomas | B7: Health Care Assistant | C7: 46125 | D7: 47224 | E7: =IF(D7="","",D7-TODAY()) -> 1021 | J7: =IF(D7="","Missing",IF(D7<TODAY(),"Expired",IF(D7<=TODAY()+30,"Due Soon","Current"))) -> Current | K7: =IF(J7="Current","Green",IF(J7="Due Soon","Yellow","Red")) -> Green
A8: Joel Jose | B8: Health Care Assistant | C8: 46001 | D8: 47225 | E8: =IF(D8="","",D8-TODAY()) -> 1022 | J8: =IF(D8="","Missing",IF(D8<TODAY(),"Expired",IF(D8<=TODAY()+30,"Due Soon","Current"))) -> Current | K8: =IF(J8="Current","Green",IF(J8="Due Soon","Yellow","Red")) -> Green
A9: Firos Latheef | B9: Health Care Lead | C9: 46010 | D9: 47226 | E9: =IF(D9="","",D9-TODAY()) -> 1023 | J9: =IF(D9="","Missing",IF(D9<TODAY(),"Expired",IF(D9<=TODAY()+30,"Due Soon","Current"))) -> Current | K9: =IF(J9="Current","Green",IF(J9="Due Soon","Yellow","Red")) -> Green
A10: Kathleen Evans | B10: Health Care Assistant | C10: 46001 | D10: 47227 | E10: =IF(D10="","",D10-TODAY()) -> 1024 | J10: =IF(D10="","Missing",IF(D10<TODAY(),"Expired",IF(D10<=TODAY()+30,"Due Soon","Current"))) -> Current | K10: =IF(J10="Current","Green",IF(J10="Due Soon","Yellow","Red")) -> Green
A11: Sahil | B11: Deputy Manager | D11: 47228 | E11: =IF(D11="","",D11-TODAY()) -> 1025 | J11: =IF(D11="","Missing",IF(D11<TODAY(),"Expired",IF(D11<=TODAY()+30,"Due Soon","Current"))) -> Current | K11: =IF(J11="Current","Green",IF(J11="Due Soon","Yellow","Red")) -> Green
A12: Haritha Sasidharan | B12: Team Leader | C12: 46001 | D12: 47229 | E12: =IF(D12="","",D12-TODAY()) -> 1026 | J12: =IF(D12="","Missing",IF(D12<TODAY(),"Expired",IF(D12<=TODAY()+30,"Due Soon","Current"))) -> Current | K12: =IF(J12="Current","Green",IF(J12="Due Soon","Yellow","Red")) -> Green
A13: Abhina Soundaraj | B13: Health Care Lead | C13: 45996 | D13: 47230 | E13: =IF(D13="","",D13-TODAY()) -> 1027 | J13: =IF(D13="","Missing",IF(D13<TODAY(),"Expired",IF(D13<=TODAY()+30,"Due Soon","Current"))) -> Current | K13: =IF(J13="Current","Green",IF(J13="Due Soon","Yellow","Red")) -> Green
A14: Carol Foss | B14: Domestic | C14: 45949 | D14: 47231 | E14: =IF(D14="","",D14-TODAY()) -> 1028 | J14: =IF(D14="","Missing",IF(D14<TODAY(),"Expired",IF(D14<=TODAY()+30,"Due Soon","Current"))) -> Current | K14: =IF(J14="Current","Green",IF(J14="Due Soon","Yellow","Red")) -> Green
A15: Harikrishnan Mohanan Nair | B15: Health Care Lead | C15: 45996 | D15: 47232 | E15: =IF(D15="","",D15-TODAY()) -> 1029 | J15: =IF(D15="","Missing",IF(D15<TODAY(),"Expired",IF(D15<=TODAY()+30,"Due Soon","Current"))) -> Current | K15: =IF(J15="Current","Green",IF(J15="Due Soon","Yellow","Red")) -> Green

Sheet Fire Training Matrix
A1: Fire Safety Training Matrix
A3: Staff Name | B3: Role | C3: Fire Safety Date | D3: Fire Safety Expiry | E3: Fire Marshal Date | F3: Fire Marshal Expiry | G3: Horizontal Evacuation | H3: PEEP Awareness | I3: Fire Panel | J3: Night Procedure | K3: Extinguisher Awareness | L3: Overall Status | M3: RAG | N3: Next Due | O3: Comments
A4: Niranjala Dissanayake | B4: {=IF(A4="","",'Fire Marshal Training'!B4:B15)} -> Health Care Assistant | E4: {=IF(B4="","",'Fire Marshal Training'!C4:C15)} -> 46125 | F4: {=IF(E4="","",'Fire Marshal Training'!D4:D15)} -> 47221 | L4: =IF(COUNTBLANK(E4:K4)>0,"Incomplete",IF(N4<TODAY(),"Expired",IF(N4<=TODAY()+30,"Due Soon","Current"))) -> Incomplete | M4: =IF(L4="Current","Green",IF(L4="Due Soon","Yellow","Red")) -> Red | N4: =IFERROR(MIN(F4,#REF!),"")
A5: Chelsee Booth | B5: Health Care Assistant | E5: 46125 | F5: 47222 | L5: =IF(COUNTBLANK(E5:K5)>0,"Incomplete",IF(N5<TODAY(),"Expired",IF(N5<=TODAY()+30,"Due Soon","Current"))) -> Incomplete | M5: =IF(L5="Current","Green",IF(L5="Due Soon","Yellow","Red")) -> Red | N5: =IFERROR(MIN(F5,#REF!),"")
A6: Paula Merry | B6: Manager | E6: 46155 | F6: 47223 | L6: =IF(COUNTBLANK(E6:K6)>0,"Incomplete",IF(N6<TODAY(),"Expired",IF(N6<=TODAY()+30,"Due Soon","Current"))) -> Incomplete | M6: =IF(L6="Current","Green",IF(L6="Due Soon","Yellow","Red")) -> Red | N6: =IFERROR(MIN(F6,#REF!),"")
A7: Nathan Thomas | B7: Health Care Assistant | E7: 46125 | F7: 47224 | L7: =IF(COUNTBLANK(E7:K7)>0,"Incomplete",IF(N7<TODAY(),"Expired",IF(N7<=TODAY()+30,"Due Soon","Current"))) -> Incomplete | M7: =IF(L7="Current","Green",IF(L7="Due Soon","Yellow","Red")) -> Red | N7: =IFERROR(MIN(F7,#REF!),"")
A8: Joel Jose | B8: Health Care Assistant | E8: 46001 | F8: 47225 | L8: =IF(COUNTBLANK(E8:K8)>0,"Incomplete",IF(N8<TODAY(),"Expired",IF(N8<=TODAY()+30,"Due Soon","Current"))) -> Incomplete | M8: =IF(L8="Current","Green",IF(L8="Due Soon","Yellow","Red")) -> Red | N8: =IFERROR(MIN(F8,#REF!),"")
A9: Firos Latheef | B9: Health Care Lead | E9: 46010 | F9: 47226 | L9: =IF(COUNTBLANK(E9:K9)>0,"Incomplete",IF(N9<TODAY(),"Expired",IF(N9<=TODAY()+30,"Due Soon","Current"))) -> Incomplete | M9: =IF(L9="Current","Green",IF(L9="Due Soon","Yellow","Red")) -> Red | N9: =IFERROR(MIN(F9,#REF!),"")
A10: Kathleen Evans | B10: Health Care Assistant | E10: 46001 | F10: 47227 | L10: =IF(COUNTBLANK(E10:K10)>0,"Incomplete",IF(N10<TODAY(),"Expired",IF(N10<=TODAY()+30,"Due Soon","Current"))) -> Incomplete | M10: =IF(L10="Current","Green",IF(L10="Due Soon","Yellow","Red")) -> Red | N10: =IFERROR(MIN(F10,#REF!),"")
A11: Sahil Sahil | B11: Deputy Manager | E11: 0 | F11: 47228 | L11: =IF(COUNTBLANK(E11:K11)>0,"Incomplete",IF(N11<TODAY(),"Expired",IF(N11<=TODAY()+30,"Due Soon","Current"))) -> Incomplete | M11: =IF(L11="Current","Green",IF(L11="Due Soon","Yellow","Red")) -> Red | N11: =IFERROR(MIN(F11,#REF!),"")
A12: Haritha Sasidharan | B12: Team Leader | E12: 46001 | F12: 47229 | L12: =IF(COUNTBLANK(E12:K12)>0,"Incomplete",IF(N12<TODAY(),"Expired",IF(N12<=TODAY()+30,"Due Soon","Current"))) -> Incomplete | M12: =IF(L12="Current","Green",IF(L12="Due Soon","Yellow","Red")) -> Red | N12: =IFERROR(MIN(F12,#REF!),"")
A13: Abhina | B13: Health Care Lead | E13: 45996 | F13: 47230 | L13: =IF(COUNTBLANK(E13:K13)>0,"Incomplete",IF(N13<TODAY(),"Expired",IF(N13<=TODAY()+30,"Due Soon","Current"))) -> Incomplete | M13: =IF(L13="Current","Green",IF(L13="Due Soon","Yellow","Red")) -> Red | N13: =IFERROR(MIN(F13,#REF!),"")
A14: Carol (Domestic) | B14: Domestic | E14: 45949 | F14: 47231 | L14: =IF(COUNTBLANK(E14:K14)>0,"Incomplete",IF(N14<TODAY(),"Expired",IF(N14<=TODAY()+30,"Due Soon","Current"))) -> Incomplete | M14: =IF(L14="Current","Green",IF(L14="Due Soon","Yellow","Red")) -> Red | N14: =IFERROR(MIN(F14,#REF!),"")
A15: Harry | B15: Health Care Lead | E15: 45996 | F15: 47232 | L15: =IF(COUNTBLANK(E15:K15)>0,"Incomplete",IF(N15<TODAY(),"Expired",IF(N15<=TODAY()+30,"Due Soon","Current"))) -> Incomplete | M15: =IF(L15="Current","Green",IF(L15="Due Soon","Yellow","Red")) -> Red | N15: =IFERROR(MIN(F15,#REF!),"")

Sheet Fire Drill Register
A1: Fire Drill Register
A3: Date | B3: Shift | C3: Scenario | D3: Compartment / Area | E3: Staff Lead | F3: Staff Involved | G3: Residents Involved | H3: Horizontal Evacuation Completed | I3: PEEP Followed | J3: Time Taken | K3: Issues Found | L3: Actions Raised | M3: Signed By | N3: RAG
A4: 46193 | B4: 11am | C4: Sitting in the office | D4: Room 4 | E4: Dursha | F4: NA | G4: NA | H4: Yes - Done a walk to create a Horizontal evacuation plan for staff and residents | I4: Peeps not in place | J4: 30 seconds | K4: Hard to identify with Zones on fire panel. | L4: Changing fire alarm from L2 to L1 on 22nd June 2026 | M4: Dursha Krishan | N4: Red
A5: 46196 | B5: NA | C5: NA | D5: NA | E5: NA | F5: NA | G5: NA | H5: NA | I5: NA | J5: NA | K5: Fire Alarm works being completed | L5: Fire Alarm works being completed | M5: Dursha Krishan | N5: RED

Sheet Drill Evaluation
A1: Drill Evaluation - Lessons Learnt
A3: Date | B3: Scenario | C3: Alarm Heard | D3: Panel Checked | E3: Correct Zone Identified | F3: Staff Communication | G3: Residents Moved Safely | H3: Roll Call Completed | I3: 999 Call Simulated | J3: Lessons Learnt | K3: Action Required | L3: Score % | M3: RAG | N3: Completed by | O3: Signed | P3: Date
A4: 46193 | B4: Fake Smoke in Room 4 | C4: Yes | D4: Yes | E4: Yes | F4: NA | G4: NA | H4: NA | I4: Yes | J4: Yes - Change from L2 fire alarm to L1 | K4: Yes | L4: 40 | M4: Red | O4: Dursha Krishan | P4: 46203

Sheet Emergency Lighting
A1: Emergency Lighting
A3: Date | B3: Area / Light Ref | C3: Monthly Functional Test | D3: Annual 3 Hour Test | E3: Defect Found | F3: Action Taken | G3: Target Date | H3: Completion Date | I3: Verified By | J3: Next Due | K3: RAG
A4: 44732 | C4: Yes | E4: No | F4: NA - All emergency lights working | I4: Dursha Krishan | J4: 46223 | K4: Green

Sheet Fire Alarm Tests
A1: Fire Alarm Tests
A3: Date | B3: Call Point / Zone | C3: Time | D3: Audible Throughout | E3: Panel Reset | F3: Faults | G3: Engineer Contacted | H3: Next Weekly Due | I3: Completed By | J3: RAG
A4: 46194 | B4: 4 | C4: 11:30am | D4: Yes | E4: Yes | F4: NA | G4: Changing from L2 to L1 | H4: Completed after new alarm installed | J4: Red

Sheet Fire Door Register
A1: Fire Door Register
A3: Door No | B3: Location | C3: FD Rating | D3: Self Closer | E3: Smoke Seals | F3: Intumescent Strips | G3: Hinges | H3: Latch | I3: Gap OK | J3: Signage | K3: Damage | L3: Overall Pass/Fail | M3: Action Required | N3: Target Date | O3: Completion Date | P3: RAG

Sheet Fire Equipment
A1: Fire Equipment
A3: Asset Ref | B3: Equipment Type | C3: Location | D3: Service Date | E3: Next Service Due | F3: Visual Check Date | G3: Defect | H3: Action | I3: Owner | J3: RAG
A4: FE001 | B4: CO₂ Fire Extinguisher | C4: Kitchen | D4: 46082 | F4: 46203 | G4: Yes | H4: Replace CO₂ extinguisher | I4: Responsible Person | J4: Red
A5: FE002 | B5: Fire Blanket | C5: Kitchen | D5: 45717 | F5: 46203 | G5: Yes | H5: Replace expired fire blanket | I5: Responsible Person | J5: Red
A6: FE003 | B6: CO₂ Fire Extinguisher | C6: Laundry Room | F6: 46203 | G6: Yes | H6: Install/Replace CO₂ extinguisher | I6: Responsible Person | J6: Red
A7: FE004 | B7: CO₂ Fire Extinguisher | C7: Cellar | D7: 46113 | F7: 46203 | G7: Yes | H7: Replace CO₂ extinguisher | I7: Responsible Person | J7: Red
A8: FE005 | B8: Fire Blanket | C8: Upstairs Flat | D8: 45717 | F8: 46203 | G8: Yes | H8: Replace expired fire blanket | I8: Responsible Person | J8: Red
A9: FE006 | B9: CO₂ Fire Extinguisher | C9: Boiler Room | D9: 45748 | F9: 46203 | G9: Yes | H9: Replace expired CO₂ extinguisher | I9: Responsible Person | J9: Red

Sheet PEEP Register
A1: PEEP Register
A3: Resident | B3: Room | C3: Mobility Level | D3: Equipment Needed | E3: Staff Required | F3: Horizontal Evacuation Route | G3: Refuge / Safe Area | H3: Last Reviewed | I3: Next Review | J3: Family / LPA Involved | K3: RAG | L3: Comments

Sheet Weekly Fire Audit
A1: Weekly Fire Audit
A3: Week Commencing | B3: Fire Alarm Test Done | C3: MCP Rotated | D3: Fire Doors Checked | E3: Exits Clear | F3: Emergency Lights Visual | G3: Extinguishers In Place | H3: PEEPs Current | I3: Training Issues | J3: Actions Raised | K3: Compliance % | L3: RAG

Sheet Incident False Alarm
A1: Incident False Alarm
A3: Date | B3: Type | C3: Area | D3: Description | E3: Cause | F3: Immediate Action | G3: Investigation Completed | H3: Learning Identified | I3: Action Owner | J3: Target Date | K3: Completion Date | L3: Verified By | M3: RAG

Sheet Management Review
A1: Management Review
A3: Month | B3: Actions Reviewed | C3: Overdue Actions | D3: Renewals Due | E3: Training Compliance % | F3: Fire Drill Completed | G3: False Alarms | H3: Lessons Learnt | I3: Manager Sign Off | J3: Director Sign Off | K3: Overall RAG

Sheet Reg Evidence Index
A1: Regulatory Evidence Index - Location Only / No Evidence Embedded
A3: Ref | B3: Category | C3: Evidence Required | D3: Regulation / Guidance | E3: Location of Evidence | F3: Responsible Person | G3: Review Frequency | H3: Last Reviewed | I3: Next Review | J3: Status | K3: RAG | L3: Comments
A4: FIRE001 | B4: Fire Safety | C4: Fire Risk Assessment | D4: Fire Safety Order / CQC Safe / Reg 15 / Reg 17 | E4: Fire Folder / Digital Folder | F4: Registered Manager | G4: Annual | J4: =IF(I4="","Missing",IF(I4<TODAY(),"Overdue",IF(I4<=TODAY()+30,"Due Soon","Current"))) -> Missing | K4: =IF(J4="Current","Green",IF(J4="Due Soon","Yellow","Red")) -> Red | L4: Record folder path only; do not embed evidence
A5: FIRE002 | B5: Fire Safety | C5: Fire Action Plan | D5: Fire Safety Order / CQC Safe / Reg 15 / Reg 17 | E5: Fire Folder / Digital Folder | F5: Registered Manager | G5: Monthly | J5: =IF(I5="","Missing",IF(I5<TODAY(),"Overdue",IF(I5<=TODAY()+30,"Due Soon","Current"))) -> Missing | K5: =IF(J5="Current","Green",IF(J5="Due Soon","Yellow","Red")) -> Red | L5: Record folder path only; do not embed evidence
A6: FIRE003 | B6: Fire Safety | C6: Weekly Fire Alarm Tests | D6: Fire Safety Order / CQC Safe / Reg 15 / Reg 17 | E6: Fire Folder / Digital Folder | F6: Registered Manager | G6: Monthly | J6: =IF(I6="","Missing",IF(I6<TODAY(),"Overdue",IF(I6<=TODAY()+30,"Due Soon","Current"))) -> Missing | K6: =IF(J6="Current","Green",IF(J6="Due Soon","Yellow","Red")) -> Red | L6: Record folder path only; do not embed evidence
A7: FIRE004 | B7: Fire Safety | C7: Emergency Lighting Tests | D7: Fire Safety Order / CQC Safe / Reg 15 / Reg 17 | E7: Fire Folder / Digital Folder | F7: Registered Manager | G7: Annual | J7: =IF(I7="","Missing",IF(I7<TODAY(),"Overdue",IF(I7<=TODAY()+30,"Due Soon","Current"))) -> Missing | K7: =IF(J7="Current","Green",IF(J7="Due Soon","Yellow","Red")) -> Red | L7: Record folder path only; do not embed evidence
A8: FIRE005 | B8: Fire Safety | C8: Fire Alarm Service Certificate | D8: Fire Safety Order / CQC Safe / Reg 15 / Reg 17 | E8: Fire Folder / Digital Folder | F8: Registered Manager | G8: Annual | J8: =IF(I8="","Missing",IF(I8<TODAY(),"Overdue",IF(I8<=TODAY()+30,"Due Soon","Current"))) -> Missing | K8: =IF(J8="Current","Green",IF(J8="Due Soon","Yellow","Red")) -> Red | L8: Record folder path only; do not embed evidence
A9: FIRE006 | B9: Fire Safety | C9: Fire Door Inspection | D9: Fire Safety Order / CQC Safe / Reg 15 / Reg 17 | E9: Fire Folder / Digital Folder | F9: Registered Manager | G9: Monthly | J9: =IF(I9="","Missing",IF(I9<TODAY(),"Overdue",IF(I9<=TODAY()+30,"Due Soon","Current"))) -> Missing | K9: =IF(J9="Current","Green",IF(J9="Due Soon","Yellow","Red")) -> Red | L9: Record folder path only; do not embed evidence
A10: FIRE007 | B10: Fire Safety | C10: Fire Drill Records | D10: Fire Safety Order / CQC Safe / Reg 15 / Reg 17 | E10: Fire Folder / Digital Folder | F10: Registered Manager | G10: Annual | J10: =IF(I10="","Missing",IF(I10<TODAY(),"Overdue",IF(I10<=TODAY()+30,"Due Soon","Current"))) -> Missing | K10: =IF(J10="Current","Green",IF(J10="Due Soon","Yellow","Red")) -> Red | L10: Record folder path only; do not embed evidence
A11: FIRE008 | B11: Fire Safety | C11: Fire Training Records | D11: Fire Safety Order / CQC Safe / Reg 15 / Reg 17 | E11: Fire Folder / Digital Folder | F11: Registered Manager | G11: Annual | J11: =IF(I11="","Missing",IF(I11<TODAY(),"Overdue",IF(I11<=TODAY()+30,"Due Soon","Current"))) -> Missing | K11: =IF(J11="Current","Green",IF(J11="Due Soon","Yellow","Red")) -> Red | L11: Record folder path only; do not embed evidence
A12: FIRE009 | B12: Fire Safety | C12: PEEP Register | D12: Fire Safety Order / CQC Safe / Reg 15 / Reg 17 | E12: Fire Folder / Digital Folder | F12: Registered Manager | G12: Annual | J12: =IF(I12="","Missing",IF(I12<TODAY(),"Overdue",IF(I12<=TODAY()+30,"Due Soon","Current"))) -> Missing | K12: =IF(J12="Current","Green",IF(J12="Due Soon","Yellow","Red")) -> Red | L12: Record folder path only; do not embed evidence
A13: FIRE010 | B13: Fire Safety | C13: Fire Extinguisher Service | D13: Fire Safety Order / CQC Safe / Reg 15 / Reg 17 | E13: Fire Folder / Digital Folder | F13: Registered Manager | G13: Annual | J13: =IF(I13="","Missing",IF(I13<TODAY(),"Overdue",IF(I13<=TODAY()+30,"Due Soon","Current"))) -> Missing | K13: =IF(J13="Current","Green",IF(J13="Due Soon","Yellow","Red")) -> Red | L13: Record folder path only; do not embed evidence
A14: FIRE011 | B14: Fire Safety | C14: Means of Escape Checks | D14: Fire Safety Order / CQC Safe / Reg 15 / Reg 17 | E14: Fire Folder / Digital Folder | F14: Registered Manager | G14: Monthly | J14: =IF(I14="","Missing",IF(I14<TODAY(),"Overdue",IF(I14<=TODAY()+30,"Due Soon","Current"))) -> Missing | K14: =IF(J14="Current","Green",IF(J14="Due Soon","Yellow","Red")) -> Red | L14: Record folder path only; do not embed evidence
A15: FIRE012 | B15: Fire Safety | C15: False Alarm Register | D15: Fire Safety Order / CQC Safe / Reg 15 / Reg 17 | E15: Fire Folder / Digital Folder | F15: Registered Manager | G15: Annual | J15: =IF(I15="","Missing",IF(I15<TODAY(),"Overdue",IF(I15<=TODAY()+30,"Due Soon","Current"))) -> Missing | K15: =IF(J15="Current","Green",IF(J15="Due Soon","Yellow","Red")) -> Red | L15: Record folder path only; do not embed evidence
... A20: FIRE017 | B20: Fire Safety | C20: Management Review Minutes | D20: Fire Safety Order / CQC Safe / Reg 15 / Reg 17 | E20: Fire Folder / Digital Folder | F20: Registered Manager | G20: Monthly | J20: =IF(I20="","Missing",IF(I20<TODAY(),"Overdue",IF(I20<=TODAY()+30,"Due Soon","Current"))) -> Missing | K20: =IF(J20="Current","Green",IF(J20="Due Soon","Yellow","Red")) -> Red | L20: Record folder path only; do not embed evidence

Sheet Lists
A1: Status
A2: Not Started | B2: Critical | C2: Green | D2: Yes | E2: Day | F2: Low
A3: In Progress | B3: High | C3: Yellow | D3: No | E3: Night | F3: Medium
A4: Awaiting Verification | B4: Medium | C4: Orange | D4: N/A | E4: Morning | F4: High
A5: Complete | B5: Low | C5: Red | E5: Afternoon | F5: Very High
A6: Ongoing | C6: Grey | E6: Weekend
A7: Closed
A8: Deferred
