Workbook

Sheet Dashboard
A1: AS CARE - 365 Day Handover & Allocation Compliance Dashboard
A3: Reporting Date | B3: =TODAY() -> 46201 | G3: How to use
A4: Year Start | B4: =DATE(2026,1,1) -> 46023 | G4: 1 | H4: Complete Daily Records for each shift.
A5: Metric | B5: Value | C5: Target | D5: RAG | G5: 2 | H5: Complete Resident Allocation for all 21 residents every day.
A6: Expected Shift Records | B6: =COUNTIF('Daily Records'!$A$2:$A$1096,"<="&$B$3) -> 537 | G6: 3 | H6: Risk, Observation and Escalation must not be blank.
A7: Completed Shift Records | B7: =COUNTIFS('Daily Records'!$A$2:$A$1096,"<="&$B$3,'Daily Records'!$V$2:$V$1096,"Complete") -> 0 | G7: 4 | H7: Manager sign-off must be Yes after review.
A8: Handover / Allocation Compliance | B8: =IF(B6=0,0,B7/B6) -> 0 | C8: 95% | D8: =IF(B8>=0.95,"Green",IF(B8>=0.85,"Amber","Red")) -> Red | G8: 5 | H8: Dashboard flags missing records in Red/Amber.
A9: Missing / Incomplete Shift Records | B9: =B6-B7 -> 537 | C9: 0 | D9: =IF(B9=0,"Green",IF(B9<=5,"Amber","Red")) -> Red
A10: Expected Resident Allocation Rows | B10: =COUNTIF('Resident Allocation'!$A$2:$A$7666,"<="&$B$3) -> 3759 | G10: CQC Focus | H10: Care plan updates shared, resident-specific duties, risks, observations, escalation and staff supervision.
A11: Completed Resident Allocation Rows | B11: =COUNTIFS('Resident Allocation'!$A$2:$A$7666,"<="&$B$3,'Resident Allocation'!$Q$2:$Q$7666,"Complete") -> 0
A12: Resident Allocation Compliance | B12: =IF(B10=0,0,B11/B10) -> 0 | C12: 95% | D12: =IF(B12>=0.95,"Green",IF(B12>=0.85,"Amber","Red")) -> Red | G12: RAG Rule | H12: Green 95%+, Amber 85-94%, Red below 85% or key gaps.
A13: Missing Risks | B13: =B10-COUNTIFS('Resident Allocation'!$A$2:$A$7666,"<="&$B$3,'Resident Allocation'!$J$2:$J$7666,"<>") -> 3759 | C13: 0 | D13: =IF(B13=0,"Green",IF(B13<=5,"Amber","Red")) -> Red
A14: Missing Observations | B14: =B10-COUNTIFS('Resident Allocation'!$A$2:$A$7666,"<="&$B$3,'Resident Allocation'!$K$2:$K$7666,"<>") -> 3759 | C14: 0 | D14: =IF(B14=0,"Green",IF(B14<=5,"Amber","Red")) -> Red | G14: © AS CARE | H14: All Rights Reserved
A15: Missing Escalation | B15: =B10-COUNTIFS('Resident Allocation'!$A$2:$A$7666,"<="&$B$3,'Resident Allocation'!$L$2:$L$7666,"<>") -> 3759 | C15: 0 | D15: =IF(B15=0,"Green",IF(B15<=5,"Amber","Red")) -> Red
A16: Missing Manager Sign-Off | B16: =B6-COUNTIFS('Daily Records'!$A$2:$A$1096,"<="&$B$3,'Daily Records'!$U$2:$U$1096,"Yes") -> 537 | C16: 0 | D16: =IF(B16=0,"Green",IF(B16<=5,"Amber","Red")) -> Red
A17: Staff Supervision Discussions Logged | B17: =COUNTIFS(#REF!,">0",#REF!,"<="&$B$3) -> #REF! | C17: Monitor | D17: =IF(B17>0,"Green","Amber") -> #REF!
A20: Month | B20: Expected Shifts | C20: Completed Shifts | D20: Compliance | E20: RAG
A21: January | B21: =COUNTIFS('Daily Records'!$A$2:$A$1096,">="&DATE(2026,1,1),'Daily Records'!$A$2:$A$1096,"<="&EOMONTH(DATE(2026,1,1),0)) -> 93 | C21: =COUNTIFS('Daily Records'!$A$2:$A$1096,">="&DATE(2026,1,1),'Daily Records'!$A$2:$A$1096,"<="&EOMONTH(DATE(2026,1,1),0),'Daily Records'!$V$2:$V$1096,"Complete") -> 0 | D21: =IF(B21=0,0,C21/B21) -> 0 | E21: =IF(D21>=0.95,"Green",IF(D21>=0.85,"Amber","Red")) -> Red
A22: February | B22: =COUNTIFS('Daily Records'!$A$2:$A$1096,">="&DATE(2026,2,1),'Daily Records'!$A$2:$A$1096,"<="&EOMONTH(DATE(2026,2,1),0)) -> 84 | C22: =COUNTIFS('Daily Records'!$A$2:$A$1096,">="&DATE(2026,2,1),'Daily Records'!$A$2:$A$1096,"<="&EOMONTH(DATE(2026,2,1),0),'Daily Records'!$V$2:$V$1096,"Complete") -> 0 | D22: =IF(B22=0,0,C22/B22) -> 0 | E22: =IF(D22>=0.95,"Green",IF(D22>=0.85,"Amber","Red")) -> Red
A23: March | B23: =COUNTIFS('Daily Records'!$A$2:$A$1096,">="&DATE(2026,3,1),'Daily Records'!$A$2:$A$1096,"<="&EOMONTH(DATE(2026,3,1),0)) -> 93 | C23: =COUNTIFS('Daily Records'!$A$2:$A$1096,">="&DATE(2026,3,1),'Daily Records'!$A$2:$A$1096,"<="&EOMONTH(DATE(2026,3,1),0),'Daily Records'!$V$2:$V$1096,"Complete") -> 0 | D23: =IF(B23=0,0,C23/B23) -> 0 | E23: =IF(D23>=0.95,"Green",IF(D23>=0.85,"Amber","Red")) -> Red
A24: April | B24: =COUNTIFS('Daily Records'!$A$2:$A$1096,">="&DATE(2026,4,1),'Daily Records'!$A$2:$A$1096,"<="&EOMONTH(DATE(2026,4,1),0)) -> 90 | C24: =COUNTIFS('Daily Records'!$A$2:$A$1096,">="&DATE(2026,4,1),'Daily Records'!$A$2:$A$1096,"<="&EOMONTH(DATE(2026,4,1),0),'Daily Records'!$V$2:$V$1096,"Complete") -> 0 | D24: =IF(B24=0,0,C24/B24) -> 0 | E24: =IF(D24>=0.95,"Green",IF(D24>=0.85,"Amber","Red")) -> Red
A25: May | B25: =COUNTIFS('Daily Records'!$A$2:$A$1096,">="&DATE(2026,5,1),'Daily Records'!$A$2:$A$1096,"<="&EOMONTH(DATE(2026,5,1),0)) -> 93 | C25: =COUNTIFS('Daily Records'!$A$2:$A$1096,">="&DATE(2026,5,1),'Daily Records'!$A$2:$A$1096,"<="&EOMONTH(DATE(2026,5,1),0),'Daily Records'!$V$2:$V$1096,"Complete") -> 0 | D25: =IF(B25=0,0,C25/B25) -> 0 | E25: =IF(D25>=0.95,"Green",IF(D25>=0.85,"Amber","Red")) -> Red
A26: June | B26: =COUNTIFS('Daily Records'!$A$2:$A$1096,">="&DATE(2026,6,1),'Daily Records'!$A$2:$A$1096,"<="&EOMONTH(DATE(2026,6,1),0)) -> 90 | C26: =COUNTIFS('Daily Records'!$A$2:$A$1096,">="&DATE(2026,6,1),'Daily Records'!$A$2:$A$1096,"<="&EOMONTH(DATE(2026,6,1),0),'Daily Records'!$V$2:$V$1096,"Complete") -> 0 | D26: =IF(B26=0,0,C26/B26) -> 0 | E26: =IF(D26>=0.95,"Green",IF(D26>=0.85,"Amber","Red")) -> Red
A27: July | B27: =COUNTIFS('Daily Records'!$A$2:$A$1096,">="&DATE(2026,7,1),'Daily Records'!$A$2:$A$1096,"<="&EOMONTH(DATE(2026,7,1),0)) -> 93 | C27: =COUNTIFS('Daily Records'!$A$2:$A$1096,">="&DATE(2026,7,1),'Daily Records'!$A$2:$A$1096,"<="&EOMONTH(DATE(2026,7,1),0),'Daily Records'!$V$2:$V$1096,"Complete") -> 0 | D27: =IF(B27=0,0,C27/B27) -> 0 | E27: =IF(D27>=0.95,"Green",IF(D27>=0.85,"Amber","Red")) -> Red
A28: August | B28: =COUNTIFS('Daily Records'!$A$2:$A$1096,">="&DATE(2026,8,1),'Daily Records'!$A$2:$A$1096,"<="&EOMONTH(DATE(2026,8,1),0)) -> 93 | C28: =COUNTIFS('Daily Records'!$A$2:$A$1096,">="&DATE(2026,8,1),'Daily Records'!$A$2:$A$1096,"<="&EOMONTH(DATE(2026,8,1),0),'Daily Records'!$V$2:$V$1096,"Complete") -> 0 | D28: =IF(B28=0,0,C28/B28) -> 0 | E28: =IF(D28>=0.95,"Green",IF(D28>=0.85,"Amber","Red")) -> Red
A29: September | B29: =COUNTIFS('Daily Records'!$A$2:$A$1096,">="&DATE(2026,9,1),'Daily Records'!$A$2:$A$1096,"<="&EOMONTH(DATE(2026,9,1),0)) -> 90 | C29: =COUNTIFS('Daily Records'!$A$2:$A$1096,">="&DATE(2026,9,1),'Daily Records'!$A$2:$A$1096,"<="&EOMONTH(DATE(2026,9,1),0),'Daily Records'!$V$2:$V$1096,"Complete") -> 0 | D29: =IF(B29=0,0,C29/B29) -> 0 | E29: =IF(D29>=0.95,"Green",IF(D29>=0.85,"Amber","Red")) -> Red
A30: October | B30: =COUNTIFS('Daily Records'!$A$2:$A$1096,">="&DATE(2026,10,1),'Daily Records'!$A$2:$A$1096,"<="&EOMONTH(DATE(2026,10,1),0)) -> 93 | C30: =COUNTIFS('Daily Records'!$A$2:$A$1096,">="&DATE(2026,10,1),'Daily Records'!$A$2:$A$1096,"<="&EOMONTH(DATE(2026,10,1),0),'Daily Records'!$V$2:$V$1096,"Complete") -> 0 | D30: =IF(B30=0,0,C30/B30) -> 0 | E30: =IF(D30>=0.95,"Green",IF(D30>=0.85,"Amber","Red")) -> Red
A31: November | B31: =COUNTIFS('Daily Records'!$A$2:$A$1096,">="&DATE(2026,11,1),'Daily Records'!$A$2:$A$1096,"<="&EOMONTH(DATE(2026,11,1),0)) -> 90 | C31: =COUNTIFS('Daily Records'!$A$2:$A$1096,">="&DATE(2026,11,1),'Daily Records'!$A$2:$A$1096,"<="&EOMONTH(DATE(2026,11,1),0),'Daily Records'!$V$2:$V$1096,"Complete") -> 0 | D31: =IF(B31=0,0,C31/B31) -> 0 | E31: =IF(D31>=0.95,"Green",IF(D31>=0.85,"Amber","Red")) -> Red
A32: December | B32: =COUNTIFS('Daily Records'!$A$2:$A$1096,">="&DATE(2026,12,1),'Daily Records'!$A$2:$A$1096,"<="&EOMONTH(DATE(2026,12,1),0)) -> 93 | C32: =COUNTIFS('Daily Records'!$A$2:$A$1096,">="&DATE(2026,12,1),'Daily Records'!$A$2:$A$1096,"<="&EOMONTH(DATE(2026,12,1),0),'Daily Records'!$V$2:$V$1096,"Complete") -> 0 | D32: =IF(B32=0,0,C32/B32) -> 0 | E32: =IF(D32>=0.95,"Green",IF(D32>=0.85,"Amber","Red")) -> Red

Sheet Daily Records
A1: Date | B1: Day | C1: Shift | D1: Team Leader | E1: Medication Lead | F1: Fire Marshal | G1: First Aider | H1: Activities | I1: Tea Trolley | J1: Laundry | K1: Cleaning | L1: Care Plan Lead | M1: Staff on Duty | N1: Handover Completed | O1: Allocation Completed | P1: Risks Discussed | Q1: Observations Discussed | R1: Escalation Discussed | S1: Care Plan Updates Shared | T1: Staff Signatures | U1: Manager Sign Off | V1: Overall Status
A2: 46023 | B2: Thursday | C2: 8am-2pm | V2: =IF(AND(N2="Yes",O2="Yes",P2="Yes",Q2="Yes",R2="Yes",S2="Yes",T2="Yes",U2="Yes"),"Complete","Incomplete") -> Incomplete
A3: 46023 | B3: Thursday | C3: 2pm-8pm | V3: =IF(AND(N3="Yes",O3="Yes",P3="Yes",Q3="Yes",R3="Yes",S3="Yes",T3="Yes",U3="Yes"),"Complete","Incomplete") -> Incomplete
A4: 46023 | B4: Thursday | C4: 8pm-8am | V4: =IF(AND(N4="Yes",O4="Yes",P4="Yes",Q4="Yes",R4="Yes",S4="Yes",T4="Yes",U4="Yes"),"Complete","Incomplete") -> Incomplete
A5: 46024 | B5: Friday | C5: 8am-2pm | V5: =IF(AND(N5="Yes",O5="Yes",P5="Yes",Q5="Yes",R5="Yes",S5="Yes",T5="Yes",U5="Yes"),"Complete","Incomplete") -> Incomplete
A6: 46024 | B6: Friday | C6: 2pm-8pm | V6: =IF(AND(N6="Yes",O6="Yes",P6="Yes",Q6="Yes",R6="Yes",S6="Yes",T6="Yes",U6="Yes"),"Complete","Incomplete") -> Incomplete
A7: 46024 | B7: Friday | C7: 8pm-8am | V7: =IF(AND(N7="Yes",O7="Yes",P7="Yes",Q7="Yes",R7="Yes",S7="Yes",T7="Yes",U7="Yes"),"Complete","Incomplete") -> Incomplete
A8: 46025 | B8: Saturday | C8: 8am-2pm | V8: =IF(AND(N8="Yes",O8="Yes",P8="Yes",Q8="Yes",R8="Yes",S8="Yes",T8="Yes",U8="Yes"),"Complete","Incomplete") -> Incomplete
A9: 46025 | B9: Saturday | C9: 2pm-8pm | V9: =IF(AND(N9="Yes",O9="Yes",P9="Yes",Q9="Yes",R9="Yes",S9="Yes",T9="Yes",U9="Yes"),"Complete","Incomplete") -> Incomplete
A10: 46025 | B10: Saturday | C10: 8pm-8am | V10: =IF(AND(N10="Yes",O10="Yes",P10="Yes",Q10="Yes",R10="Yes",S10="Yes",T10="Yes",U10="Yes"),"Complete","Incomplete") -> Incomplete
A11: 46026 | B11: Sunday | C11: 8am-2pm | V11: =IF(AND(N11="Yes",O11="Yes",P11="Yes",Q11="Yes",R11="Yes",S11="Yes",T11="Yes",U11="Yes"),"Complete","Incomplete") -> Incomplete
A12: 46026 | B12: Sunday | C12: 2pm-8pm | V12: =IF(AND(N12="Yes",O12="Yes",P12="Yes",Q12="Yes",R12="Yes",S12="Yes",T12="Yes",U12="Yes"),"Complete","Incomplete") -> Incomplete
A13: 46026 | B13: Sunday | C13: 8pm-8am | V13: =IF(AND(N13="Yes",O13="Yes",P13="Yes",Q13="Yes",R13="Yes",S13="Yes",T13="Yes",U13="Yes"),"Complete","Incomplete") -> Incomplete
... A1096: 46387 | B1096: Thursday | C1096: 8pm-8am | V1096: =IF(AND(N1096="Yes",O1096="Yes",P1096="Yes",Q1096="Yes",R1096="Yes",S1096="Yes",T1096="Yes",U1096="Yes"),"Complete","Incomplete") -> Incomplete

Sheet Resident Allocation
A1: Date | B1: Room | C1: Resident Name | D1: 8am-2pm Staff | E1: 8am-2pm Resident-Specific Duties | F1: 2pm-8pm Staff | G1: 2pm-8pm Resident-Specific Duties | H1: 8pm-8am Staff | I1: 8pm-8am Resident-Specific Duties | J1: Risks | K1: Observations | L1: Escalation Required | M1: GP Required | N1: Care Plan Updated | O1: Duties Completed | P1: Staff Initials | Q1: Overall Status
A2: 46023 | B2: 1 | Q2: =IF(AND(C2<>"",J2<>"",K2<>"",L2<>"",O2="Yes"),"Complete","Incomplete") -> Incomplete
A3: 46023 | B3: 2 | Q3: =IF(AND(C3<>"",J3<>"",K3<>"",L3<>"",O3="Yes"),"Complete","Incomplete") -> Incomplete
A4: 46023 | B4: 3 | Q4: =IF(AND(C4<>"",J4<>"",K4<>"",L4<>"",O4="Yes"),"Complete","Incomplete") -> Incomplete
A5: 46023 | B5: 4 | Q5: =IF(AND(C5<>"",J5<>"",K5<>"",L5<>"",O5="Yes"),"Complete","Incomplete") -> Incomplete
A6: 46023 | B6: 5 | Q6: =IF(AND(C6<>"",J6<>"",K6<>"",L6<>"",O6="Yes"),"Complete","Incomplete") -> Incomplete
A7: 46023 | B7: 6 | Q7: =IF(AND(C7<>"",J7<>"",K7<>"",L7<>"",O7="Yes"),"Complete","Incomplete") -> Incomplete
A8: 46023 | B8: 7 | Q8: =IF(AND(C8<>"",J8<>"",K8<>"",L8<>"",O8="Yes"),"Complete","Incomplete") -> Incomplete
A9: 46023 | B9: 8 | Q9: =IF(AND(C9<>"",J9<>"",K9<>"",L9<>"",O9="Yes"),"Complete","Incomplete") -> Incomplete
A10: 46023 | B10: 9 | Q10: =IF(AND(C10<>"",J10<>"",K10<>"",L10<>"",O10="Yes"),"Complete","Incomplete") -> Incomplete
A11: 46023 | B11: 10 | Q11: =IF(AND(C11<>"",J11<>"",K11<>"",L11<>"",O11="Yes"),"Complete","Incomplete") -> Incomplete
A12: 46023 | B12: 11 | Q12: =IF(AND(C12<>"",J12<>"",K12<>"",L12<>"",O12="Yes"),"Complete","Incomplete") -> Incomplete
A13: 46023 | B13: 12 | Q13: =IF(AND(C13<>"",J13<>"",K13<>"",L13<>"",O13="Yes"),"Complete","Incomplete") -> Incomplete
... A7666: 46387 | B7666: 21 | Q7666: =IF(AND(C7666<>"",J7666<>"",K7666<>"",L7666<>"",O7666="Yes"),"Complete","Incomplete") -> Incomplete

Sheet GP Professional Visits
A1: Date | B1: Shift | C1: Professional | D1: Resident | E1: Reason Seen | F1: Outcome / Advice | G1: Medication Changes | H1: Investigations / Referrals | I1: Care Plan Updated | J1: Relative Informed | K1: Action Owner | L1: Due Date | M1: Completed | N1: Escalation Required

Sheet Lists
A1: Yes/No | B1: Shift | C1: RAG | D1: Risks | E1: Escalation | F1: Status | G1: Professional
A2: Yes | B2: 8am-2pm | C2: Green | D2: Falls | E2: GP | F2: Complete | G2: GP
A3: No | B3: 2pm-8pm | C3: Amber | D3: Pressure Care | E3: District Nurse | F3: Incomplete | G3: District Nurse
A4: N/A | B4: 8pm-8am | C4: Red | D4: Nutrition/Hydration | E4: Tissue Viability | F4: Outstanding | G4: Tissue Viability
D5: Diabetes | E5: SALT | F5: In Progress | G5: SALT
D6: Choking | E6: 111 | G6: OT
D7: Behaviour | E7: 999 | G7: Physiotherapist
D8: End of Life | E8: Family | G8: Community Nurse
D9: Infection | E9: Manager | G9: Mental Health Team
D10: Catheter | E10: Safeguarding | G10: Chiropodist
D11: PEG | E11: CQC Notification | G11: Optician
D12: Weight Loss | E12: Other | G12: Dentist
D13: Skin Integrity | G13: Other
