Workbook

Sheet Mandatory Training Dashboard
A1: Training Compliance Dashboard – Consolidated Matrix
A3: Staff Compliance
A4: Staff | B4: Completed | C4: Total | D4: Compliance % | E4: RAG | F4: SW tabs Training % now pulls from this Staff Compliance %
A5: ='Consolidated Matrix'!A4 -> Niranjala Dissanayake | B5: ='Consolidated Matrix'!AG4 -> 23 | C5: ='Consolidated Matrix'!AH4 -> 31 | D5: ='Consolidated Matrix'!AI4 -> 0.74193548 | E5: ='Consolidated Matrix'!AJ4 -> AMBER
A6: ='Consolidated Matrix'!A5 -> Chelsee Booth | B6: ='Consolidated Matrix'!AG5 -> 16 | C6: ='Consolidated Matrix'!AH5 -> 31 | D6: ='Consolidated Matrix'!AI5 -> 0.51612903 | E6: ='Consolidated Matrix'!AJ5 -> RED
A7: ='Consolidated Matrix'!A6 -> Paula Merry | B7: ='Consolidated Matrix'!AG6 -> 22 | C7: ='Consolidated Matrix'!AH6 -> 31 | D7: ='Consolidated Matrix'!AI6 -> 0.70967742 | E7: ='Consolidated Matrix'!AJ6 -> AMBER
A8: ='Consolidated Matrix'!A7 -> Nathan Thomas | B8: ='Consolidated Matrix'!AG7 -> 19 | C8: ='Consolidated Matrix'!AH7 -> 31 | D8: ='Consolidated Matrix'!AI7 -> 0.61290323 | E8: ='Consolidated Matrix'!AJ7 -> AMBER
A9: ='Consolidated Matrix'!A8 -> Joel Jose | B9: ='Consolidated Matrix'!AG8 -> 19 | C9: ='Consolidated Matrix'!AH8 -> 31 | D9: ='Consolidated Matrix'!AI8 -> 0.61290323 | E9: ='Consolidated Matrix'!AJ8 -> AMBER
A10: ='Consolidated Matrix'!A9 -> Firos Latheef | B10: ='Consolidated Matrix'!AG9 -> 24 | C10: ='Consolidated Matrix'!AH9 -> 31 | D10: ='Consolidated Matrix'!AI9 -> 0.77419355 | E10: ='Consolidated Matrix'!AJ9 -> AMBER
A11: ='Consolidated Matrix'!A10 -> Kathleen Evans | B11: ='Consolidated Matrix'!AG10 -> 29 | C11: ='Consolidated Matrix'!AH10 -> 31 | D11: ='Consolidated Matrix'!AI10 -> 0.93548387 | E11: ='Consolidated Matrix'!AJ10 -> GREEN
A12: ='Consolidated Matrix'!A11 -> Sahil Sahil | B12: ='Consolidated Matrix'!AG11 -> 5 | C12: ='Consolidated Matrix'!AH11 -> 31 | D12: ='Consolidated Matrix'!AI11 -> 0.16129032 | E12: ='Consolidated Matrix'!AJ11 -> RED
A13: ='Consolidated Matrix'!A12 -> Haritha Sasidharan | B13: ='Consolidated Matrix'!AG12 -> 29 | C13: ='Consolidated Matrix'!AH12 -> 31 | D13: ='Consolidated Matrix'!AI12 -> 0.93548387 | E13: ='Consolidated Matrix'!AJ12 -> GREEN
A14: ='Consolidated Matrix'!A13 -> Abhina | B14: ='Consolidated Matrix'!AG13 -> 21 | C14: ='Consolidated Matrix'!AH13 -> 31 | D14: ='Consolidated Matrix'!AI13 -> 0.67741935 | E14: ='Consolidated Matrix'!AJ13 -> AMBER
A15: ='Consolidated Matrix'!A14 -> Carol (Domestic) | B15: ='Consolidated Matrix'!AG14 -> 19 | C15: ='Consolidated Matrix'!AH14 -> 31 | D15: ='Consolidated Matrix'!AI14 -> 0.61290323 | E15: ='Consolidated Matrix'!AJ14 -> AMBER
A16: ='Consolidated Matrix'!A15 -> Harry | B16: ='Consolidated Matrix'!AG15 -> 22 | C16: ='Consolidated Matrix'!AH15 -> 31 | D16: ='Consolidated Matrix'!AI15 -> 0.70967742 | E16: ='Consolidated Matrix'!AJ15 -> AMBER
A21: Training Topic Compliance
A22: Training Topic | B22: Completed | C22: Total Staff | D22: Completion % | E22: RAG
A23: ='Consolidated Matrix'!A21 -> Care Certificate | B23: ='Consolidated Matrix'!B21 -> 6 | C23: ='Consolidated Matrix'!C21 -> 12 | D23: ='Consolidated Matrix'!D21 -> 0.5 | E23: ='Consolidated Matrix'!E21 -> RED
A24: ='Consolidated Matrix'!A22 -> Equality, Diversity & Human Rights | B24: ='Consolidated Matrix'!B22 -> 7 | C24: ='Consolidated Matrix'!C22 -> 12 | D24: ='Consolidated Matrix'!D22 -> 0.58333333 | E24: ='Consolidated Matrix'!E22 -> RED
A25: ='Consolidated Matrix'!A23 -> Medication | B25: ='Consolidated Matrix'!B23 -> 5 | C25: ='Consolidated Matrix'!C23 -> 12 | D25: ='Consolidated Matrix'!D23 -> 0.41666667 | E25: ='Consolidated Matrix'!E23 -> RED
A26: ='Consolidated Matrix'!A24 -> Safeguarding Adults | B26: ='Consolidated Matrix'!B24 -> 10 | C26: ='Consolidated Matrix'!C24 -> 12 | D26: ='Consolidated Matrix'!D24 -> 0.83333333 | E26: ='Consolidated Matrix'!E24 -> GREEN
A27: ='Consolidated Matrix'!A25 -> Fire Safety / Fire Warden | B27: ='Consolidated Matrix'!B25 -> 11 | C27: ='Consolidated Matrix'!C25 -> 12 | D27: ='Consolidated Matrix'!D25 -> 0.91666667 | E27: ='Consolidated Matrix'!E25 -> GREEN
A28: ='Consolidated Matrix'!A26 -> Basic Life Support | B28: ='Consolidated Matrix'!B26 -> 10 | C28: ='Consolidated Matrix'!C26 -> 12 | D28: ='Consolidated Matrix'!D26 -> 0.83333333 | E28: ='Consolidated Matrix'!E26 -> GREEN
A29: ='Consolidated Matrix'!A27 -> Emergency First Aid | B29: ='Consolidated Matrix'!B27 -> 7 | C29: ='Consolidated Matrix'!C27 -> 12 | D29: ='Consolidated Matrix'!D27 -> 0.58333333 | E29: ='Consolidated Matrix'!E27 -> RED
A30: ='Consolidated Matrix'!A28 -> Moving & Handling | B30: ='Consolidated Matrix'!B28 -> 11 | C30: ='Consolidated Matrix'!C28 -> 12 | D30: ='Consolidated Matrix'!D28 -> 0.91666667 | E30: ='Consolidated Matrix'!E28 -> GREEN
A31: ='Consolidated Matrix'!A29 -> Infection Prevention & Control | B31: ='Consolidated Matrix'!B29 -> 9 | C31: ='Consolidated Matrix'!C29 -> 12 | D31: ='Consolidated Matrix'!D29 -> 0.75 | E31: ='Consolidated Matrix'!E29 -> AMBER
A32: ='Consolidated Matrix'!A30 -> Mental Capacity & DoLS | B32: ='Consolidated Matrix'!B30 -> 10 | C32: ='Consolidated Matrix'!C30 -> 12 | D32: ='Consolidated Matrix'!D30 -> 0.83333333 | E32: ='Consolidated Matrix'!E30 -> GREEN
A33: ='Consolidated Matrix'!A31 -> GDPR & Information Governance | B33: ='Consolidated Matrix'!B31 -> 5 | C33: ='Consolidated Matrix'!C31 -> 12 | D33: ='Consolidated Matrix'!D31 -> 0.41666667 | E33: ='Consolidated Matrix'!E31 -> RED
A34: ='Consolidated Matrix'!A32 -> Food Hygiene | B34: ='Consolidated Matrix'!B32 -> 10 | C34: ='Consolidated Matrix'!C32 -> 12 | D34: ='Consolidated Matrix'!D32 -> 0.83333333 | E34: ='Consolidated Matrix'!E32 -> GREEN
... A53: ='Consolidated Matrix'!A51 -> Parkinson's | B53: ='Consolidated Matrix'!B51 -> 8 | C53: ='Consolidated Matrix'!C51 -> 12 | D53: ='Consolidated Matrix'!D51 -> 0.66666667 | E53: ='Consolidated Matrix'!E51 -> AMBER

Sheet Training Dashboard
A1: Swan Care Home – Training Compliance Dashboard (June 2026)
A4: Executive KPIs
A6: Total Staff | C6: Total Courses | E6: Completed Results Imported | G6: Overall Compliance | I6: Green Staff | K6: Amber Staff
A7: 12 | C7: 109 | E7: 148 | G7: =IFERROR(SUM(Matrix!DH3:DH14)/SUM(Matrix!DI3:DI14),"") -> 0.25606061 | I7: =COUNTIF(Matrix!DK3:DK14,"GREEN") -> 0 | K7: =COUNTIF(Matrix!DK3:DK14,"AMBER") -> 0
A9: Red Staff | C9: Not Started Items | E9: In Progress Items | G9: CQC Training RAG
A10: =COUNTIF(Matrix!DK3:DK14,"RED") -> 12 | C10: =SUM(Matrix!DL3:DL14) -> 979 | E10: =SUM(Matrix!DM3:DM14) -> 3 | G10: =IF(G7>=0.9,"GREEN",IF(G7>=0.75,"AMBER","RED")) -> RED
A12: RAG Rules | J12: RAG | K12: Count
A13: GREEN | B13: ≥ 80% completed | J13: GREEN | K13: =COUNTIF(E20:E31,"GREEN") -> 0
A14: AMBER | B14: 60% - 79% completed | J14: AMBER | K14: =COUNTIF(E20:E31,"AMBER") -> 0
A15: RED | B15: < 60% completed | J15: RED | K15: =COUNTIF(E20:E31,"RED") -> 12
A18: Staff Compliance
A19: Staff Name | B19: Completed | C19: Total | D19: Compliance % | E19: RAG | F19: Missing/NS | G19: In Progress
A20: =Matrix!A3 -> Niranjala Dissanayake | B20: =Matrix!DH3 -> 30 | C20: =Matrix!DI3 -> 110 | D20: =Matrix!DJ3 -> 0.27272727 | E20: =Matrix!DK3 -> RED | F20: =Matrix!DL3 -> 80 | G20: =Matrix!DM3 -> 0
A21: =Matrix!A4 -> Chelsee Booth | B21: =Matrix!DH4 -> 19 | C21: =Matrix!DI4 -> 110 | D21: =Matrix!DJ4 -> 0.17272727 | E21: =Matrix!DK4 -> RED | F21: =Matrix!DL4 -> 90 | G21: =Matrix!DM4 -> 1
A22: =Matrix!A5 -> Paula Merry | B22: =Matrix!DH5 -> 44 | C22: =Matrix!DI5 -> 110 | D22: =Matrix!DJ5 -> 0.4 | E22: =Matrix!DK5 -> RED | F22: =Matrix!DL5 -> 66 | G22: =Matrix!DM5 -> 0
A23: =Matrix!A6 -> Nathan Thomas | B23: =Matrix!DH6 -> 34 | C23: =Matrix!DI6 -> 110 | D23: =Matrix!DJ6 -> 0.30909091 | E23: =Matrix!DK6 -> RED | F23: =Matrix!DL6 -> 76 | G23: =Matrix!DM6 -> 0
A24: =Matrix!A7 -> Joel Jose | B24: =Matrix!DH7 -> 19 | C24: =Matrix!DI7 -> 110 | D24: =Matrix!DJ7 -> 0.17272727 | E24: =Matrix!DK7 -> RED | F24: =Matrix!DL7 -> 91 | G24: =Matrix!DM7 -> 0
A25: =Matrix!A8 -> Firos Latheef | B25: =Matrix!DH8 -> 27 | C25: =Matrix!DI8 -> 110 | D25: =Matrix!DJ8 -> 0.24545455 | E25: =Matrix!DK8 -> RED | F25: =Matrix!DL8 -> 83 | G25: =Matrix!DM8 -> 0
A26: =Matrix!A9 -> Kathleen Evans | B26: =Matrix!DH9 -> 43 | C26: =Matrix!DI9 -> 110 | D26: =Matrix!DJ9 -> 0.39090909 | E26: =Matrix!DK9 -> RED | F26: =Matrix!DL9 -> 67 | G26: =Matrix!DM9 -> 0
A27: =Matrix!A10 -> Sahil Sahil | B27: =Matrix!DH10 -> 11 | C27: =Matrix!DI10 -> 110 | D27: =Matrix!DJ10 -> 0.1 | E27: =Matrix!DK10 -> RED | F27: =Matrix!DL10 -> 97 | G27: =Matrix!DM10 -> 2
A28: =Matrix!A11 -> Haritha Sasidharan | B28: =Matrix!DH11 -> 45 | C28: =Matrix!DI11 -> 110 | D28: =Matrix!DJ11 -> 0.40909091 | E28: =Matrix!DK11 -> RED | F28: =Matrix!DL11 -> 65 | G28: =Matrix!DM11 -> 0
A29: =Matrix!A12 -> Abhina | B29: =Matrix!DH12 -> 22 | C29: =Matrix!DI12 -> 110 | D29: =Matrix!DJ12 -> 0.2 | E29: =Matrix!DK12 -> RED | F29: =Matrix!DL12 -> 88 | G29: =Matrix!DM12 -> 0
A30: =Matrix!A13 -> Carol (Domestic) | B30: =Matrix!DH13 -> 21 | C30: =Matrix!DI13 -> 110 | D30: =Matrix!DJ13 -> 0.19090909 | E30: =Matrix!DK13 -> RED | F30: =Matrix!DL13 -> 89 | G30: =Matrix!DM13 -> 0
A31: =Matrix!A14 -> Harry | B31: =Matrix!DH14 -> 23 | C31: =Matrix!DI14 -> 110 | D31: =Matrix!DJ14 -> 0.20909091 | E31: =Matrix!DK14 -> RED | F31: =Matrix!DL14 -> 87 | G31: =Matrix!DM14 -> 0
A35: Course Compliance
A36: Course | B36: Completion % | C36: RAG
A37: =Matrix!A19 -> Care Certificate | B37: =Matrix!D19 -> 0.5 | C37: =Matrix!E19 -> RED
A38: =Matrix!A20 -> Food Hygiene | B38: =Matrix!D20 -> 0.66666667 | C38: =Matrix!E20 -> RED
A39: =Matrix!A21 -> Falls Awareness | B39: =Matrix!D21 -> 0.58333333 | C39: =Matrix!E21 -> RED
A40: =Matrix!A22 -> Basic Life Support | B40: =Matrix!D22 -> 0.83333333 | C40: =Matrix!E22 -> GREEN
A41: =Matrix!A23 -> Equality, Diversity, Inclusion | B41: =Matrix!D23 -> 0.58333333 | C41: =Matrix!E23 -> RED
A42: =Matrix!A24 -> PEG Feeding | B42: =Matrix!D24 -> 0.58333333 | C42: =Matrix!E24 -> RED
A43: =Matrix!A25 -> Nutrition and Hydration | B43: =Matrix!D25 -> 0.33333333 | C43: =Matrix!E25 -> RED
A44: =Matrix!A26 -> Duty of Care | B44: =Matrix!D26 -> 0.16666667 | C44: =Matrix!E26 -> RED
A45: =Matrix!A27 -> Health and Safety | B45: =Matrix!D27 -> 0.83333333 | C45: =Matrix!E27 -> GREEN
A46: =Matrix!A28 -> Communication and Record Keeping | B46: =Matrix!D28 -> 0.33333333 | C46: =Matrix!E28 -> RED
A47: =Matrix!A29 -> Risk Assessment | B47: =Matrix!D29 -> 0.25 | C47: =Matrix!E29 -> RED
A48: =Matrix!A30 -> Managing Continence | B48: =Matrix!D30 -> 0.33333333 | C48: =Matrix!E30 -> RED
... A145: =Matrix!A127 -> Food Hygiene in Care | B145: =Matrix!D127 -> 0.083333333 | C145: =Matrix!E127 -> RED

Sheet Workforce Dashboard
A1: People & Workforce Dashboard
A2: This dashboard has been added without changing your existing Training Dashboard. It reads from the new workforce trackers.
A4: Area | B4: Total Records | C4: Completed / Closed | D4: Open / In Progress | E4: Overdue / Red | F4: Compliance % | G4: RAG | H4: Notes
A5: Recruitment | B5: =COUNTIF('Recruitment Matrix'!A5:A29,"?*") -> 0 | C5: =COUNTIF('Recruitment Matrix'!Q5:Q29,"Yes") -> 0 | D5: =COUNTIF('Recruitment Matrix'!Q5:Q29,"In Progress") -> 0 | E5: =COUNTIF('Recruitment Matrix'!U5:U29,"Red") -> 0 | F5: =IFERROR(C5/B5,0) -> 0 | G5: =IF(F5>=0.9,"Green",IF(F5>=0.75,"Amber","Red")) -> Red | H5: Linked to Recruitment Matrix
A6: Induction | B6: =COUNTIF('Induction Employee Register'!E4:E28,"Active") -> 25 | C6: =COUNTIF('Induction Employee Register'!Q4:Q28,"Green") -> 0 | D6: =COUNTIF('Induction Employee Register'!Q4:Q28,"Amber") -> 0 | E6: =COUNTIF('Induction Employee Register'!Q4:Q28,"Red") -> 25 | F6: =IFERROR(AVERAGEIF('Induction Employee Register'!E4:E28,"Active",'Induction Employee Register'!I4:I28),0) -> 0 | G6: =IF(F6>=0.9,"Green",IF(F6>=0.75,"Amber","Red")) -> Red | H6: Linked to Induction Employee Register
A7: Personnel / Staff File | B7: =COUNTIF('Induction Employee Register'!E4:E28,"Active") -> 25 | C7: =COUNTIF('Induction Employee Register'!Q4:Q28,"Green") -> 0 | D7: =COUNTIF('Induction Employee Register'!Q4:Q28,"Amber") -> 0 | E7: =COUNTIF('Induction Employee Register'!Q4:Q28,"Red") -> 25 | F7: =IFERROR(AVERAGEIF('Induction Employee Register'!E4:E28,"Active",'Induction Employee Register'!H4:H28),0) -> 0 | G7: =IF(F7>=0.9,"Green",IF(F7>=0.75,"Amber","Red")) -> Red | H7: Linked to SW001-SW025 staff tabs
A8: DBS | B8: =COUNTIF('Induction Employee Register'!E4:E28,"Active") -> 25 | C8: =COUNTIF('Induction Employee Register'!L4:L28,"Green") -> 0 | D8: =COUNTIF('Induction Employee Register'!L4:L28,"Amber") -> 0 | E8: =COUNTIF('Induction Employee Register'!L4:L28,"Red") -> 0 | F8: =IFERROR(C8/B8,0) -> 0 | G8: =IF(F8>=0.9,"Green",IF(F8>=0.75,"Amber","Red")) -> Red | H8: Linked to staff file DBS Received?
A9: Right to Work | B9: =COUNTIF('Induction Employee Register'!E4:E28,"Active") -> 25 | C9: =COUNTIF('Induction Employee Register'!M4:M28,"Green") -> 0 | D9: =COUNTIF('Induction Employee Register'!M4:M28,"Amber") -> 0 | E9: =COUNTIF('Induction Employee Register'!M4:M28,"Red") -> 0 | F9: =IFERROR(C9/B9,0) -> 0 | G9: =IF(F9>=0.9,"Green",IF(F9>=0.75,"Amber","Red")) -> Red | H9: Linked to staff file RTW Received?
A10: Probation | B10: =COUNTIF('Induction Employee Register'!E4:E28,"Active") -> 25 | C10: =COUNTIF('Induction Employee Register'!N4:N28,"Green") -> 0 | D10: =COUNTIF('Induction Employee Register'!N4:N28,"Amber") -> 0 | E10: =COUNTIF('Induction Employee Register'!N4:N28,"Red") -> 0 | F10: =IFERROR(C10/B10,0) -> 0 | G10: =IF(F10>=0.9,"Green",IF(F10>=0.75,"Amber","Red")) -> Red | H10: Linked to staff file Probation Received?
A11: Sponsorship | B11: =COUNTIF('Induction Employee Register'!W4:W28,"Yes") -> 0 | C11: =COUNTIFS('Induction Employee Register'!W4:W28,"Yes",'Induction Employee Register'!Y4:Y28,"Yes") -> 0 | D11: =COUNTIFS('Induction Employee Register'!W4:W28,"Yes",'Induction Employee Register'!Y4:Y28,"No") -> 0 | E11: =COUNTIFS('Induction Employee Register'!W4:W28,"Yes",'Induction Employee Register'!Y4:Y28,"No") -> 0 | F11: =IFERROR(C11/B11,1) -> 1 | G11: =IF(F11>=0.9,"Green",IF(F11>=0.75,"Amber","Red")) -> Green | H11: Applies only where Sponsorship Required = Yes
A12: Training | B12: =COUNTIF('Induction Employee Register'!E4:E28,"Active") -> 25 | C12: =COUNTIF('Induction Employee Register'!Q4:Q28,"Green") -> 0 | D12: =COUNTIF('Induction Employee Register'!Q4:Q28,"Amber") -> 0 | E12: =COUNTIF('Induction Employee Register'!Q4:Q28,"Red") -> 25 | F12: =IFERROR(AVERAGEIF('Induction Employee Register'!E4:E28,"Active",'Induction Employee Register'!K4:K28),0) -> 0 | G12: =IF(F12>=0.9,"Green",IF(F12>=0.75,"Amber","Red")) -> Red | H12: Linked to existing training dashboard where available
A13: Overall Workforce | B13: =SUM(B5:B12) -> 150 | C13: =SUM(C5:C12) -> 0 | D13: =SUM(D5:D12) -> 0 | E13: =SUM(E5:E12) -> 75 | F13: =IFERROR(AVERAGE(F5:F12),0) -> 0.125 | G13: =IF(F13>=0.9,"Green",IF(F13>=0.75,"Amber","Red")) -> Red | H13: Average of linked compliance areas
A16: Added Workforce Audit Tabs
A17: Recruitment Audit | B17: Added and ready for use
A18: Staff File Audit | B18: Added and ready for use
A19: Training Audit | B19: Added and ready for use
A20: Competency Audit | B20: Added and ready for use
A21: Supervision Audit | B21: Added and ready for use
A22: Observation Audit | B22: Added and ready for use
A23: Appraisal Audit | B23: Added and ready for use

Sheet Workforce Annual Audit Index
A1: Swan Care Home - Workforce Annual Audit Index
A3: Audit Tab | B3: Frequency | C3: Year Covered | D3: Staff Only? | E3: Sponsorship Integrated? | F3: Periods Included | G3: Questions per Period | H3: Notes
A4: Recruitment Audit | B4: Monthly | C4: 2026 | D4: Yes | E4: Yes - Yes/No/N/A | F4: January, February, March, April, May, June, July, August, September, October, November, December | G4: 39 | H4: Full year held in this one tab
A5: Staff File Audit | B5: Quarterly | C5: 2026 | D5: Yes | E5: Yes - Yes/No/N/A | F5: Quarter 1 (Jan-Mar), Quarter 2 (Apr-Jun), Quarter 3 (Jul-Sep), Quarter 4 (Oct-Dec) | G5: 35 | H5: Full year held in this one tab
A6: Training Audit | B6: Monthly | C6: 2026 | D6: Yes | E6: Yes - Yes/No/N/A | F6: January, February, March, April, May, June, July, August, September, October, November, December | G6: 29 | H6: Full year held in this one tab
A7: Induction Audit | B7: Monthly | C7: 2026 | D7: Yes | E7: Yes - Yes/No/N/A | F7: January, February, March, April, May, June, July, August, September, October, November, December | G7: 29 | H7: Full year held in this one tab
A8: Competency Audit | B8: Monthly | C8: 2026 | D8: Yes | E8: Yes - Yes/No/N/A | F8: January, February, March, April, May, June, July, August, September, October, November, December | G8: 27 | H8: Full year held in this one tab
A9: Supervision Audit | B9: Monthly | C9: 2026 | D9: Yes | E9: Yes - Yes/No/N/A | F9: January, February, March, April, May, June, July, August, September, October, November, December | G9: 21 | H9: Full year held in this one tab
A10: Observation Audit | B10: Monthly | C10: 2026 | D10: Yes | E10: Yes - Yes/No/N/A | F10: January, February, March, April, May, June, July, August, September, October, November, December | G10: 21 | H10: Full year held in this one tab
A11: Appraisal Audit | B11: Quarterly | C11: 2026 | D11: Yes | E11: Yes - Yes/No/N/A | F11: Quarter 1 (Jan-Mar), Quarter 2 (Apr-Jun), Quarter 3 (Jul-Sep), Quarter 4 (Oct-Dec) | G11: 19 | H11: Full year held in this one tab
A12: Probation Audit | B12: Monthly | C12: 2026 | D12: Yes | E12: Yes - Yes/No/N/A | F12: January, February, March, April, May, June, July, August, September, October, November, December | G12: 19 | H12: Full year held in this one tab

Sheet Summary
A1: Training Matrix Summary
A3: Total staff | B3: =COUNTA(Matrix!$A$3:$A$14) -> 12
A5: Training Topic | B5: Completion % | C5: Completed / Staff | D5: Notes | AB5: 46155 | BF5: 46157 | DC5: 46155
A6: Safeguarding and Protection of Adults | B6: =Matrix!AB$16 -> 0.83333333 | C6: =Matrix!AB$17 -> 10/12
A7: Fire Safety | B7: =Matrix!BG$16 -> 0.16666667 | C7: =Matrix!BG$17 -> 2/12
A8: Fire Marshal / Fire Warden | B8: =Matrix!DC$16 -> 0.91666667 | C8: =Matrix!DC$17 -> 11/12
A9: Moving and Handling | B9: =Matrix!BF$16 -> 0.91666667 | C9: =Matrix!BF$17 -> 11/12
A10: Basic Life Support | B10: =Matrix!E$16 -> 0.83333333 | C10: =Matrix!E$17 -> 10/12
A11: Infection Control | B11: =Matrix!AK$16 -> 0.75 | C11: =Matrix!AK$17 -> 9/12
A12: Dementia Awareness | B12: =Matrix!AE$16 -> 0.75 | C12: =Matrix!AE$17 -> 9/12
A13: Carol (Domestic) | B13: =Matrix!AQ$16 -> 0.83333333 | C13: =Matrix!AQ$17 -> 10/12
A14: Food Hygiene | B14: =Matrix!C$16 -> 0.66666667 | C14: =Matrix!C$17 -> 8/12
A15: End of Life Care | B15: =Matrix!Q$16 -> 0.91666667 | C15: =Matrix!Q$17 -> 11/12
A16: Diabetes Awareness | B16: =Matrix!AP$16 -> 0.75 | C16: =Matrix!AP$17 -> 9/12
A17: The Oliver McGowan Mandatory Training | B17: =Matrix!O$16 -> 0.66666667 | C17: =Matrix!O$17 -> 8/12
A18: Sepsis | B18: =Matrix!D128 -> 0.083333333 | C18: =Matrix!B128&"/"&Matrix!C128 -> 3/12

Sheet Matrix
A1: Keys | B1: In Progress | C1: Completed | D1: Failed | E1: Expiring Soon | F1: Expired | G1: Not Started
A2: Learner's Name | B2: Care Certificate | C2: Food Hygiene | D2: Falls Awareness | E2: Basic Life Support | F2: Equality, Diversity, Inclusion | G2: PEG Feeding | H2: Nutrition and Hydration | I2: Duty of Care | J2: Health and Safety | K2: Communication and Record Keeping | L2: Risk Assessment | M2: Managing Continence | N2: Constipation Basic Awareness | O2: The Oliver McGowan Mandatory Training | P2: Anxiety | Q2: End of Life Care | R2: Dysphagia | S2: Slips Trips and Falls Awareness | T2: Oral Care | U2: Care Planning | V2: Positive Behaviour Support | W2: Parkinson's | X2: Duty of Candour | Y2: Food Safety Level 3 | Z2: COSHH | AA2: RIDDOR | AB2: Safeguarding and Protection of Adults | AC2: A Care Workers Role | AD2: Recording Information | AE2: Dementia Awareness | AF2: Personal Care | AG2: Behaviours that Challenge | AH2: Person Centred Care | AI2: Pressure Care and Moisture Lesion Awareness | AJ2: Stroke Awareness | AK2: Infection Control | AL2: Bereavement Awareness | AM2: DeChoker | AN2: Continence Promotion | AO2: Catheter Care | AP2: Diabetes Awareness | AQ2: Mental Capacity | AR2: Hand Hygiene | AS2: The Use of PPE | AT2: Wellbeing in the Workplace | AU2: Dignity, Privacy and Respect | AV2: Bullying and Harassment Awareness | AW2: Complaints Handling | AX2: Dignity in Care | AY2: Verification of Death | AZ2: Whistleblowing | BA2: HACCP Awareness | BB2: Communication | BC2: Basic Observations | BD2: Accessible Information | BE2: Bed Rails and Risk Management Awareness | BF2: Moving and Handling | BG2: Fire Safety | BH2: Fire Safety Lite | BI2: First Aid | BJ2: Moving and Handling Lite | BK2: Pressure Area Care | BL2: Professional Boundaries | BM2: Buccal Midazolam | BN2: GDPR 1 | BO2: GDPR 2 | BP2: Induction to Dementia | BQ2: Induction to End of Life Care | BR2: Induction to Mental Health | BS2: Infection Control Lite | BT2: Manual Handling of Objects | BU2: Medication Practice | BV2: Medication Practice Lite | BW2: Motor Neurone Disease | BX2: Multiple Sclerosis | BY2: Sexual Harassment Awareness | BZ2: Information Governance | CA2: Legionnaires Disease | CB2: Lone Working | CC2: Mental Health | CD2: LGBTQ+ Aware for Care | CE2: Epilepsy Awareness | CF2: Emergency First Aid Awareness | CG2: Epilepsy Level 3 | CH2: SALT (Speech And Language Therapy) | CI2: Sensory Impairment Awareness | CJ2: FGM Awareness | CK2: Social Media and Online Privacy | CL2: Stress Awareness | CM2: Stoma Care Awareness | CN2: Allergen Awareness | CO2: Concussion Awareness | CP2: Coronavirus Awareness and Infection Control | CQ2: Disability Awareness | CR2: Information Governance and Data Security | CS2: Internet Safety Awareness | CT2: Interview Skills | CU2: Introduction to Sepsis | CV2: Managing People Awareness | CW2: Moving and Handling of People Awareness Level 2 | CX2: Multiple Sclerosis (MS) | CY2: Palliative and End of Life Care | CZ2: Safeguarding of Adults Level 3 CSTF Aligned | DA2: Bowel Care and Management | DB2: Fluids and Nutrition | DC2: Fire Marshal / Fire Warden | DD2: UK GDPR and Information Sharing | DE2: Working in Person Centred Way | DF2: Food Hygiene in Care | DG2: Sepsis | DH2: Completed Count | DI2: Total Courses | DJ2: Compliance % | DK2: RAG | DL2: Missing / Not Started | DM2: In Progress
A3: Niranjala Dissanayake | B3: 46197 | C3: NS | D3: 46196 | E3: 46197 | F3: 46195 | G3: 46196 | H3: 46197 | I3: 46197 | J3: 46197 | K3: 23/06/2026 | L3: NS | M3: NS | N3: NS | O3: NS | P3: 46196 | Q3: 46194 | R3: 46194 | S3: NS | T3: 46193 | U3: 46193 | V3: 46196 | W3: 46196 | X3: NS | Y3: NS | Z3: 46194 | AA3: 46195 | AB3: 13/04/2026 | AC3: 46193 | AD3: 46196 | AE3: 46194 | AF3: 46195 | AG3: NS | AH3: NS | AI3: 22/06/2026 | AJ3: NS | AK3: 46195 | AL3: NS | AM3: NS | AN3: NS | AO3: NS | AP3: 46194 | AQ3: NS | AR3: NS | AS3: NS | AT3: NS | AU3: NS | AV3: NS | AW3: NS | AX3: NS | AY3: NS | AZ3: NS | BA3: NS | BB3: NS | BC3: NS | BD3: NS | BE3: NS | BF3: 13/04/2026 | BG3: NS | BH3: NS | BI3: NS | BJ3: NS | BK3: 46195 | BL3: NS | BM3: NS | BN3: NS | BO3: NS | BP3: NS | BQ3: NS | BR3: NS | BS3: NS | BT3: NS | BU3: NS | BV3: NS | BW3: NS | BX3: NS | BY3: NS | BZ3: NS | CA3: NS | CB3: NS | CC3: NS | CD3: NS | CE3: NS | CF3: NS | CG3: NS | CH3: NS | CI3: NS | CJ3: NS | CK3: NS | CL3: NS | CM3: NS | CN3: NS | CO3: NS | CP3: NS | CQ3: NS | CR3: NS | CS3: NS | CT3: NS | CU3: NS | CV3: NS | CW3: NS | CX3: NS | CY3: NS | CZ3: NS | DA3: NS | DB3: NS | DC3: 13/04/2026 | DD3: NS | DE3: NS | DF3: NS | DG3: 22/06/2026 | DH3: =SUMPRODUCT(--ISNUMBER(B3:DG3))+COUNTIF(B3:DG3,"??/??/????") -> 30 | DI3: =COLUMNS(B3:DG3) -> 110 | DJ3: =IFERROR(DH3/DI3,0) -> 0.27272727 | DK3: =IF(DJ3>=0.95,"GREEN",IF(DJ3>=0.8,"AMBER","RED")) -> RED | DL3: =COUNTIF(B3:DG3,"NS") -> 80 | DM3: =COUNTIF(B3:DG3,"IP") -> 0
A4: Chelsee Booth | B4: 46198 | C4: IP | D4: 46197 | E4: NS | F4: 46197 | G4: 46197 | H4: NS | I4: NS | J4: 46194 | K4: NS | L4: NS | M4: NS | N4: NS | O4: 46201 | P4: NS | Q4: 46195 | R4: 46195 | S4: NS | T4: 46194 | U4: 46194 | V4: 46198 | W4: NS | X4: 46195 | Y4: 46198 | Z4: NS | AA4: NS | AB4: NS | AC4: NS | AD4: NS | AE4: 46195 | AF4: 46199 | AG4: NS | AH4: NS | AI4: NS | AJ4: NS | AK4: NS | AL4: NS | AM4: NS | AN4: 46194 | AO4: NS | AP4: NS | AQ4: 46192 | AR4: NS | AS4: NS | AT4: NS | AU4: NS | AV4: NS | AW4: NS | AX4: NS | AY4: NS | AZ4: NS | BA4: NS | BB4: NS | BC4: NS | BD4: NS | BE4: NS | BF4: 13/04/2026 | BG4: NS | BH4: NS | BI4: NS | BJ4: NS | BK4: NS | BL4: NS | BM4: NS | BN4: NS | BO4: NS | BP4: NS | BQ4: NS | BR4: NS | BS4: NS | BT4: NS | BU4: NS | BV4: NS | BW4: NS | BX4: NS | BY4: NS | BZ4: NS | CA4: NS | CB4: NS | CC4: NS | CD4: NS | CE4: NS | CF4: NS | CG4: NS | CH4: NS | CI4: NS | CJ4: NS | CK4: NS | CL4: NS | CM4: NS | CN4: NS | CO4: NS | CP4: NS | CQ4: NS | CR4: NS | CS4: NS | CT4: NS | CU4: NS | CV4: NS | CW4: NS | CX4: NS | CY4: NS | CZ4: NS | DA4: NS | DB4: NS | DC4: 13/04/2026 | DD4: NS | DE4: NS | DF4: NS | DG4: NS | DH4: =SUMPRODUCT(--ISNUMBER(B4:DG4))+COUNTIF(B4:DG4,"??/??/????") -> 19 | DI4: =COLUMNS(B4:DG4) -> 110 | DJ4: =IFERROR(DH4/DI4,0) -> 0.17272727 | DK4: =IF(DJ4>=0.95,"GREEN",IF(DJ4>=0.8,"AMBER","RED")) -> RED | DL4: =COUNTIF(B4:DG4,"NS") -> 90 | DM4: =COUNTIF(B4:DG4,"IP") -> 1
A5: Paula Merry | B5: NS | C5: 21/06/2026 | D5: 46193 | E5: 46192 | F5: 46193 | G5: 46195 | H5: 46195 | I5: NS | J5: 46194 | K5: 19/06/2026 | L5: 46196 | M5: 46196 | N5: 46196 | O5: 46196 | P5: NS | Q5: 46194 | R5: 46194 | S5: NS | T5: 46194 | U5: 46192 | V5: 46195 | W5: NS | X5: 46192 | Y5: 46194 | Z5: 46193 | AA5: NS | AB5: 46155 | AC5: 46191 | AD5: 46195 | AE5: 46194 | AF5: 46195 | AG5: 46194 | AH5: 46195 | AI5: NS | AJ5: NS | AK5: 46199 | AL5: 46194 | AM5: 46193 | AN5: NS | AO5: NS | AP5: 46194 | AQ5: 46194 | AR5: NS | AS5: NS | AT5: NS | AU5: 46193 | AV5: 46193 | AW5: 46193 | AX5: 46192 | AY5: NS | AZ5: 46192 | BA5: NS | BB5: 46192 | BC5: 46192 | BD5: 46192 | BE5: 46192 | BF5: 46157 | BG5: NS | BH5: 46200 | BI5: NS | BJ5: NS | BK5: NS | BL5: NS | BM5: NS | BN5: NS | BO5: NS | BP5: NS | BQ5: NS | BR5: NS | BS5: NS | BT5: NS | BU5: NS | BV5: NS | BW5: NS | BX5: NS | BY5: NS | BZ5: NS | CA5: NS | CB5: NS | CC5: NS | CD5: NS | CE5: NS | CF5: NS | CG5: NS | CH5: NS | CI5: NS | CJ5: NS | CK5: NS | CL5: NS | CM5: NS | CN5: NS | CO5: NS | CP5: NS | CQ5: NS | CR5: NS | CS5: NS | CT5: NS | CU5: NS | CV5: NS | CW5: NS | CX5: NS | CY5: NS | CZ5: NS | DA5: NS | DB5: NS | DC5: 46155 | DD5: NS | DE5: NS | DF5: NS | DG5: NS | DH5: =SUMPRODUCT(--ISNUMBER(B5:DG5))+COUNTIF(B5:DG5,"??/??/????") -> 44 | DI5: =COLUMNS(B5:DG5) -> 110 | DJ5: =IFERROR(DH5/DI5,0) -> 0.4 | DK5: =IF(DJ5>=0.95,"GREEN",IF(DJ5>=0.8,"AMBER","RED")) -> RED | DL5: =COUNTIF(B5:DG5,"NS") -> 66 | DM5: =COUNTIF(B5:DG5,"IP") -> 0
A6: Nathan Thomas | B6: 46196 | C6: 21/06/2026 | D6: 46199 | E6: 46184 | F6: 46194 | G6: 46199 | H6: 46195 | I6: NS | J6: NS | K6: NS | L6: NS | M6: 46199 | N6: NS | O6: 46195 | P6: NS | Q6: 46196 | R6: 46196 | S6: 46199 | T6: 46195 | U6: 46196 | V6: 46199 | W6: NS | X6: NS | Y6: 46194 | Z6: NS | AA6: NS | AB6: 46195 | AC6: 46195 | AD6: NS | AE6: NS | AF6: 46199 | AG6: 46195 | AH6: NS | AI6: NS | AJ6: NS | AK6: NS | AL6: 46194 | AM6: NS | AN6: NS | AO6: NS | AP6: NS | AQ6: 31/01/2025 | AR6: NS | AS6: 46199 | AT6: NS | AU6: 46199 | AV6: 46199 | AW6: NS | AX6: NS | AY6: 46199 | AZ6: 46199 | BA6: NS | BB6: NS | BC6: 46199 | BD6: NS | BE6: 46199 | BF6: 13/04/2026 | BG6: NS | BH6: NS | BI6: NS | BJ6: NS | BK6: 46199 | BL6: NS | BM6: NS | BN6: NS | BO6: NS | BP6: NS | BQ6: NS | BR6: NS | BS6: NS | BT6: NS | BU6: NS | BV6: NS | BW6: NS | BX6: NS | BY6: NS | BZ6: NS | CA6: NS | CB6: NS | CC6: NS | CD6: NS | CE6: NS | CF6: NS | CG6: NS | CH6: NS | CI6: NS | CJ6: NS | CK6: NS | CL6: NS | CM6: NS | CN6: NS | CO6: NS | CP6: NS | CQ6: NS | CR6: NS | CS6: NS | CT6: NS | CU6: 46199 | CV6: NS | CW6: NS | CX6: NS | CY6: NS | CZ6: NS | DA6: NS | DB6: NS | DC6: 13/04/2026 | DD6: NS | DE6: NS | DF6: NS | DG6: 26/06/2026 | DH6: =SUMPRODUCT(--ISNUMBER(B6:DG6))+COUNTIF(B6:DG6,"??/??/????") -> 34 | DI6: =COLUMNS(B6:DG6) -> 110 | DJ6: =IFERROR(DH6/DI6,0) -> 0.30909091 | DK6: =IF(DJ6>=0.95,"GREEN",IF(DJ6>=0.8,"AMBER","RED")) -> RED | DL6: =COUNTIF(B6:DG6,"NS") -> 76 | DM6: =COUNTIF(B6:DG6,"IP") -> 0
A7: Joel Jose | B7: NS | C7: 23/02/2026 | D7: NS | E7: NS | F7: NS | G7: NS | H7: NS | I7: NS | J7: 21/01/2026 | K7: NS | L7: NS | M7: NS | N7: NS | O7: NS | P7: NS | Q7: 11/02/2026 | R7: 21/01/2026 | S7: NS | T7: 06/02/2026 | U7: 46199 | V7: NS | W7: 03/03/2026 | X7: NS | Y7: NS | Z7: NS | AA7: NS | AB7: 45985 | AC7: NS | AD7: NS | AE7: 21/01/2026 | AF7: NS | AG7: 23/02/2026 | AH7: NS | AI7: NS | AJ7: NS | AK7: 45987 | AL7: NS | AM7: NS | AN7: NS | AO7: NS | AP7: 12/02/2026 | AQ7: 20/01/2026 | AR7: NS | AS7: NS | AT7: NS | AU7: NS | AV7: NS | AW7: NS | AX7: NS | AY7: NS | AZ7: NS | BA7: NS | BB7: NS | BC7: NS | BD7: NS | BE7: NS | BF7: 45979 | BG7: NS | BH7: NS | BI7: 03/03/2026 | BJ7: NS | BK7: NS | BL7: NS | BM7: NS | BN7: NS | BO7: NS | BP7: NS | BQ7: NS | BR7: NS | BS7: NS | BT7: NS | BU7: NS | BV7: NS | BW7: NS | BX7: NS | BY7: NS | BZ7: NS | CA7: NS | CB7: NS | CC7: NS | CD7: NS | CE7: NS | CF7: NS | CG7: NS | CH7: NS | CI7: NS | CJ7: NS | CK7: NS | CL7: NS | CM7: NS | CN7: NS | CO7: NS | CP7: NS | CQ7: NS | CR7: NS | CS7: NS | CT7: NS | CU7: NS | CV7: NS | CW7: NS | CX7: NS | CY7: NS | CZ7: NS | DA7: 23/02/2026 | DB7: 23/02/2026 | DC7: 46001 | DD7: NS | DE7: 23/02/2026 | DF7: NS | DG7: NS | DH7: =SUMPRODUCT(--ISNUMBER(B7:DG7))+COUNTIF(B7:DG7,"??/??/????") -> 19 | DI7: =COLUMNS(B7:DG7) -> 110 | DJ7: =IFERROR(DH7/DI7,0) -> 0.17272727 | DK7: =IF(DJ7>=0.95,"GREEN",IF(DJ7>=0.8,"AMBER","RED")) -> RED | DL7: =COUNTIF(B7:DG7,"NS") -> 91 | DM7: =COUNTIF(B7:DG7,"IP") -> 0
A8: Firos Latheef | B8: NS | C8: 22/02/2026 | D8: 46199 | E8: 22/02/2026 | F8: NS | G8: 46201 | H8: NS | I8: NS | J8: 11/02/2026 | K8: NS | L8: NS | M8: 46195 | N8: NS | O8: 22/02/2026 | P8: NS | Q8: 11/02/2026 | R8: 23/01/2026 | S8: NS | T8: 46195 | U8: 46193 | V8: 46194 | W8: 22/02/2026 | X8: NS | Y8: 46195 | Z8: 46195 | AA8: NS | AB8: 45994 | AC8: NS | AD8: NS | AE8: 23/01/2026 | AF8: NS | AG8: NS | AH8: 46200 | AI8: NS | AJ8: NS | AK8: 11/02/2026 | AL8: NS | AM8: NS | AN8: NS | AO8: NS | AP8: 11/02/2026 | AQ8: 23/01/2026 | AR8: NS | AS8: NS | AT8: NS | AU8: NS | AV8: NS | AW8: NS | AX8: NS | AY8: NS | AZ8: NS | BA8: NS | BB8: NS | BC8: NS | BD8: NS | BE8: NS | BF8: 45979 | BG8: NS | BH8: NS | BI8: 22/02/2026 | BJ8: NS | BK8: NS | BL8: NS | BM8: NS | BN8: NS | BO8: NS | BP8: NS | BQ8: NS | BR8: NS | BS8: NS | BT8: NS | BU8: NS | BV8: NS | BW8: NS | BX8: NS | BY8: NS | BZ8: NS | CA8: NS | CB8: NS | CC8: NS | CD8: NS | CE8: NS | CF8: NS | CG8: NS | CH8: NS | CI8: NS | CJ8: NS | CK8: NS | CL8: NS | CM8: NS | CN8: NS | CO8: NS | CP8: NS | CQ8: NS | CR8: NS | CS8: NS | CT8: NS | CU8: NS | CV8: NS | CW8: NS | CX8: NS | CY8: NS | CZ8: NS | DA8: 22/02/2026 | DB8: 22/02/2026 | DC8: 46010 | DD8: 22/02/2026 | DE8: NS | DF8: NS | DG8: NS | DH8: =SUMPRODUCT(--ISNUMBER(B8:DG8))+COUNTIF(B8:DG8,"??/??/????") -> 27 | DI8: =COLUMNS(B8:DG8) -> 110 | DJ8: =IFERROR(DH8/DI8,0) -> 0.24545455 | DK8: =IF(DJ8>=0.95,"GREEN",IF(DJ8>=0.8,"AMBER","RED")) -> RED | DL8: =COUNTIF(B8:DG8,"NS") -> 83 | DM8: =COUNTIF(B8:DG8,"IP") -> 0
A9: Kathleen Evans | B9: NS | C9: 11/02/2026 | D9: 46194 | E9: 11/02/2026 | F9: 46195 | G9: 46193 | H9: NS | I9: NS | J9: 46193 | K9: 21/06/2026 | L9: 46200 | M9: 46193 | N9: NS | O9: 22/02/2026 | P9: NS | Q9: 06/02/2026 | R9: 06/02/2026 | S9: 46199 | T9: 06/02/2026 | U9: 46193 | V9: NS | W9: 11/02/2026 | X9: 46193 | Y9: NS | Z9: 09/02/2026 | AA9: 46195 | AB9: 13/07/2024 | AC9: NS | AD9: 46194 | AE9: 09/02/2026 | AF9: 46194 | AG9: 46193 | AH9: NS | AI9: 21/06/2026 | AJ9: 46195 | AK9: 45987 | AL9: 46200 | AM9: NS | AN9: NS | AO9: NS | AP9: 06/02/2026 | AQ9: 09/02/2026 | AR9: 46194 | AS9: 46194 | AT9: NS | AU9: NS | AV9: NS | AW9: NS | AX9: NS | AY9: NS | AZ9: NS | BA9: NS | BB9: NS | BC9: NS | BD9: NS | BE9: NS | BF9: 45979 | BG9: NS | BH9: NS | BI9: 06/03/2025 | BJ9: NS | BK9: 46194 | BL9: NS | BM9: NS | BN9: NS | BO9: NS | BP9: NS | BQ9: NS | BR9: NS | BS9: NS | BT9: NS | BU9: 45981 | BV9: NS | BW9: NS | BX9: NS | BY9: NS | BZ9: NS | CA9: NS | CB9: NS | CC9: NS | CD9: NS | CE9: NS | CF9: NS | CG9: NS | CH9: NS | CI9: NS | CJ9: NS | CK9: NS | CL9: NS | CM9: NS | CN9: 13/02/2026 | CO9: NS | CP9: NS | CQ9: NS | CR9: NS | CS9: NS | CT9: NS | CU9: NS | CV9: NS | CW9: NS | CX9: NS | CY9: NS | CZ9: NS | DA9: 11/02/2026 | DB9: 11/02/2026 | DC9: 46001 | DD9: 11/02/2026 | DE9: 11/02/2026 | DF9: NS | DG9: 20/06/2026 | DH9: =SUMPRODUCT(--ISNUMBER(B9:DG9))+COUNTIF(B9:DG9,"??/??/????") -> 43 | DI9: =COLUMNS(B9:DG9) -> 110 | DJ9: =IFERROR(DH9/DI9,0) -> 0.39090909 | DK9: =IF(DJ9>=0.95,"GREEN",IF(DJ9>=0.8,"AMBER","RED")) -> RED | DL9: =COUNTIF(B9:DG9,"NS") -> 67 | DM9: =COUNTIF(B9:DG9,"IP") -> 0
A10: Sahil Sahil | B10: 30/01/2026 | C10: NS | D10: NS | E10: 46192 | F10: NS | G10: NS | H10: NS | I10: NS | J10: NS | K10: NS | L10: NS | M10: NS | N10: NS | O10: IP | P10: NS | Q10: NS | R10: NS | S10: 46192 | T10: NS | U10: IP | V10: NS | W10: NS | X10: NS | Y10: NS | Z10: NS | AA10: NS | AB10: NS | AC10: NS | AD10: NS | AE10: NS | AF10: NS | AG10: 46192 | AH10: NS | AI10: NS | AJ10: NS | AK10: NS | AL10: NS | AM10: 46194 | AN10: NS | AO10: 46194 | AP10: NS | AQ10: NS | AR10: NS | AS10: NS | AT10: 46194 | AU10: NS | AV10: NS | AW10: NS | AX10: NS | AY10: 46192 | AZ10: 46192 | BA10: 46192 | BB10: NS | BC10: NS | BD10: NS | BE10: NS | BF10: NS | BG10: NS | BH10: NS | BI10: NS | BJ10: NS | BK10: NS | BL10: NS | BM10: NS | BN10: NS | BO10: NS | BP10: NS | BQ10: NS | BR10: NS | BS10: NS | BT10: NS | BU10: 19/04/2026 | BV10: NS | BW10: NS | BX10: NS | BY10: NS | BZ10: NS | CA10: NS | CB10: NS | CC10: NS | CD10: NS | CE10: NS | CF10: NS | CG10: NS | CH10: NS | CI10: NS | CJ10: NS | CK10: NS | CL10: NS | CM10: NS | CN10: NS | CO10: NS | CP10: NS | CQ10: NS | CR10: NS | CS10: NS | CT10: NS | CU10: NS | CV10: NS | CW10: NS | CX10: NS | CY10: NS | CZ10: NS | DA10: NS | DB10: NS | DC10: NS | DD10: NS | DE10: NS | DF10: NS | DG10: NS | DH10: =SUMPRODUCT(--ISNUMBER(B10:DG10))+COUNTIF(B10:DG10,"??/??/????") -> 11 | DI10: =COLUMNS(B10:DG10) -> 110 | DJ10: =IFERROR(DH10/DI10,0) -> 0.1 | DK10: =IF(DJ10>=0.95,"GREEN",IF(DJ10>=0.8,"AMBER","RED")) -> RED | DL10: =COUNTIF(B10:DG10,"NS") -> 97 | DM10: =COUNTIF(B10:DG10,"IP") -> 2
A11: Haritha Sasidharan | B11: 05/10/2025 | C11: 45228 | D11: 28/10/2023 | E11: 46193 | F11: 45227 | G11: 46194 | H11: 45228 | I11: 46193 | J11: 29/10/2023 | K11: 46076 | L11: 20/06/2026 | M11: NS | N11: NS | O11: 23/02/2026 | P11: NS | Q11: 46061 | R11: 20/01/2026 | S11: NS | T11: 07/02/2026 | U11: 16/01/2026 | V11: NS | W11: 23/02/2026 | X11: NS | Y11: NS | Z11: NS | AA11: NS | AB11: 45994 | AC11: NS | AD11: 46076 | AE11: 45228 | AF11: NS | AG11: 46193 | AH11: 46076 | AI11: NS | AJ11: 20/06/2026 | AK11: 45987 | AL11: NS | AM11: NS | AN11: NS | AO11: NS | AP11: 20/06/2026 | AQ11: 46193 | AR11: NS | AS11: NS | AT11: NS | AU11: NS | AV11: NS | AW11: NS | AX11: NS | AY11: NS | AZ11: NS | BA11: NS | BB11: NS | BC11: NS | BD11: NS | BE11: NS | BF11: 45979 | BG11: NS | BH11: NS | BI11: 46193 | BJ11: NS | BK11: NS | BL11: NS | BM11: NS | BN11: 45228 | BO11: 45228 | BP11: 45228 | BQ11: 46061 | BR11: NS | BS11: 45895 | BT11: NS | BU11: 45981 | BV11: NS | BW11: NS | BX11: NS | BY11: NS | BZ11: 45228 | CA11: NS | CB11: NS | CC11: NS | CD11: NS | CE11: NS | CF11: 46194 | CG11: NS | CH11: NS | CI11: NS | CJ11: NS | CK11: NS | CL11: NS | CM11: NS | CN11: NS | CO11: NS | CP11: NS | CQ11: NS | CR11: 45228 | CS11: NS | CT11: NS | CU11: NS | CV11: NS | CW11: NS | CX11: NS | CY11: 46061 | CZ11: 45894 | DA11: 23/02/2026 | DB11: 45228 | DC11: 46001 | DD11: 45228 | DE11: 46076 | DF11: 45228 | DG11: NS | DH11: =SUMPRODUCT(--ISNUMBER(B11:DG11))+COUNTIF(B11:DG11,"??/??/????") -> 45 | DI11: =COLUMNS(B11:DG11) -> 110 | DJ11: =IFERROR(DH11/DI11,0) -> 0.40909091 | DK11: =IF(DJ11>=0.95,"GREEN",IF(DJ11>=0.8,"AMBER","RED")) -> RED | DL11: =COUNTIF(B11:DG11,"NS") -> 65 | DM11: =COUNTIF(B11:DG11,"IP") -> 0
A12: Abhina | B12: NS | C12: 29/09/2025 | D12: NS | E12: 29/09/2025 | F12: NS | G12: NS | H12: NS | I12: NS | J12: 20/01/2026 | K12: NS | L12: NS | M12: NS | N12: NS | O12: 18/02/2026 | P12: NS | Q12: 07/02/2026 | R12: 20/01/2026 | S12: NS | T12: 07/02/2026 | U12: NS | V12: NS | W12: 17/02/2026 | X12: NS | Y12: NS | Z12: NS | AA12: NS | AB12: 45985 | AC12: NS | AD12: NS | AE12: 20/01/2026 | AF12: NS | AG12: NS | AH12: NS | AI12: NS | AJ12: NS | AK12: 45987 | AL12: NS | AM12: NS | AN12: NS | AO12: NS | AP12: 07/02/2026 | AQ12: 27/09/2025 | AR12: NS | AS12: NS | AT12: NS | AU12: NS | AV12: NS | AW12: NS | AX12: NS | AY12: NS | AZ12: NS | BA12: NS | BB12: NS | BC12: NS | BD12: NS | BE12: NS | BF12: 45979 | BG12: 26/09/2025 | BH12: NS | BI12: 26/09/2025 | BJ12: NS | BK12: NS | BL12: NS | BM12: NS | BN12: NS | BO12: NS | BP12: NS | BQ12: NS | BR12: NS | BS12: NS | BT12: NS | BU12: 45981 | BV12: NS | BW12: NS | BX12: NS | BY12: NS | BZ12: NS | CA12: NS | CB12: NS | CC12: NS | CD12: NS | CE12: NS | CF12: NS | CG12: NS | CH12: NS | CI12: NS | CJ12: NS | CK12: NS | CL12: NS | CM12: NS | CN12: NS | CO12: NS | CP12: NS | CQ12: NS | CR12: NS | CS12: NS | CT12: NS | CU12: NS | CV12: NS | CW12: NS | CX12: NS | CY12: NS | CZ12: NS | DA12: 16/02/2026 | DB12: 16/02/2026 | DC12: 05/12/2025 | DD12: 16/02/2026 | DE12: 17/02/2026 | DF12: NS | DG12: NS | DH12: =SUMPRODUCT(--ISNUMBER(B12:DG12))+COUNTIF(B12:DG12,"??/??/????") -> 22 | DI12: =COLUMNS(B12:DG12) -> 110 | DJ12: =IFERROR(DH12/DI12,0) -> 0.2 | DK12: =IF(DJ12>=0.95,"GREEN",IF(DJ12>=0.8,"AMBER","RED")) -> RED | DL12: =COUNTIF(B12:DG12,"NS") -> 88 | DM12: =COUNTIF(B12:DG12,"IP") -> 0
A13: Carol (Domestic) | B13: NS | C13: NS | D13: NS | E13: 11/02/2026 | F13: 15/07/2024 | G13: NS | H13: NS | I13: NS | J13: 06/02/2026 | K13: NS | L13: NS | M13: NS | N13: NS | O13: NS | P13: NS | Q13: 06/02/2026 | R13: 08/02/2026 | S13: NS | T13: 06/02/2026 | U13: NS | V13: NS | W13: 11/02/2026 | X13: NS | Y13: 05/11/2024 | Z13: 02/02/2026 | AA13: NS | AB13: 45985 | AC13: NS | AD13: NS | AE13: 07/02/2026 | AF13: NS | AG13: 15/02/2026 | AH13: NS | AI13: NS | AJ13: NS | AK13: 45987 | AL13: NS | AM13: NS | AN13: NS | AO13: NS | AP13: 06/02/2026 | AQ13: 26/02/2026 | AR13: NS | AS13: NS | AT13: NS | AU13: NS | AV13: NS | AW13: NS | AX13: NS | AY13: NS | AZ13: NS | BA13: NS | BB13: NS | BC13: NS | BD13: NS | BE13: NS | BF13: 45979 | BG13: NS | BH13: NS | BI13: 26/02/2025 | BJ13: NS | BK13: NS | BL13: NS | BM13: NS | BN13: NS | BO13: NS | BP13: NS | BQ13: NS | BR13: NS | BS13: NS | BT13: NS | BU13: NS | BV13: NS | BW13: NS | BX13: NS | BY13: NS | BZ13: NS | CA13: NS | CB13: NS | CC13: 08/02/2026 | CD13: NS | CE13: NS | CF13: NS | CG13: NS | CH13: NS | CI13: NS | CJ13: NS | CK13: NS | CL13: NS | CM13: NS | CN13: NS | CO13: NS | CP13: NS | CQ13: NS | CR13: NS | CS13: NS | CT13: NS | CU13: NS | CV13: NS | CW13: NS | CX13: NS | CY13: NS | CZ13: NS | DA13: NS | DB13: 11/02/2026 | DC13: 05/12/2025 | DD13: NS | DE13: 11/02/2026 | DF13: NS | DG13: NS | DH13: =SUMPRODUCT(--ISNUMBER(B13:DG13))+COUNTIF(B13:DG13,"??/??/????") -> 21 | DI13: =COLUMNS(B13:DG13) -> 110 | DJ13: =IFERROR(DH13/DI13,0) -> 0.19090909 | DK13: =IF(DJ13>=0.95,"GREEN",IF(DJ13>=0.8,"AMBER","RED")) -> RED | DL13: =COUNTIF(B13:DG13,"NS") -> 89 | DM13: =COUNTIF(B13:DG13,"IP") -> 0
A14: Harry | B14: 20/01/2026 | C14: 12/10/2025 | D14: NS | E14: 25/09/2025 | F14: NS | G14: NS | H14: NS | I14: NS | J14: 20/01/2026 | K14: NS | L14: NS | M14: NS | N14: NS | O14: 18/02/2026 | P14: NS | Q14: 07/02/2026 | R14: 20/01/2026 | S14: NS | T14: 07/02/2026 | U14: NS | V14: NS | W14: 18/02/2026 | X14: NS | Y14: NS | Z14: NS | AA14: NS | AB14: 45985 | AC14: NS | AD14: NS | AE14: NS | AF14: NS | AG14: 20/01/2026 | AH14: NS | AI14: NS | AJ14: NS | AK14: 11/10/2025 | AL14: NS | AM14: NS | AN14: NS | AO14: NS | AP14: 07/02/2026 | AQ14: 03/11/2025 | AR14: NS | AS14: NS | AT14: NS | AU14: NS | AV14: NS | AW14: NS | AX14: NS | AY14: NS | AZ14: NS | BA14: NS | BB14: NS | BC14: NS | BD14: NS | BE14: NS | BF14: 45979 | BG14: 11/10/2025 | BH14: NS | BI14: 07/10/2025 | BJ14: NS | BK14: NS | BL14: NS | BM14: NS | BN14: NS | BO14: NS | BP14: NS | BQ14: NS | BR14: NS | BS14: NS | BT14: NS | BU14: 45981 | BV14: NS | BW14: NS | BX14: NS | BY14: NS | BZ14: NS | CA14: NS | CB14: NS | CC14: NS | CD14: NS | CE14: NS | CF14: NS | CG14: NS | CH14: NS | CI14: NS | CJ14: NS | CK14: NS | CL14: NS | CM14: NS | CN14: NS | CO14: NS | CP14: NS | CQ14: NS | CR14: NS | CS14: NS | CT14: NS | CU14: NS | CV14: NS | CW14: NS | CX14: NS | CY14: NS | CZ14: NS | DA14: 18/02/2026 | DB14: 18/02/2026 | DC14: 46010 | DD14: 17/02/2026 | DE14: 18/02/2026 | DF14: NS | DG14: NS | DH14: =SUMPRODUCT(--ISNUMBER(B14:DG14))+COUNTIF(B14:DG14,"??/??/????") -> 23 | DI14: =COLUMNS(B14:DG14) -> 110 | DJ14: =IFERROR(DH14/DI14,0) -> 0.20909091 | DK14: =IF(DJ14>=0.95,"GREEN",IF(DJ14>=0.8,"AMBER","RED")) -> RED | DL14: =COUNTIF(B14:DG14,"NS") -> 87 | DM14: =COUNTIF(B14:DG14,"IP") -> 0
A16: Completion % by Training Topic | B16: =IFERROR(COUNTIFS(B$3:B$14,"<>NS",B$3:B$14,"<>IP",B$3:B$14,"<>",B$3:B$14,"<>Failed",B$3:B$14,"<>F")/COUNTA($A$3:$A$14),0) -> 0.5 | C16: =IFERROR(COUNTIFS(C$3:C$14,"<>NS",C$3:C$14,"<>IP",C$3:C$14,"<>",C$3:C$14,"<>Failed",C$3:C$14,"<>F")/COUNTA($A$3:$A$14),0) -> 0.66666667 | D16: =IFERROR(COUNTIFS(D$3:D$14,"<>NS",D$3:D$14,"<>IP",D$3:D$14,"<>",D$3:D$14,"<>Failed",D$3:D$14,"<>F")/COUNTA($A$3:$A$14),0) -> 0.58333333 | E16: =IFERROR(COUNTIFS(E$3:E$14,"<>NS",E$3:E$14,"<>IP",E$3:E$14,"<>",E$3:E$14,"<>Failed",E$3:E$14,"<>F")/COUNTA($A$3:$A$14),0) -> 0.83333333 | F16: =IFERROR(COUNTIFS(F$3:F$14,"<>NS",F$3:F$14,"<>IP",F$3:F$14,"<>",F$3:F$14,"<>Failed",F$3:F$14,"<>F")/COUNTA($A$3:$A$14),0) -> 0.58333333 | G16: =IFERROR(COUNTIFS(G$3:G$14,"<>NS",G$3:G$14,"<>IP",G$3:G$14,"<>",G$3:G$14,"<>Failed",G$3:G$14,"<>F")/COUNTA($A$3:$A$14),0) -> 0.58333333 | H16: =IFERROR(COUNTIFS(H$3:H$14,"<>NS",H$3:H$14,"<>IP",H$3:H$14,"<>",H$3:H$14,"<>Failed",H$3:H$14,"<>F")/COUNTA($A$3:$A$14),0) -> 0.33333333 | I16: =IFERROR(COUNTIFS(I$3:I$14,"<>NS",I$3:I$14,"<>IP",I$3:I$14,"<>",I$3:I$14,"<>Failed",I$3:I$14,"<>F")/COUNTA($A$3:$A$14),0) -> 0.16666667 | ... DF16: =IFERROR(COUNTIFS(DF$3:DF$14,"<>NS",DF$3:DF$14,"<>IP",DF$3:DF$14,"<>",DF$3:DF$14,"<>Failed",DF$3:DF$14,"<>F")/COUNTA($A$3:$A$14),0) -> 0.083333333
A17: Course Compliance Summary | B17: =COUNTIFS(B$3:B$14,"<>NS",B$3:B$14,"<>IP",B$3:B$14,"<>",B$3:B$14,"<>Failed",B$3:B$14,"<>F")&"/"&COUNTA($A$3:$A$14) -> 6/12 | C17: =COUNTIFS(C$3:C$14,"<>NS",C$3:C$14,"<>IP",C$3:C$14,"<>",C$3:C$14,"<>Failed",C$3:C$14,"<>F")&"/"&COUNTA($A$3:$A$14) -> 8/12 | D17: =COUNTIFS(D$3:D$14,"<>NS",D$3:D$14,"<>IP",D$3:D$14,"<>",D$3:D$14,"<>Failed",D$3:D$14,"<>F")&"/"&COUNTA($A$3:$A$14) -> 7/12 | E17: =COUNTIFS(E$3:E$14,"<>NS",E$3:E$14,"<>IP",E$3:E$14,"<>",E$3:E$14,"<>Failed",E$3:E$14,"<>F")&"/"&COUNTA($A$3:$A$14) -> 10/12 | F17: =COUNTIFS(F$3:F$14,"<>NS",F$3:F$14,"<>IP",F$3:F$14,"<>",F$3:F$14,"<>Failed",F$3:F$14,"<>F")&"/"&COUNTA($A$3:$A$14) -> 7/12 | G17: =COUNTIFS(G$3:G$14,"<>NS",G$3:G$14,"<>IP",G$3:G$14,"<>",G$3:G$14,"<>Failed",G$3:G$14,"<>F")&"/"&COUNTA($A$3:$A$14) -> 7/12 | H17: =COUNTIFS(H$3:H$14,"<>NS",H$3:H$14,"<>IP",H$3:H$14,"<>",H$3:H$14,"<>Failed",H$3:H$14,"<>F")&"/"&COUNTA($A$3:$A$14) -> 4/12 | I17: =COUNTIFS(I$3:I$14,"<>NS",I$3:I$14,"<>IP",I$3:I$14,"<>",I$3:I$14,"<>Failed",I$3:I$14,"<>F")&"/"&COUNTA($A$3:$A$14) -> 2/12 | ... DF17: =COUNTIFS(DF$3:DF$14,"<>NS",DF$3:DF$14,"<>IP",DF$3:DF$14,"<>",DF$3:DF$14,"<>Failed",DF$3:DF$14,"<>F")&"/"&COUNTA($A$3:$A$14) -> 1/12
A18: Course | B18: Completed | C18: Total Staff | D18: Completion % | E18: RAG
A19: Care Certificate | B19: {=SUMPRODUCT(--ISNUMBER(INDEX($B$3:$ZZ$14,0,ROWS($A$1:A1))))+COUNTIF(INDEX($B$3:$ZZ$14,0,ROWS($A$1:A1)),"??/??/????")} -> 6 | C19: 12 | D19: =IF(C19=0,"",B19/C19) -> 0.5 | E19: =IF(D19="","",IF(D19>=0.8,"GREEN",IF(D19>=0.7,"AMBER","RED"))) -> RED
A20: Food Hygiene | B20: {=SUMPRODUCT(--ISNUMBER(INDEX($B$3:$ZZ$14,0,ROWS($A$1:A2))))+COUNTIF(INDEX($B$3:$ZZ$14,0,ROWS($A$1:A2)),"??/??/????")} -> 8 | C20: 12 | D20: =IF(C20=0,"",B20/C20) -> 0.66666667 | E20: =IF(D20="","",IF(D20>=0.8,"GREEN",IF(D20>=0.7,"AMBER","RED"))) -> RED
A21: Falls Awareness | B21: {=SUMPRODUCT(--ISNUMBER(INDEX($B$3:$ZZ$14,0,ROWS($A$1:A3))))+COUNTIF(INDEX($B$3:$ZZ$14,0,ROWS($A$1:A3)),"??/??/????")} -> 7 | C21: 12 | D21: =IF(C21=0,"",B21/C21) -> 0.58333333 | E21: =IF(D21="","",IF(D21>=0.8,"GREEN",IF(D21>=0.7,"AMBER","RED"))) -> RED
A22: Basic Life Support | B22: {=SUMPRODUCT(--ISNUMBER(INDEX($B$3:$ZZ$14,0,ROWS($A$1:A4))))+COUNTIF(INDEX($B$3:$ZZ$14,0,ROWS($A$1:A4)),"??/??/????")} -> 10 | C22: 12 | D22: =IF(C22=0,"",B22/C22) -> 0.83333333 | E22: =IF(D22="","",IF(D22>=0.8,"GREEN",IF(D22>=0.7,"AMBER","RED"))) -> GREEN
A23: Equality, Diversity, Inclusion | B23: {=SUMPRODUCT(--ISNUMBER(INDEX($B$3:$ZZ$14,0,ROWS($A$1:A5))))+COUNTIF(INDEX($B$3:$ZZ$14,0,ROWS($A$1:A5)),"??/??/????")} -> 7 | C23: 12 | D23: =IF(C23=0,"",B23/C23) -> 0.58333333 | E23: =IF(D23="","",IF(D23>=0.8,"GREEN",IF(D23>=0.7,"AMBER","RED"))) -> RED
A24: PEG Feeding | B24: {=SUMPRODUCT(--ISNUMBER(INDEX($B$3:$ZZ$14,0,ROWS($A$1:A6))))+COUNTIF(INDEX($B$3:$ZZ$14,0,ROWS($A$1:A6)),"??/??/????")} -> 7 | C24: 12 | D24: =IF(C24=0,"",B24/C24) -> 0.58333333 | E24: =IF(D24="","",IF(D24>=0.8,"GREEN",IF(D24>=0.7,"AMBER","RED"))) -> RED
A25: Nutrition and Hydration | B25: {=SUMPRODUCT(--ISNUMBER(INDEX($B$3:$ZZ$14,0,ROWS($A$1:A7))))+COUNTIF(INDEX($B$3:$ZZ$14,0,ROWS($A$1:A7)),"??/??/????")} -> 4 | C25: 12 | D25: =IF(C25=0,"",B25/C25) -> 0.33333333 | E25: =IF(D25="","",IF(D25>=0.8,"GREEN",IF(D25>=0.7,"AMBER","RED"))) -> RED
A26: Duty of Care | B26: {=SUMPRODUCT(--ISNUMBER(INDEX($B$3:$ZZ$14,0,ROWS($A$1:A8))))+COUNTIF(INDEX($B$3:$ZZ$14,0,ROWS($A$1:A8)),"??/??/????")} -> 2 | C26: 12 | D26: =IF(C26=0,"",B26/C26) -> 0.16666667 | E26: =IF(D26="","",IF(D26>=0.8,"GREEN",IF(D26>=0.7,"AMBER","RED"))) -> RED
A27: Health and Safety | B27: {=SUMPRODUCT(--ISNUMBER(INDEX($B$3:$ZZ$14,0,ROWS($A$1:A9))))+COUNTIF(INDEX($B$3:$ZZ$14,0,ROWS($A$1:A9)),"??/??/????")} -> 10 | C27: 12 | D27: =IF(C27=0,"",B27/C27) -> 0.83333333 | E27: =IF(D27="","",IF(D27>=0.8,"GREEN",IF(D27>=0.7,"AMBER","RED"))) -> GREEN
A28: Communication and Record Keeping | B28: {=SUMPRODUCT(--ISNUMBER(INDEX($B$3:$ZZ$14,0,ROWS($A$1:A10))))+COUNTIF(INDEX($B$3:$ZZ$14,0,ROWS($A$1:A10)),"??/??/????")} -> 4 | C28: 12 | D28: =IF(C28=0,"",B28/C28) -> 0.33333333 | E28: =IF(D28="","",IF(D28>=0.8,"GREEN",IF(D28>=0.7,"AMBER","RED"))) -> RED
A29: Risk Assessment | B29: {=SUMPRODUCT(--ISNUMBER(INDEX($B$3:$ZZ$14,0,ROWS($A$1:A11))))+COUNTIF(INDEX($B$3:$ZZ$14,0,ROWS($A$1:A11)),"??/??/????")} -> 3 | C29: 12 | D29: =IF(C29=0,"",B29/C29) -> 0.25 | E29: =IF(D29="","",IF(D29>=0.8,"GREEN",IF(D29>=0.7,"AMBER","RED"))) -> RED
A30: Managing Continence | B30: {=SUMPRODUCT(--ISNUMBER(INDEX($B$3:$ZZ$14,0,ROWS($A$1:A12))))+COUNTIF(INDEX($B$3:$ZZ$14,0,ROWS($A$1:A12)),"??/??/????")} -> 4 | C30: 12 | D30: =IF(C30=0,"",B30/C30) -> 0.33333333 | E30: =IF(D30="","",IF(D30>=0.8,"GREEN",IF(D30>=0.7,"AMBER","RED"))) -> RED
... A127: Food Hygiene in Care | B127: {=SUMPRODUCT(--ISNUMBER(INDEX($B$3:$ZZ$14,0,ROWS($A$1:A109))))+COUNTIF(INDEX($B$3:$ZZ$14,0,ROWS($A$1:A109)),"??/??/????")} -> 1 | C127: 12 | D127: =IF(C127=0,"",B127/C127) -> 0.083333333 | E127: =IF(D127="","",IF(D127>=0.8,"GREEN",IF(D127>=0.7,"AMBER","RED"))) -> RED
A128: Introduction to Sepsis | B128: {=SUMPRODUCT(--ISNUMBER(INDEX($B$3:$ZZ$14,0,ROWS($A$1:A110))))+COUNTIF(INDEX($B$3:$ZZ$14,0,ROWS($A$1:A110)),"??/??/????")} -> 3 | C128: 12 | D128: 0.083333333 | E128: =IF(D128="","",IF(D128>=0.8,"GREEN",IF(D128>=0.7,"AMBER","RED"))) -> RED

Sheet Keys
A1: Key | B1: Description
A2: In Progress | B2: Training session that has been started but are not completed
A3: Completed | B3: Date of when the last training session was completed and is still current
A4: Failed | B4: Date of latest training session where the test attempt failed
A5: Expiring Soon | B5: Date of completed training session that will expire in the next 30 days
A6: Expired | B6: Date the training session expired
A7: Not Started | B7: Enrolled in a training session but has not started

Sheet Completed Results
A1: Staff Name | B1: Course | C1: Completion Date | D1: Previous Matrix Value | E1: Import Note
A2: Firos Latheef | B2: PEG Feeding | C2: 46201 | D2: NS
A3: Firos Latheef | B3: Person Centred Care | C3: 46200 | D3: NS
A4: Firos Latheef | B4: Care Planning | C4: 46193 | D4: 20/06/2026
A5: Firos Latheef | B5: Falls Awareness | C5: 46199 | D5: NS
A6: Firos Latheef | B6: Food Safety Level 3 | C6: 46195 | D6: 22/06/2026
A7: Firos Latheef | B7: Positive Behaviour Support | C7: 46194 | D7: 21/06/2026
A8: Firos Latheef | B8: Managing Continence | C8: 46195 | D8: 22/06/2026
A9: Firos Latheef | B9: Oral Care | C9: 46195 | D9: 22/06/2026
A10: Firos Latheef | B10: COSHH | C10: 46195 | D10: 22/06/2026
A11: Chelsee Booth | B11: PEG Feeding | C11: 46197 | D11: 24/06/2026
A12: Chelsee Booth | B12: The Oliver McGowan Mandatory Training | C12: 46201 | D12: NS
A13: Chelsee Booth | B13: Care Planning | C13: 46194 | D13: 21/06/2026
... A75: Paula Merry | B75: A Care Workers Role | C75: 46191 | D75: 18/06/2026
A76: Paula Merry | B76: Recording Information | C76: 46195 | D76: 46192
A77: Paula Merry | B77: Dementia Awareness | C77: 46194 | D77: 21/06/2026
A78: Paula Merry | B78: Behaviours that Challenge | C78: 46194 | D78: 21/06/2026
A79: Paula Merry | B79: DeChoker | C79: 46193 | D79: 20/06/2026
A80: Paula Merry | B80: Diabetes Awareness | C80: 46194 | D80: 21/06/2026
A81: Paula Merry | B81: Mental Capacity | C81: 46194 | D81: 21/06/2026
A82: Paula Merry | B82: Complaints Handling | C82: 46193 | D82: 20/06/2026
A83: Paula Merry | B83: Dignity in Care | C83: 46192 | D83: 19/06/2026
A84: Paula Merry | B84: Communication | C84: 46192 | D84: 19/06/2026
A85: Paula Merry | B85: Accessible Information | C85: 46192 | D85: 19/06/2026
A86: Joel Jose | B86: Care Planning | C86: 46199 | D86: NS
A87: Nathan Thomas | B87: PEG Feeding | C87: 46199 | D87: NS
A88: Nathan Thomas | B88: The Oliver McGowan Mandatory Training | C88: 46195 | D88: 22/06/2026
... A106: Nathan Thomas | B106: Managing Continence | C106: 46199 | D106: NS
A107: Nathan Thomas | B107: Food Safety Level 3 | C107: 46194 | D107: 46199
A108: Nathan Thomas | B108: Basic Life Support | C108: 46184 | D108: 11/06/2026
A109: Nathan Thomas | B109: Equality, Diversity, Inclusion | C109: 46194 | D109: 21/06/2026
A110: Nathan Thomas | B110: Nutrition and Hydration | C110: 46195 | D110: 22/06/2026
A111: Nathan Thomas | B111: End of Life Care | C111: 46196 | D111: 23/06/2026
A112: Nathan Thomas | B112: Dysphagia | C112: 46196 | D112: 23/06/2026
A113: Nathan Thomas | B113: Oral Care | C113: 46195 | D113: 22/06/2026
A114: Nathan Thomas | B114: Safeguarding and Protection of Adults | C114: 46195 | D114: 22/06/2026
A115: Nathan Thomas | B115: A Care Workers Role | C115: 46195 | D115: 22/06/2026
A116: Nathan Thomas | B116: Behaviours that Challenge | C116: 46195 | D116: 22/06/2026
A117: Niranjala Dissanayake | B117: PEG Feeding | C117: 46196 | D117: 23/06/2026
A118: Niranjala Dissanayake | B118: Care Planning | C118: 46193 | D118: 20/06/2026
A119: Niranjala Dissanayake | B119: Falls Awareness | C119: 46196 | D119: 23/06/2026
... A152: Sahil Sahil | B152: HACCP Awareness | C152: 46192 | D152: 19/06/2026

Sheet Renewal Rules
A1: Course | B1: Renewal Frequency (Months) | C1: Notes
A2: Care Certificate | B2: 36 | C2: Validity set to 36 months; next due date calculated automatically
A3: Food Hygiene | B3: 36 | C3: Validity set to 36 months; next due date calculated automatically
A4: Falls Awareness | B4: 12 | C4: Editable - used to support renewal/expiry review
A5: Basic Life Support | B5: 36 | C5: Validity set to 36 months; next due date calculated automatically
A6: Equality, Diversity, Inclusion | B6: 36 | C6: Validity set to 36 months; next due date calculated automatically
A7: PEG Feeding | B7: 12 | C7: Validity set to 12 months; next due date calculated automatically
A8: Nutrition and Hydration | B8: 36 | C8: Validity set to 36 months; next due date calculated automatically
A9: Duty of Care | B9: 36 | C9: Validity set to 36 months; next due date calculated automatically
A10: Health and Safety | B10: 12 | C10: Validity set to 12 months; next due date calculated automatically
A11: Communication and Record Keeping | B11: 36 | C11: Validity set to 36 months; next due date calculated automatically
A12: Risk Assessment | B12: 12 | C12: Validity set to 12 months; next due date calculated automatically
A13: Managing Continence | B13: 12 | C13: Validity set to 12 months; next due date calculated automatically
... A111: Sepsis | B111: 12 | C111: Validity set to 12 months; next due date calculated automatically

Sheet Training Due & RAG
A1: Training Due Date & RAG Tracker
A2: Staff Name | B2: Course | C2: Completed Date | D2: Validity (Months) | E2: Next Course Due | F2: Days Until Due | G2: RAG | H2: Status | I2: Evidence / Notes
A3: Niranjala Dissanayake | B3: Care Certificate | C3: =Matrix!B3 -> 46197 | D3: =IFERROR(VLOOKUP(B3,'Renewal Rules'!$A:$B,2,FALSE),"") -> 36 | E3: =IF(OR(C3="",C3="NS",C3="IP",C3="Failed"),"",IFERROR(EDATE(IF(ISNUMBER(C3),C3,IFERROR(DATEVALUE(C3),DATE(VALUE(RIGHT(C3,4)),VALUE(MID(C3,4,2)),VALUE(LEFT(C3,2))))),D3),"")) -> 47293 | F3: =IF(E3="","",E3-TODAY()) -> 1090 | G3: =IF(C3="NS","RED",IF(C3="IP","AMBER",IF(E3="","",IF(E3<TODAY(),"RED",IF(E3<=TODAY()+30,"AMBER","GREEN"))))) -> GREEN | H3: =IF(C3="NS","Not Started",IF(C3="IP","In Progress",IF(E3="","Check",IF(E3<TODAY(),"Expired",IF(E3<=TODAY()+30,"Expiring Soon","Current"))))) -> Current
A4: Niranjala Dissanayake | B4: Food Hygiene | C4: =Matrix!C3 -> NS | D4: =IFERROR(VLOOKUP(B4,'Renewal Rules'!$A:$B,2,FALSE),"") -> 36 | E4: =IF(OR(C4="",C4="NS",C4="IP",C4="Failed"),"",IFERROR(EDATE(IF(ISNUMBER(C4),C4,IFERROR(DATEVALUE(C4),DATE(VALUE(RIGHT(C4,4)),VALUE(MID(C4,4,2)),VALUE(LEFT(C4,2))))),D4),"")) | F4: =IF(E4="","",E4-TODAY()) | G4: =IF(C4="NS","RED",IF(C4="IP","AMBER",IF(E4="","",IF(E4<TODAY(),"RED",IF(E4<=TODAY()+30,"AMBER","GREEN"))))) -> RED | H4: =IF(C4="NS","Not Started",IF(C4="IP","In Progress",IF(E4="","Check",IF(E4<TODAY(),"Expired",IF(E4<=TODAY()+30,"Expiring Soon","Current"))))) -> Not Started
A5: Niranjala Dissanayake | B5: Falls Awareness | C5: =Matrix!D3 -> 46196 | D5: =IFERROR(VLOOKUP(B5,'Renewal Rules'!$A:$B,2,FALSE),"") -> 12 | E5: =IF(OR(C5="",C5="NS",C5="IP",C5="Failed"),"",IFERROR(EDATE(IF(ISNUMBER(C5),C5,IFERROR(DATEVALUE(C5),DATE(VALUE(RIGHT(C5,4)),VALUE(MID(C5,4,2)),VALUE(LEFT(C5,2))))),D5),"")) -> 46561 | F5: =IF(E5="","",E5-TODAY()) -> 358 | G5: =IF(C5="NS","RED",IF(C5="IP","AMBER",IF(E5="","",IF(E5<TODAY(),"RED",IF(E5<=TODAY()+30,"AMBER","GREEN"))))) -> GREEN | H5: =IF(C5="NS","Not Started",IF(C5="IP","In Progress",IF(E5="","Check",IF(E5<TODAY(),"Expired",IF(E5<=TODAY()+30,"Expiring Soon","Current"))))) -> Current
A6: Niranjala Dissanayake | B6: Basic Life Support | C6: =Matrix!E3 -> 46197 | D6: =IFERROR(VLOOKUP(B6,'Renewal Rules'!$A:$B,2,FALSE),"") -> 36 | E6: =IF(OR(C6="",C6="NS",C6="IP",C6="Failed"),"",IFERROR(EDATE(IF(ISNUMBER(C6),C6,IFERROR(DATEVALUE(C6),DATE(VALUE(RIGHT(C6,4)),VALUE(MID(C6,4,2)),VALUE(LEFT(C6,2))))),D6),"")) -> 47293 | F6: =IF(E6="","",E6-TODAY()) -> 1090 | G6: =IF(C6="NS","RED",IF(C6="IP","AMBER",IF(E6="","",IF(E6<TODAY(),"RED",IF(E6<=TODAY()+30,"AMBER","GREEN"))))) -> GREEN | H6: =IF(C6="NS","Not Started",IF(C6="IP","In Progress",IF(E6="","Check",IF(E6<TODAY(),"Expired",IF(E6<=TODAY()+30,"Expiring Soon","Current"))))) -> Current
A7: Niranjala Dissanayake | B7: Equality, Diversity, Inclusion | C7: =Matrix!F3 -> 46195 | D7: =IFERROR(VLOOKUP(B7,'Renewal Rules'!$A:$B,2,FALSE),"") -> 36 | E7: =IF(OR(C7="",C7="NS",C7="IP",C7="Failed"),"",IFERROR(EDATE(IF(ISNUMBER(C7),C7,IFERROR(DATEVALUE(C7),DATE(VALUE(RIGHT(C7,4)),VALUE(MID(C7,4,2)),VALUE(LEFT(C7,2))))),D7),"")) -> 47291 | F7: =IF(E7="","",E7-TODAY()) -> 1088 | G7: =IF(C7="NS","RED",IF(C7="IP","AMBER",IF(E7="","",IF(E7<TODAY(),"RED",IF(E7<=TODAY()+30,"AMBER","GREEN"))))) -> GREEN | H7: =IF(C7="NS","Not Started",IF(C7="IP","In Progress",IF(E7="","Check",IF(E7<TODAY(),"Expired",IF(E7<=TODAY()+30,"Expiring Soon","Current"))))) -> Current
A8: Niranjala Dissanayake | B8: PEG Feeding | C8: =Matrix!G3 -> 46196 | D8: =IFERROR(VLOOKUP(B8,'Renewal Rules'!$A:$B,2,FALSE),"") -> 12 | E8: =IF(OR(C8="",C8="NS",C8="IP",C8="Failed"),"",IFERROR(EDATE(IF(ISNUMBER(C8),C8,IFERROR(DATEVALUE(C8),DATE(VALUE(RIGHT(C8,4)),VALUE(MID(C8,4,2)),VALUE(LEFT(C8,2))))),D8),"")) -> 46561 | F8: =IF(E8="","",E8-TODAY()) -> 358 | G8: =IF(C8="NS","RED",IF(C8="IP","AMBER",IF(E8="","",IF(E8<TODAY(),"RED",IF(E8<=TODAY()+30,"AMBER","GREEN"))))) -> GREEN | H8: =IF(C8="NS","Not Started",IF(C8="IP","In Progress",IF(E8="","Check",IF(E8<TODAY(),"Expired",IF(E8<=TODAY()+30,"Expiring Soon","Current"))))) -> Current
A9: Niranjala Dissanayake | B9: Nutrition and Hydration | C9: =Matrix!H3 -> 46197 | D9: =IFERROR(VLOOKUP(B9,'Renewal Rules'!$A:$B,2,FALSE),"") -> 36 | E9: =IF(OR(C9="",C9="NS",C9="IP",C9="Failed"),"",IFERROR(EDATE(IF(ISNUMBER(C9),C9,IFERROR(DATEVALUE(C9),DATE(VALUE(RIGHT(C9,4)),VALUE(MID(C9,4,2)),VALUE(LEFT(C9,2))))),D9),"")) -> 47293 | F9: =IF(E9="","",E9-TODAY()) -> 1090 | G9: =IF(C9="NS","RED",IF(C9="IP","AMBER",IF(E9="","",IF(E9<TODAY(),"RED",IF(E9<=TODAY()+30,"AMBER","GREEN"))))) -> GREEN | H9: =IF(C9="NS","Not Started",IF(C9="IP","In Progress",IF(E9="","Check",IF(E9<TODAY(),"Expired",IF(E9<=TODAY()+30,"Expiring Soon","Current"))))) -> Current
A10: Niranjala Dissanayake | B10: Duty of Care | C10: =Matrix!I3 -> 46197 | D10: =IFERROR(VLOOKUP(B10,'Renewal Rules'!$A:$B,2,FALSE),"") -> 36 | E10: =IF(OR(C10="",C10="NS",C10="IP",C10="Failed"),"",IFERROR(EDATE(IF(ISNUMBER(C10),C10,IFERROR(DATEVALUE(C10),DATE(VALUE(RIGHT(C10,4)),VALUE(MID(C10,4,2)),VALUE(LEFT(C10,2))))),D10),"")) -> 47293 | F10: =IF(E10="","",E10-TODAY()) -> 1090 | G10: =IF(C10="NS","RED",IF(C10="IP","AMBER",IF(E10="","",IF(E10<TODAY(),"RED",IF(E10<=TODAY()+30,"AMBER","GREEN"))))) -> GREEN | H10: =IF(C10="NS","Not Started",IF(C10="IP","In Progress",IF(E10="","Check",IF(E10<TODAY(),"Expired",IF(E10<=TODAY()+30,"Expiring Soon","Current"))))) -> Current
A11: Niranjala Dissanayake | B11: Health and Safety | C11: =Matrix!J3 -> 46197 | D11: =IFERROR(VLOOKUP(B11,'Renewal Rules'!$A:$B,2,FALSE),"") -> 12 | E11: =IF(OR(C11="",C11="NS",C11="IP",C11="Failed"),"",IFERROR(EDATE(IF(ISNUMBER(C11),C11,IFERROR(DATEVALUE(C11),DATE(VALUE(RIGHT(C11,4)),VALUE(MID(C11,4,2)),VALUE(LEFT(C11,2))))),D11),"")) -> 46562 | F11: =IF(E11="","",E11-TODAY()) -> 359 | G11: =IF(C11="NS","RED",IF(C11="IP","AMBER",IF(E11="","",IF(E11<TODAY(),"RED",IF(E11<=TODAY()+30,"AMBER","GREEN"))))) -> GREEN | H11: =IF(C11="NS","Not Started",IF(C11="IP","In Progress",IF(E11="","Check",IF(E11<TODAY(),"Expired",IF(E11<=TODAY()+30,"Expiring Soon","Current"))))) -> Current
A12: Niranjala Dissanayake | B12: Communication and Record Keeping | C12: =Matrix!K3 -> 23/06/2026 | D12: =IFERROR(VLOOKUP(B12,'Renewal Rules'!$A:$B,2,FALSE),"") -> 36 | E12: =IF(OR(C12="",C12="NS",C12="IP",C12="Failed"),"",IFERROR(EDATE(IF(ISNUMBER(C12),C12,IFERROR(DATEVALUE(C12),DATE(VALUE(RIGHT(C12,4)),VALUE(MID(C12,4,2)),VALUE(LEFT(C12,2))))),D12),"")) -> 47292 | F12: =IF(E12="","",E12-TODAY()) -> 1089 | G12: =IF(C12="NS","RED",IF(C12="IP","AMBER",IF(E12="","",IF(E12<TODAY(),"RED",IF(E12<=TODAY()+30,"AMBER","GREEN"))))) -> GREEN | H12: =IF(C12="NS","Not Started",IF(C12="IP","In Progress",IF(E12="","Check",IF(E12<TODAY(),"Expired",IF(E12<=TODAY()+30,"Expiring Soon","Current"))))) -> Current
A13: Niranjala Dissanayake | B13: Risk Assessment | C13: =Matrix!L3 -> NS | D13: =IFERROR(VLOOKUP(B13,'Renewal Rules'!$A:$B,2,FALSE),"") -> 12 | E13: =IF(OR(C13="",C13="NS",C13="IP",C13="Failed"),"",IFERROR(EDATE(IF(ISNUMBER(C13),C13,IFERROR(DATEVALUE(C13),DATE(VALUE(RIGHT(C13,4)),VALUE(MID(C13,4,2)),VALUE(LEFT(C13,2))))),D13),"")) | F13: =IF(E13="","",E13-TODAY()) | G13: =IF(C13="NS","RED",IF(C13="IP","AMBER",IF(E13="","",IF(E13<TODAY(),"RED",IF(E13<=TODAY()+30,"AMBER","GREEN"))))) -> RED | H13: =IF(C13="NS","Not Started",IF(C13="IP","In Progress",IF(E13="","Check",IF(E13<TODAY(),"Expired",IF(E13<=TODAY()+30,"Expiring Soon","Current"))))) -> Not Started
A14: Niranjala Dissanayake | B14: Managing Continence | C14: =Matrix!M3 -> NS | D14: =IFERROR(VLOOKUP(B14,'Renewal Rules'!$A:$B,2,FALSE),"") -> 12 | E14: =IF(OR(C14="",C14="NS",C14="IP",C14="Failed"),"",IFERROR(EDATE(IF(ISNUMBER(C14),C14,IFERROR(DATEVALUE(C14),DATE(VALUE(RIGHT(C14,4)),VALUE(MID(C14,4,2)),VALUE(LEFT(C14,2))))),D14),"")) | F14: =IF(E14="","",E14-TODAY()) | G14: =IF(C14="NS","RED",IF(C14="IP","AMBER",IF(E14="","",IF(E14<TODAY(),"RED",IF(E14<=TODAY()+30,"AMBER","GREEN"))))) -> RED | H14: =IF(C14="NS","Not Started",IF(C14="IP","In Progress",IF(E14="","Check",IF(E14<TODAY(),"Expired",IF(E14<=TODAY()+30,"Expiring Soon","Current"))))) -> Not Started
A15: Niranjala Dissanayake | B15: Constipation Basic Awareness | C15: =Matrix!N3 -> NS | D15: =IFERROR(VLOOKUP(B15,'Renewal Rules'!$A:$B,2,FALSE),"") -> 12 | E15: =IF(OR(C15="",C15="NS",C15="IP",C15="Failed"),"",IFERROR(EDATE(IF(ISNUMBER(C15),C15,IFERROR(DATEVALUE(C15),DATE(VALUE(RIGHT(C15,4)),VALUE(MID(C15,4,2)),VALUE(LEFT(C15,2))))),D15),"")) | F15: =IF(E15="","",E15-TODAY()) | G15: =IF(C15="NS","RED",IF(C15="IP","AMBER",IF(E15="","",IF(E15<TODAY(),"RED",IF(E15<=TODAY()+30,"AMBER","GREEN"))))) -> RED | H15: =IF(C15="NS","Not Started",IF(C15="IP","In Progress",IF(E15="","Check",IF(E15<TODAY(),"Expired",IF(E15<=TODAY()+30,"Expiring Soon","Current"))))) -> Not Started
A16: Niranjala Dissanayake | B16: The Oliver McGowan Mandatory Training | C16: =Matrix!O3 -> NS | D16: =IFERROR(VLOOKUP(B16,'Renewal Rules'!$A:$B,2,FALSE),"") -> 36 | E16: =IF(OR(C16="",C16="NS",C16="IP",C16="Failed"),"",IFERROR(EDATE(IF(ISNUMBER(C16),C16,IFERROR(DATEVALUE(C16),DATE(VALUE(RIGHT(C16,4)),VALUE(MID(C16,4,2)),VALUE(LEFT(C16,2))))),D16),"")) | F16: =IF(E16="","",E16-TODAY()) | G16: =IF(C16="NS","RED",IF(C16="IP","AMBER",IF(E16="","",IF(E16<TODAY(),"RED",IF(E16<=TODAY()+30,"AMBER","GREEN"))))) -> RED | H16: =IF(C16="NS","Not Started",IF(C16="IP","In Progress",IF(E16="","Check",IF(E16<TODAY(),"Expired",IF(E16<=TODAY()+30,"Expiring Soon","Current"))))) -> Not Started
A17: Niranjala Dissanayake | B17: Anxiety | C17: =Matrix!P3 -> 46196 | D17: =IFERROR(VLOOKUP(B17,'Renewal Rules'!$A:$B,2,FALSE),"") -> 36 | E17: =IF(OR(C17="",C17="NS",C17="IP",C17="Failed"),"",IFERROR(EDATE(IF(ISNUMBER(C17),C17,IFERROR(DATEVALUE(C17),DATE(VALUE(RIGHT(C17,4)),VALUE(MID(C17,4,2)),VALUE(LEFT(C17,2))))),D17),"")) -> 47292 | F17: =IF(E17="","",E17-TODAY()) -> 1089 | G17: =IF(C17="NS","RED",IF(C17="IP","AMBER",IF(E17="","",IF(E17<TODAY(),"RED",IF(E17<=TODAY()+30,"AMBER","GREEN"))))) -> GREEN | H17: =IF(C17="NS","Not Started",IF(C17="IP","In Progress",IF(E17="","Check",IF(E17<TODAY(),"Expired",IF(E17<=TODAY()+30,"Expiring Soon","Current"))))) -> Current
A18: Niranjala Dissanayake | B18: End of Life Care | C18: =Matrix!Q3 -> 46194 | D18: =IFERROR(VLOOKUP(B18,'Renewal Rules'!$A:$B,2,FALSE),"") -> 36 | E18: =IF(OR(C18="",C18="NS",C18="IP",C18="Failed"),"",IFERROR(EDATE(IF(ISNUMBER(C18),C18,IFERROR(DATEVALUE(C18),DATE(VALUE(RIGHT(C18,4)),VALUE(MID(C18,4,2)),VALUE(LEFT(C18,2))))),D18),"")) -> 47290 | F18: =IF(E18="","",E18-TODAY()) -> 1087 | G18: =IF(C18="NS","RED",IF(C18="IP","AMBER",IF(E18="","",IF(E18<TODAY(),"RED",IF(E18<=TODAY()+30,"AMBER","GREEN"))))) -> GREEN | H18: =IF(C18="NS","Not Started",IF(C18="IP","In Progress",IF(E18="","Check",IF(E18<TODAY(),"Expired",IF(E18<=TODAY()+30,"Expiring Soon","Current"))))) -> Current
A19: Niranjala Dissanayake | B19: Dysphagia | C19: =Matrix!R3 -> 46194 | D19: =IFERROR(VLOOKUP(B19,'Renewal Rules'!$A:$B,2,FALSE),"") -> 12 | E19: =IF(OR(C19="",C19="NS",C19="IP",C19="Failed"),"",IFERROR(EDATE(IF(ISNUMBER(C19),C19,IFERROR(DATEVALUE(C19),DATE(VALUE(RIGHT(C19,4)),VALUE(MID(C19,4,2)),VALUE(LEFT(C19,2))))),D19),"")) -> 46559 | F19: =IF(E19="","",E19-TODAY()) -> 356 | G19: =IF(C19="NS","RED",IF(C19="IP","AMBER",IF(E19="","",IF(E19<TODAY(),"RED",IF(E19<=TODAY()+30,"AMBER","GREEN"))))) -> GREEN | H19: =IF(C19="NS","Not Started",IF(C19="IP","In Progress",IF(E19="","Check",IF(E19<TODAY(),"Expired",IF(E19<=TODAY()+30,"Expiring Soon","Current"))))) -> Current
A20: Niranjala Dissanayake | B20: Slips Trips and Falls Awareness | C20: =Matrix!S3 -> NS | D20: =IFERROR(VLOOKUP(B20,'Renewal Rules'!$A:$B,2,FALSE),"") -> 12 | E20: =IF(OR(C20="",C20="NS",C20="IP",C20="Failed"),"",IFERROR(EDATE(IF(ISNUMBER(C20),C20,IFERROR(DATEVALUE(C20),DATE(VALUE(RIGHT(C20,4)),VALUE(MID(C20,4,2)),VALUE(LEFT(C20,2))))),D20),"")) | F20: =IF(E20="","",E20-TODAY()) | G20: =IF(C20="NS","RED",IF(C20="IP","AMBER",IF(E20="","",IF(E20<TODAY(),"RED",IF(E20<=TODAY()+30,"AMBER","GREEN"))))) -> RED | H20: =IF(C20="NS","Not Started",IF(C20="IP","In Progress",IF(E20="","Check",IF(E20<TODAY(),"Expired",IF(E20<=TODAY()+30,"Expiring Soon","Current"))))) -> Not Started
A21: Niranjala Dissanayake | B21: Oral Care | C21: =Matrix!T3 -> 46193 | D21: =IFERROR(VLOOKUP(B21,'Renewal Rules'!$A:$B,2,FALSE),"") -> 12 | E21: =IF(OR(C21="",C21="NS",C21="IP",C21="Failed"),"",IFERROR(EDATE(IF(ISNUMBER(C21),C21,IFERROR(DATEVALUE(C21),DATE(VALUE(RIGHT(C21,4)),VALUE(MID(C21,4,2)),VALUE(LEFT(C21,2))))),D21),"")) -> 46558 | F21: =IF(E21="","",E21-TODAY()) -> 355 | G21: =IF(C21="NS","RED",IF(C21="IP","AMBER",IF(E21="","",IF(E21<TODAY(),"RED",IF(E21<=TODAY()+30,"AMBER","GREEN"))))) -> GREEN | H21: =IF(C21="NS","Not Started",IF(C21="IP","In Progress",IF(E21="","Check",IF(E21<TODAY(),"Expired",IF(E21<=TODAY()+30,"Expiring Soon","Current"))))) -> Current
A22: Niranjala Dissanayake | B22: Care Planning | C22: =Matrix!U3 -> 46193 | D22: =IFERROR(VLOOKUP(B22,'Renewal Rules'!$A:$B,2,FALSE),"") -> 36 | E22: =IF(OR(C22="",C22="NS",C22="IP",C22="Failed"),"",IFERROR(EDATE(IF(ISNUMBER(C22),C22,IFERROR(DATEVALUE(C22),DATE(VALUE(RIGHT(C22,4)),VALUE(MID(C22,4,2)),VALUE(LEFT(C22,2))))),D22),"")) -> 47289 | F22: =IF(E22="","",E22-TODAY()) -> 1086 | G22: =IF(C22="NS","RED",IF(C22="IP","AMBER",IF(E22="","",IF(E22<TODAY(),"RED",IF(E22<=TODAY()+30,"AMBER","GREEN"))))) -> GREEN | H22: =IF(C22="NS","Not Started",IF(C22="IP","In Progress",IF(E22="","Check",IF(E22<TODAY(),"Expired",IF(E22<=TODAY()+30,"Expiring Soon","Current"))))) -> Current
A23: Niranjala Dissanayake | B23: Positive Behaviour Support | C23: =Matrix!V3 -> 46196 | D23: =IFERROR(VLOOKUP(B23,'Renewal Rules'!$A:$B,2,FALSE),"") -> 12 | E23: =IF(OR(C23="",C23="NS",C23="IP",C23="Failed"),"",IFERROR(EDATE(IF(ISNUMBER(C23),C23,IFERROR(DATEVALUE(C23),DATE(VALUE(RIGHT(C23,4)),VALUE(MID(C23,4,2)),VALUE(LEFT(C23,2))))),D23),"")) -> 46561 | F23: =IF(E23="","",E23-TODAY()) -> 358 | G23: =IF(C23="NS","RED",IF(C23="IP","AMBER",IF(E23="","",IF(E23<TODAY(),"RED",IF(E23<=TODAY()+30,"AMBER","GREEN"))))) -> GREEN | H23: =IF(C23="NS","Not Started",IF(C23="IP","In Progress",IF(E23="","Check",IF(E23<TODAY(),"Expired",IF(E23<=TODAY()+30,"Expiring Soon","Current"))))) -> Current
A24: Niranjala Dissanayake | B24: Parkinson's | C24: =Matrix!W3 -> 46196 | D24: =IFERROR(VLOOKUP(B24,'Renewal Rules'!$A:$B,2,FALSE),"") -> 12 | E24: =IF(OR(C24="",C24="NS",C24="IP",C24="Failed"),"",IFERROR(EDATE(IF(ISNUMBER(C24),C24,IFERROR(DATEVALUE(C24),DATE(VALUE(RIGHT(C24,4)),VALUE(MID(C24,4,2)),VALUE(LEFT(C24,2))))),D24),"")) -> 46561 | F24: =IF(E24="","",E24-TODAY()) -> 358 | G24: =IF(C24="NS","RED",IF(C24="IP","AMBER",IF(E24="","",IF(E24<TODAY(),"RED",IF(E24<=TODAY()+30,"AMBER","GREEN"))))) -> GREEN | H24: =IF(C24="NS","Not Started",IF(C24="IP","In Progress",IF(E24="","Check",IF(E24<TODAY(),"Expired",IF(E24<=TODAY()+30,"Expiring Soon","Current"))))) -> Current
A25: Niranjala Dissanayake | B25: Duty of Candour | C25: =Matrix!X3 -> NS | D25: =IFERROR(VLOOKUP(B25,'Renewal Rules'!$A:$B,2,FALSE),"") -> 36 | E25: =IF(OR(C25="",C25="NS",C25="IP",C25="Failed"),"",IFERROR(EDATE(IF(ISNUMBER(C25),C25,IFERROR(DATEVALUE(C25),DATE(VALUE(RIGHT(C25,4)),VALUE(MID(C25,4,2)),VALUE(LEFT(C25,2))))),D25),"")) | F25: =IF(E25="","",E25-TODAY()) | G25: =IF(C25="NS","RED",IF(C25="IP","AMBER",IF(E25="","",IF(E25<TODAY(),"RED",IF(E25<=TODAY()+30,"AMBER","GREEN"))))) -> RED | H25: =IF(C25="NS","Not Started",IF(C25="IP","In Progress",IF(E25="","Check",IF(E25<TODAY(),"Expired",IF(E25<=TODAY()+30,"Expiring Soon","Current"))))) -> Not Started
A26: Niranjala Dissanayake | B26: Food Safety Level 3 | C26: =Matrix!Y3 -> NS | D26: =IFERROR(VLOOKUP(B26,'Renewal Rules'!$A:$B,2,FALSE),"") -> 36 | E26: =IF(OR(C26="",C26="NS",C26="IP",C26="Failed"),"",IFERROR(EDATE(IF(ISNUMBER(C26),C26,IFERROR(DATEVALUE(C26),DATE(VALUE(RIGHT(C26,4)),VALUE(MID(C26,4,2)),VALUE(LEFT(C26,2))))),D26),"")) | F26: =IF(E26="","",E26-TODAY()) | G26: =IF(C26="NS","RED",IF(C26="IP","AMBER",IF(E26="","",IF(E26<TODAY(),"RED",IF(E26<=TODAY()+30,"AMBER","GREEN"))))) -> RED | H26: =IF(C26="NS","Not Started",IF(C26="IP","In Progress",IF(E26="","Check",IF(E26<TODAY(),"Expired",IF(E26<=TODAY()+30,"Expiring Soon","Current"))))) -> Not Started
A27: Niranjala Dissanayake | B27: COSHH | C27: =Matrix!Z3 -> 46194 | D27: =IFERROR(VLOOKUP(B27,'Renewal Rules'!$A:$B,2,FALSE),"") -> 12 | E27: =IF(OR(C27="",C27="NS",C27="IP",C27="Failed"),"",IFERROR(EDATE(IF(ISNUMBER(C27),C27,IFERROR(DATEVALUE(C27),DATE(VALUE(RIGHT(C27,4)),VALUE(MID(C27,4,2)),VALUE(LEFT(C27,2))))),D27),"")) -> 46559 | F27: =IF(E27="","",E27-TODAY()) -> 356 | G27: =IF(C27="NS","RED",IF(C27="IP","AMBER",IF(E27="","",IF(E27<TODAY(),"RED",IF(E27<=TODAY()+30,"AMBER","GREEN"))))) -> GREEN | H27: =IF(C27="NS","Not Started",IF(C27="IP","In Progress",IF(E27="","Check",IF(E27<TODAY(),"Expired",IF(E27<=TODAY()+30,"Expiring Soon","Current"))))) -> Current
A28: Niranjala Dissanayake | B28: RIDDOR | C28: =Matrix!AA3 -> 46195 | D28: =IFERROR(VLOOKUP(B28,'Renewal Rules'!$A:$B,2,FALSE),"") -> 12 | E28: =IF(OR(C28="",C28="NS",C28="IP",C28="Failed"),"",IFERROR(EDATE(IF(ISNUMBER(C28),C28,IFERROR(DATEVALUE(C28),DATE(VALUE(RIGHT(C28,4)),VALUE(MID(C28,4,2)),VALUE(LEFT(C28,2))))),D28),"")) -> 46560 | F28: =IF(E28="","",E28-TODAY()) -> 357 | G28: =IF(C28="NS","RED",IF(C28="IP","AMBER",IF(E28="","",IF(E28<TODAY(),"RED",IF(E28<=TODAY()+30,"AMBER","GREEN"))))) -> GREEN | H28: =IF(C28="NS","Not Started",IF(C28="IP","In Progress",IF(E28="","Check",IF(E28<TODAY(),"Expired",IF(E28<=TODAY()+30,"Expiring Soon","Current"))))) -> Current
A29: Niranjala Dissanayake | B29: Safeguarding and Protection of Adults | C29: =Matrix!AB3 -> 13/04/2026 | D29: =IFERROR(VLOOKUP(B29,'Renewal Rules'!$A:$B,2,FALSE),"") -> 12 | E29: =IF(OR(C29="",C29="NS",C29="IP",C29="Failed"),"",IFERROR(EDATE(IF(ISNUMBER(C29),C29,IFERROR(DATEVALUE(C29),DATE(VALUE(RIGHT(C29,4)),VALUE(MID(C29,4,2)),VALUE(LEFT(C29,2))))),D29),"")) -> 46490 | F29: =IF(E29="","",E29-TODAY()) -> 287 | G29: =IF(C29="NS","RED",IF(C29="IP","AMBER",IF(E29="","",IF(E29<TODAY(),"RED",IF(E29<=TODAY()+30,"AMBER","GREEN"))))) -> GREEN | H29: =IF(C29="NS","Not Started",IF(C29="IP","In Progress",IF(E29="","Check",IF(E29<TODAY(),"Expired",IF(E29<=TODAY()+30,"Expiring Soon","Current"))))) -> Current
A30: Niranjala Dissanayake | B30: A Care Workers Role | C30: =Matrix!AC3 -> 46193 | D30: =IFERROR(VLOOKUP(B30,'Renewal Rules'!$A:$B,2,FALSE),"") -> 36 | E30: =IF(OR(C30="",C30="NS",C30="IP",C30="Failed"),"",IFERROR(EDATE(IF(ISNUMBER(C30),C30,IFERROR(DATEVALUE(C30),DATE(VALUE(RIGHT(C30,4)),VALUE(MID(C30,4,2)),VALUE(LEFT(C30,2))))),D30),"")) -> 47289 | F30: =IF(E30="","",E30-TODAY()) -> 1086 | G30: =IF(C30="NS","RED",IF(C30="IP","AMBER",IF(E30="","",IF(E30<TODAY(),"RED",IF(E30<=TODAY()+30,"AMBER","GREEN"))))) -> GREEN | H30: =IF(C30="NS","Not Started",IF(C30="IP","In Progress",IF(E30="","Check",IF(E30<TODAY(),"Expired",IF(E30<=TODAY()+30,"Expiring Soon","Current"))))) -> Current
A31: Niranjala Dissanayake | B31: Recording Information | C31: =Matrix!AD3 -> 46196 | D31: =IFERROR(VLOOKUP(B31,'Renewal Rules'!$A:$B,2,FALSE),"") -> 36 | E31: =IF(OR(C31="",C31="NS",C31="IP",C31="Failed"),"",IFERROR(EDATE(IF(ISNUMBER(C31),C31,IFERROR(DATEVALUE(C31),DATE(VALUE(RIGHT(C31,4)),VALUE(MID(C31,4,2)),VALUE(LEFT(C31,2))))),D31),"")) -> 47292 | F31: =IF(E31="","",E31-TODAY()) -> 1089 | G31: =IF(C31="NS","RED",IF(C31="IP","AMBER",IF(E31="","",IF(E31<TODAY(),"RED",IF(E31<=TODAY()+30,"AMBER","GREEN"))))) -> GREEN | H31: =IF(C31="NS","Not Started",IF(C31="IP","In Progress",IF(E31="","Check",IF(E31<TODAY(),"Expired",IF(E31<=TODAY()+30,"Expiring Soon","Current"))))) -> Current
A32: Niranjala Dissanayake | B32: Dementia Awareness | C32: =Matrix!AE3 -> 46194 | D32: =IFERROR(VLOOKUP(B32,'Renewal Rules'!$A:$B,2,FALSE),"") -> 36 | E32: =IF(OR(C32="",C32="NS",C32="IP",C32="Failed"),"",IFERROR(EDATE(IF(ISNUMBER(C32),C32,IFERROR(DATEVALUE(C32),DATE(VALUE(RIGHT(C32,4)),VALUE(MID(C32,4,2)),VALUE(LEFT(C32,2))))),D32),"")) -> 47290 | F32: =IF(E32="","",E32-TODAY()) -> 1087 | G32: =IF(C32="NS","RED",IF(C32="IP","AMBER",IF(E32="","",IF(E32<TODAY(),"RED",IF(E32<=TODAY()+30,"AMBER","GREEN"))))) -> GREEN | H32: =IF(C32="NS","Not Started",IF(C32="IP","In Progress",IF(E32="","Check",IF(E32<TODAY(),"Expired",IF(E32<=TODAY()+30,"Expiring Soon","Current"))))) -> Current
A33: Niranjala Dissanayake | B33: Personal Care | C33: =Matrix!AF3 -> 46195 | D33: =IFERROR(VLOOKUP(B33,'Renewal Rules'!$A:$B,2,FALSE),"") -> 36 | E33: =IF(OR(C33="",C33="NS",C33="IP",C33="Failed"),"",IFERROR(EDATE(IF(ISNUMBER(C33),C33,IFERROR(DATEVALUE(C33),DATE(VALUE(RIGHT(C33,4)),VALUE(MID(C33,4,2)),VALUE(LEFT(C33,2))))),D33),"")) -> 47291 | F33: =IF(E33="","",E33-TODAY()) -> 1088 | G33: =IF(C33="NS","RED",IF(C33="IP","AMBER",IF(E33="","",IF(E33<TODAY(),"RED",IF(E33<=TODAY()+30,"AMBER","GREEN"))))) -> GREEN | H33: =IF(C33="NS","Not Started",IF(C33="IP","In Progress",IF(E33="","Check",IF(E33<TODAY(),"Expired",IF(E33<=TODAY()+30,"Expiring Soon","Current"))))) -> Current
A34: Niranjala Dissanayake | B34: Behaviours that Challenge | C34: =Matrix!AG3 -> NS | D34: =IFERROR(VLOOKUP(B34,'Renewal Rules'!$A:$B,2,FALSE),"") -> 12 | E34: =IF(OR(C34="",C34="NS",C34="IP",C34="Failed"),"",IFERROR(EDATE(IF(ISNUMBER(C34),C34,IFERROR(DATEVALUE(C34),DATE(VALUE(RIGHT(C34,4)),VALUE(MID(C34,4,2)),VALUE(LEFT(C34,2))))),D34),"")) | F34: =IF(E34="","",E34-TODAY()) | G34: =IF(C34="NS","RED",IF(C34="IP","AMBER",IF(E34="","",IF(E34<TODAY(),"RED",IF(E34<=TODAY()+30,"AMBER","GREEN"))))) -> RED | H34: =IF(C34="NS","Not Started",IF(C34="IP","In Progress",IF(E34="","Check",IF(E34<TODAY(),"Expired",IF(E34<=TODAY()+30,"Expiring Soon","Current"))))) -> Not Started
A35: Niranjala Dissanayake | B35: Person Centred Care | C35: =Matrix!AH3 -> NS | D35: =IFERROR(VLOOKUP(B35,'Renewal Rules'!$A:$B,2,FALSE),"") -> 36 | E35: =IF(OR(C35="",C35="NS",C35="IP",C35="Failed"),"",IFERROR(EDATE(IF(ISNUMBER(C35),C35,IFERROR(DATEVALUE(C35),DATE(VALUE(RIGHT(C35,4)),VALUE(MID(C35,4,2)),VALUE(LEFT(C35,2))))),D35),"")) | F35: =IF(E35="","",E35-TODAY()) | G35: =IF(C35="NS","RED",IF(C35="IP","AMBER",IF(E35="","",IF(E35<TODAY(),"RED",IF(E35<=TODAY()+30,"AMBER","GREEN"))))) -> RED | H35: =IF(C35="NS","Not Started",IF(C35="IP","In Progress",IF(E35="","Check",IF(E35<TODAY(),"Expired",IF(E35<=TODAY()+30,"Expiring Soon","Current"))))) -> Not Started
A36: Niranjala Dissanayake | B36: Pressure Care and Moisture Lesion Awareness | C36: =Matrix!AI3 -> 22/06/2026 | D36: =IFERROR(VLOOKUP(B36,'Renewal Rules'!$A:$B,2,FALSE),"") -> 12 | E36: =IF(OR(C36="",C36="NS",C36="IP",C36="Failed"),"",IFERROR(EDATE(IF(ISNUMBER(C36),C36,IFERROR(DATEVALUE(C36),DATE(VALUE(RIGHT(C36,4)),VALUE(MID(C36,4,2)),VALUE(LEFT(C36,2))))),D36),"")) -> 46560 | F36: =IF(E36="","",E36-TODAY()) -> 357 | G36: =IF(C36="NS","RED",IF(C36="IP","AMBER",IF(E36="","",IF(E36<TODAY(),"RED",IF(E36<=TODAY()+30,"AMBER","GREEN"))))) -> GREEN | H36: =IF(C36="NS","Not Started",IF(C36="IP","In Progress",IF(E36="","Check",IF(E36<TODAY(),"Expired",IF(E36<=TODAY()+30,"Expiring Soon","Current"))))) -> Current
A37: Niranjala Dissanayake | B37: Stroke Awareness | C37: =Matrix!AJ3 -> NS | D37: =IFERROR(VLOOKUP(B37,'Renewal Rules'!$A:$B,2,FALSE),"") -> 12 | E37: =IF(OR(C37="",C37="NS",C37="IP",C37="Failed"),"",IFERROR(EDATE(IF(ISNUMBER(C37),C37,IFERROR(DATEVALUE(C37),DATE(VALUE(RIGHT(C37,4)),VALUE(MID(C37,4,2)),VALUE(LEFT(C37,2))))),D37),"")) | F37: =IF(E37="","",E37-TODAY()) | G37: =IF(C37="NS","RED",IF(C37="IP","AMBER",IF(E37="","",IF(E37<TODAY(),"RED",IF(E37<=TODAY()+30,"AMBER","GREEN"))))) -> RED | H37: =IF(C37="NS","Not Started",IF(C37="IP","In Progress",IF(E37="","Check",IF(E37<TODAY(),"Expired",IF(E37<=TODAY()+30,"Expiring Soon","Current"))))) -> Not Started
A38: Niranjala Dissanayake | B38: Infection Control | C38: =Matrix!AK3 -> 46195 | D38: =IFERROR(VLOOKUP(B38,'Renewal Rules'!$A:$B,2,FALSE),"") -> 12 | E38: =IF(OR(C38="",C38="NS",C38="IP",C38="Failed"),"",IFERROR(EDATE(IF(ISNUMBER(C38),C38,IFERROR(DATEVALUE(C38),DATE(VALUE(RIGHT(C38,4)),VALUE(MID(C38,4,2)),VALUE(LEFT(C38,2))))),D38),"")) -> 46560 | F38: =IF(E38="","",E38-TODAY()) -> 357 | G38: =IF(C38="NS","RED",IF(C38="IP","AMBER",IF(E38="","",IF(E38<TODAY(),"RED",IF(E38<=TODAY()+30,"AMBER","GREEN"))))) -> GREEN | H38: =IF(C38="NS","Not Started",IF(C38="IP","In Progress",IF(E38="","Check",IF(E38<TODAY(),"Expired",IF(E38<=TODAY()+30,"Expiring Soon","Current"))))) -> Current
A39: Niranjala Dissanayake | B39: Bereavement Awareness | C39: =Matrix!AL3 -> NS | D39: =IFERROR(VLOOKUP(B39,'Renewal Rules'!$A:$B,2,FALSE),"") -> 36 | E39: =IF(OR(C39="",C39="NS",C39="IP",C39="Failed"),"",IFERROR(EDATE(IF(ISNUMBER(C39),C39,IFERROR(DATEVALUE(C39),DATE(VALUE(RIGHT(C39,4)),VALUE(MID(C39,4,2)),VALUE(LEFT(C39,2))))),D39),"")) | F39: =IF(E39="","",E39-TODAY()) | G39: =IF(C39="NS","RED",IF(C39="IP","AMBER",IF(E39="","",IF(E39<TODAY(),"RED",IF(E39<=TODAY()+30,"AMBER","GREEN"))))) -> RED | H39: =IF(C39="NS","Not Started",IF(C39="IP","In Progress",IF(E39="","Check",IF(E39<TODAY(),"Expired",IF(E39<=TODAY()+30,"Expiring Soon","Current"))))) -> Not Started
A40: Niranjala Dissanayake | B40: DeChoker | C40: =Matrix!AM3 -> NS | D40: =IFERROR(VLOOKUP(B40,'Renewal Rules'!$A:$B,2,FALSE),"") -> 12 | E40: =IF(OR(C40="",C40="NS",C40="IP",C40="Failed"),"",IFERROR(EDATE(IF(ISNUMBER(C40),C40,IFERROR(DATEVALUE(C40),DATE(VALUE(RIGHT(C40,4)),VALUE(MID(C40,4,2)),VALUE(LEFT(C40,2))))),D40),"")) | F40: =IF(E40="","",E40-TODAY()) | G40: =IF(C40="NS","RED",IF(C40="IP","AMBER",IF(E40="","",IF(E40<TODAY(),"RED",IF(E40<=TODAY()+30,"AMBER","GREEN"))))) -> RED | H40: =IF(C40="NS","Not Started",IF(C40="IP","In Progress",IF(E40="","Check",IF(E40<TODAY(),"Expired",IF(E40<=TODAY()+30,"Expiring Soon","Current"))))) -> Not Started
A41: Niranjala Dissanayake | B41: Continence Promotion | C41: =Matrix!AN3 -> NS | D41: =IFERROR(VLOOKUP(B41,'Renewal Rules'!$A:$B,2,FALSE),"") -> 12 | E41: =IF(OR(C41="",C41="NS",C41="IP",C41="Failed"),"",IFERROR(EDATE(IF(ISNUMBER(C41),C41,IFERROR(DATEVALUE(C41),DATE(VALUE(RIGHT(C41,4)),VALUE(MID(C41,4,2)),VALUE(LEFT(C41,2))))),D41),"")) | F41: =IF(E41="","",E41-TODAY()) | G41: =IF(C41="NS","RED",IF(C41="IP","AMBER",IF(E41="","",IF(E41<TODAY(),"RED",IF(E41<=TODAY()+30,"AMBER","GREEN"))))) -> RED | H41: =IF(C41="NS","Not Started",IF(C41="IP","In Progress",IF(E41="","Check",IF(E41<TODAY(),"Expired",IF(E41<=TODAY()+30,"Expiring Soon","Current"))))) -> Not Started
A42: Niranjala Dissanayake | B42: Catheter Care | C42: =Matrix!AO3 -> NS | D42: =IFERROR(VLOOKUP(B42,'Renewal Rules'!$A:$B,2,FALSE),"") -> 12 | E42: =IF(OR(C42="",C42="NS",C42="IP",C42="Failed"),"",IFERROR(EDATE(IF(ISNUMBER(C42),C42,IFERROR(DATEVALUE(C42),DATE(VALUE(RIGHT(C42,4)),VALUE(MID(C42,4,2)),VALUE(LEFT(C42,2))))),D42),"")) | F42: =IF(E42="","",E42-TODAY()) | G42: =IF(C42="NS","RED",IF(C42="IP","AMBER",IF(E42="","",IF(E42<TODAY(),"RED",IF(E42<=TODAY()+30,"AMBER","GREEN"))))) -> RED | H42: =IF(C42="NS","Not Started",IF(C42="IP","In Progress",IF(E42="","Check",IF(E42<TODAY(),"Expired",IF(E42<=TODAY()+30,"Expiring Soon","Current"))))) -> Not Started
A43: Niranjala Dissanayake | B43: Diabetes Awareness | C43: =Matrix!AP3 -> 46194 | D43: =IFERROR(VLOOKUP(B43,'Renewal Rules'!$A:$B,2,FALSE),"") -> 12 | E43: =IF(OR(C43="",C43="NS",C43="IP",C43="Failed"),"",IFERROR(EDATE(IF(ISNUMBER(C43),C43,IFERROR(DATEVALUE(C43),DATE(VALUE(RIGHT(C43,4)),VALUE(MID(C43,4,2)),VALUE(LEFT(C43,2))))),D43),"")) -> 46559 | F43: =IF(E43="","",E43-TODAY()) -> 356 | G43: =IF(C43="NS","RED",IF(C43="IP","AMBER",IF(E43="","",IF(E43<TODAY(),"RED",IF(E43<=TODAY()+30,"AMBER","GREEN"))))) -> GREEN | H43: =IF(C43="NS","Not Started",IF(C43="IP","In Progress",IF(E43="","Check",IF(E43<TODAY(),"Expired",IF(E43<=TODAY()+30,"Expiring Soon","Current"))))) -> Current
A44: Niranjala Dissanayake | B44: Mental Capacity | C44: =Matrix!AQ3 -> NS | D44: =IFERROR(VLOOKUP(B44,'Renewal Rules'!$A:$B,2,FALSE),"") -> 36 | E44: =IF(OR(C44="",C44="NS",C44="IP",C44="Failed"),"",IFERROR(EDATE(IF(ISNUMBER(C44),C44,IFERROR(DATEVALUE(C44),DATE(VALUE(RIGHT(C44,4)),VALUE(MID(C44,4,2)),VALUE(LEFT(C44,2))))),D44),"")) | F44: =IF(E44="","",E44-TODAY()) | G44: =IF(C44="NS","RED",IF(C44="IP","AMBER",IF(E44="","",IF(E44<TODAY(),"RED",IF(E44<=TODAY()+30,"AMBER","GREEN"))))) -> RED | H44: =IF(C44="NS","Not Started",IF(C44="IP","In Progress",IF(E44="","Check",IF(E44<TODAY(),"Expired",IF(E44<=TODAY()+30,"Expiring Soon","Current"))))) -> Not Started
A45: Niranjala Dissanayake | B45: Hand Hygiene | C45: =Matrix!AR3 -> NS | D45: =IFERROR(VLOOKUP(B45,'Renewal Rules'!$A:$B,2,FALSE),"") -> 12 | E45: =IF(OR(C45="",C45="NS",C45="IP",C45="Failed"),"",IFERROR(EDATE(IF(ISNUMBER(C45),C45,IFERROR(DATEVALUE(C45),DATE(VALUE(RIGHT(C45,4)),VALUE(MID(C45,4,2)),VALUE(LEFT(C45,2))))),D45),"")) | F45: =IF(E45="","",E45-TODAY()) | G45: =IF(C45="NS","RED",IF(C45="IP","AMBER",IF(E45="","",IF(E45<TODAY(),"RED",IF(E45<=TODAY()+30,"AMBER","GREEN"))))) -> RED | H45: =IF(C45="NS","Not Started",IF(C45="IP","In Progress",IF(E45="","Check",IF(E45<TODAY(),"Expired",IF(E45<=TODAY()+30,"Expiring Soon","Current"))))) -> Not Started
A46: Niranjala Dissanayake | B46: The Use of PPE | C46: =Matrix!AS3 -> NS | D46: =IFERROR(VLOOKUP(B46,'Renewal Rules'!$A:$B,2,FALSE),"") -> 12 | E46: =IF(OR(C46="",C46="NS",C46="IP",C46="Failed"),"",IFERROR(EDATE(IF(ISNUMBER(C46),C46,IFERROR(DATEVALUE(C46),DATE(VALUE(RIGHT(C46,4)),VALUE(MID(C46,4,2)),VALUE(LEFT(C46,2))))),D46),"")) | F46: =IF(E46="","",E46-TODAY()) | G46: =IF(C46="NS","RED",IF(C46="IP","AMBER",IF(E46="","",IF(E46<TODAY(),"RED",IF(E46<=TODAY()+30,"AMBER","GREEN"))))) -> RED | H46: =IF(C46="NS","Not Started",IF(C46="IP","In Progress",IF(E46="","Check",IF(E46<TODAY(),"Expired",IF(E46<=TODAY()+30,"Expiring Soon","Current"))))) -> Not Started
A47: Niranjala Dissanayake | B47: Wellbeing in the Workplace | C47: =Matrix!AT3 -> NS | D47: =IFERROR(VLOOKUP(B47,'Renewal Rules'!$A:$B,2,FALSE),"") -> 36 | E47: =IF(OR(C47="",C47="NS",C47="IP",C47="Failed"),"",IFERROR(EDATE(IF(ISNUMBER(C47),C47,IFERROR(DATEVALUE(C47),DATE(VALUE(RIGHT(C47,4)),VALUE(MID(C47,4,2)),VALUE(LEFT(C47,2))))),D47),"")) | F47: =IF(E47="","",E47-TODAY()) | G47: =IF(C47="NS","RED",IF(C47="IP","AMBER",IF(E47="","",IF(E47<TODAY(),"RED",IF(E47<=TODAY()+30,"AMBER","GREEN"))))) -> RED | H47: =IF(C47="NS","Not Started",IF(C47="IP","In Progress",IF(E47="","Check",IF(E47<TODAY(),"Expired",IF(E47<=TODAY()+30,"Expiring Soon","Current"))))) -> Not Started
A48: Niranjala Dissanayake | B48: Dignity, Privacy and Respect | C48: =Matrix!AU3 -> NS | D48: =IFERROR(VLOOKUP(B48,'Renewal Rules'!$A:$B,2,FALSE),"") -> 36 | E48: =IF(OR(C48="",C48="NS",C48="IP",C48="Failed"),"",IFERROR(EDATE(IF(ISNUMBER(C48),C48,IFERROR(DATEVALUE(C48),DATE(VALUE(RIGHT(C48,4)),VALUE(MID(C48,4,2)),VALUE(LEFT(C48,2))))),D48),"")) | F48: =IF(E48="","",E48-TODAY()) | G48: =IF(C48="NS","RED",IF(C48="IP","AMBER",IF(E48="","",IF(E48<TODAY(),"RED",IF(E48<=TODAY()+30,"AMBER","GREEN"))))) -> RED | H48: =IF(C48="NS","Not Started",IF(C48="IP","In Progress",IF(E48="","Check",IF(E48<TODAY(),"Expired",IF(E48<=TODAY()+30,"Expiring Soon","Current"))))) -> Not Started
A49: Niranjala Dissanayake | B49: Bullying and Harassment Awareness | C49: =Matrix!AV3 -> NS | D49: =IFERROR(VLOOKUP(B49,'Renewal Rules'!$A:$B,2,FALSE),"") -> 36 | E49: =IF(OR(C49="",C49="NS",C49="IP",C49="Failed"),"",IFERROR(EDATE(IF(ISNUMBER(C49),C49,IFERROR(DATEVALUE(C49),DATE(VALUE(RIGHT(C49,4)),VALUE(MID(C49,4,2)),VALUE(LEFT(C49,2))))),D49),"")) | F49: =IF(E49="","",E49-TODAY()) | G49: =IF(C49="NS","RED",IF(C49="IP","AMBER",IF(E49="","",IF(E49<TODAY(),"RED",IF(E49<=TODAY()+30,"AMBER","GREEN"))))) -> RED | H49: =IF(C49="NS","Not Started",IF(C49="IP","In Progress",IF(E49="","Check",IF(E49<TODAY(),"Expired",IF(E49<=TODAY()+30,"Expiring Soon","Current"))))) -> Not Started
A50: Niranjala Dissanayake | B50: Complaints Handling | C50: =Matrix!AW3 -> NS | D50: =IFERROR(VLOOKUP(B50,'Renewal Rules'!$A:$B,2,FALSE),"") -> 36 | E50: =IF(OR(C50="",C50="NS",C50="IP",C50="Failed"),"",IFERROR(EDATE(IF(ISNUMBER(C50),C50,IFERROR(DATEVALUE(C50),DATE(VALUE(RIGHT(C50,4)),VALUE(MID(C50,4,2)),VALUE(LEFT(C50,2))))),D50),"")) | F50: =IF(E50="","",E50-TODAY()) | G50: =IF(C50="NS","RED",IF(C50="IP","AMBER",IF(E50="","",IF(E50<TODAY(),"RED",IF(E50<=TODAY()+30,"AMBER","GREEN"))))) -> RED | H50: =IF(C50="NS","Not Started",IF(C50="IP","In Progress",IF(E50="","Check",IF(E50<TODAY(),"Expired",IF(E50<=TODAY()+30,"Expiring Soon","Current"))))) -> Not Started
A51: Niranjala Dissanayake | B51: Dignity in Care | C51: =Matrix!AX3 -> NS | D51: =IFERROR(VLOOKUP(B51,'Renewal Rules'!$A:$B,2,FALSE),"") -> 36 | E51: =IF(OR(C51="",C51="NS",C51="IP",C51="Failed"),"",IFERROR(EDATE(IF(ISNUMBER(C51),C51,IFERROR(DATEVALUE(C51),DATE(VALUE(RIGHT(C51,4)),VALUE(MID(C51,4,2)),VALUE(LEFT(C51,2))))),D51),"")) | F51: =IF(E51="","",E51-TODAY()) | G51: =IF(C51="NS","RED",IF(C51="IP","AMBER",IF(E51="","",IF(E51<TODAY(),"RED",IF(E51<=TODAY()+30,"AMBER","GREEN"))))) -> RED | H51: =IF(C51="NS","Not Started",IF(C51="IP","In Progress",IF(E51="","Check",IF(E51<TODAY(),"Expired",IF(E51<=TODAY()+30,"Expiring Soon","Current"))))) -> Not Started
A52: Niranjala Dissanayake | B52: Verification of Death | C52: =Matrix!AY3 -> NS | D52: =IFERROR(VLOOKUP(B52,'Renewal Rules'!$A:$B,2,FALSE),"") -> 36 | E52: =IF(OR(C52="",C52="NS",C52="IP",C52="Failed"),"",IFERROR(EDATE(IF(ISNUMBER(C52),C52,IFERROR(DATEVALUE(C52),DATE(VALUE(RIGHT(C52,4)),VALUE(MID(C52,4,2)),VALUE(LEFT(C52,2))))),D52),"")) | F52: =IF(E52="","",E52-TODAY()) | G52: =IF(C52="NS","RED",IF(C52="IP","AMBER",IF(E52="","",IF(E52<TODAY(),"RED",IF(E52<=TODAY()+30,"AMBER","GREEN"))))) -> RED | H52: =IF(C52="NS","Not Started",IF(C52="IP","In Progress",IF(E52="","Check",IF(E52<TODAY(),"Expired",IF(E52<=TODAY()+30,"Expiring Soon","Current"))))) -> Not Started
A53: Niranjala Dissanayake | B53: Whistleblowing | C53: =Matrix!AZ3 -> NS | D53: =IFERROR(VLOOKUP(B53,'Renewal Rules'!$A:$B,2,FALSE),"") -> 36 | E53: =IF(OR(C53="",C53="NS",C53="IP",C53="Failed"),"",IFERROR(EDATE(IF(ISNUMBER(C53),C53,IFERROR(DATEVALUE(C53),DATE(VALUE(RIGHT(C53,4)),VALUE(MID(C53,4,2)),VALUE(LEFT(C53,2))))),D53),"")) | F53: =IF(E53="","",E53-TODAY()) | G53: =IF(C53="NS","RED",IF(C53="IP","AMBER",IF(E53="","",IF(E53<TODAY(),"RED",IF(E53<=TODAY()+30,"AMBER","GREEN"))))) -> RED | H53: =IF(C53="NS","Not Started",IF(C53="IP","In Progress",IF(E53="","Check",IF(E53<TODAY(),"Expired",IF(E53<=TODAY()+30,"Expiring Soon","Current"))))) -> Not Started
A54: Niranjala Dissanayake | B54: HACCP Awareness | C54: =Matrix!BA3 -> NS | D54: =IFERROR(VLOOKUP(B54,'Renewal Rules'!$A:$B,2,FALSE),"") -> 36 | E54: =IF(OR(C54="",C54="NS",C54="IP",C54="Failed"),"",IFERROR(EDATE(IF(ISNUMBER(C54),C54,IFERROR(DATEVALUE(C54),DATE(VALUE(RIGHT(C54,4)),VALUE(MID(C54,4,2)),VALUE(LEFT(C54,2))))),D54),"")) | F54: =IF(E54="","",E54-TODAY()) | G54: =IF(C54="NS","RED",IF(C54="IP","AMBER",IF(E54="","",IF(E54<TODAY(),"RED",IF(E54<=TODAY()+30,"AMBER","GREEN"))))) -> RED | H54: =IF(C54="NS","Not Started",IF(C54="IP","In Progress",IF(E54="","Check",IF(E54<TODAY(),"Expired",IF(E54<=TODAY()+30,"Expiring Soon","Current"))))) -> Not Started
A55: Niranjala Dissanayake | B55: Communication | C55: =Matrix!BB3 -> NS | D55: =IFERROR(VLOOKUP(B55,'Renewal Rules'!$A:$B,2,FALSE),"") -> 12 | E55: =IF(OR(C55="",C55="NS",C55="IP",C55="Failed"),"",IFERROR(EDATE(IF(ISNUMBER(C55),C55,IFERROR(DATEVALUE(C55),DATE(VALUE(RIGHT(C55,4)),VALUE(MID(C55,4,2)),VALUE(LEFT(C55,2))))),D55),"")) | F55: =IF(E55="","",E55-TODAY()) | G55: =IF(C55="NS","RED",IF(C55="IP","AMBER",IF(E55="","",IF(E55<TODAY(),"RED",IF(E55<=TODAY()+30,"AMBER","GREEN"))))) -> RED | H55: =IF(C55="NS","Not Started",IF(C55="IP","In Progress",IF(E55="","Check",IF(E55<TODAY(),"Expired",IF(E55<=TODAY()+30,"Expiring Soon","Current"))))) -> Not Started
A56: Niranjala Dissanayake | B56: Basic Observations | C56: =Matrix!BC3 -> NS | D56: =IFERROR(VLOOKUP(B56,'Renewal Rules'!$A:$B,2,FALSE),"") -> 12 | E56: =IF(OR(C56="",C56="NS",C56="IP",C56="Failed"),"",IFERROR(EDATE(IF(ISNUMBER(C56),C56,IFERROR(DATEVALUE(C56),DATE(VALUE(RIGHT(C56,4)),VALUE(MID(C56,4,2)),VALUE(LEFT(C56,2))))),D56),"")) | F56: =IF(E56="","",E56-TODAY()) | G56: =IF(C56="NS","RED",IF(C56="IP","AMBER",IF(E56="","",IF(E56<TODAY(),"RED",IF(E56<=TODAY()+30,"AMBER","GREEN"))))) -> RED | H56: =IF(C56="NS","Not Started",IF(C56="IP","In Progress",IF(E56="","Check",IF(E56<TODAY(),"Expired",IF(E56<=TODAY()+30,"Expiring Soon","Current"))))) -> Not Started
A57: Niranjala Dissanayake | B57: Accessible Information | C57: =Matrix!BD3 -> NS | D57: =IFERROR(VLOOKUP(B57,'Renewal Rules'!$A:$B,2,FALSE),"") -> 36 | E57: =IF(OR(C57="",C57="NS",C57="IP",C57="Failed"),"",IFERROR(EDATE(IF(ISNUMBER(C57),C57,IFERROR(DATEVALUE(C57),DATE(VALUE(RIGHT(C57,4)),VALUE(MID(C57,4,2)),VALUE(LEFT(C57,2))))),D57),"")) | F57: =IF(E57="","",E57-TODAY()) | G57: =IF(C57="NS","RED",IF(C57="IP","AMBER",IF(E57="","",IF(E57<TODAY(),"RED",IF(E57<=TODAY()+30,"AMBER","GREEN"))))) -> RED | H57: =IF(C57="NS","Not Started",IF(C57="IP","In Progress",IF(E57="","Check",IF(E57<TODAY(),"Expired",IF(E57<=TODAY()+30,"Expiring Soon","Current"))))) -> Not Started
A58: Niranjala Dissanayake | B58: Bed Rails and Risk Management Awareness | C58: =Matrix!BE3 -> NS | D58: =IFERROR(VLOOKUP(B58,'Renewal Rules'!$A:$B,2,FALSE),"") -> 12 | E58: =IF(OR(C58="",C58="NS",C58="IP",C58="Failed"),"",IFERROR(EDATE(IF(ISNUMBER(C58),C58,IFERROR(DATEVALUE(C58),DATE(VALUE(RIGHT(C58,4)),VALUE(MID(C58,4,2)),VALUE(LEFT(C58,2))))),D58),"")) | F58: =IF(E58="","",E58-TODAY()) | G58: =IF(C58="NS","RED",IF(C58="IP","AMBER",IF(E58="","",IF(E58<TODAY(),"RED",IF(E58<=TODAY()+30,"AMBER","GREEN"))))) -> RED | H58: =IF(C58="NS","Not Started",IF(C58="IP","In Progress",IF(E58="","Check",IF(E58<TODAY(),"Expired",IF(E58<=TODAY()+30,"Expiring Soon","Current"))))) -> Not Started
A59: Niranjala Dissanayake | B59: Moving and Handling | C59: =Matrix!BF3 -> 13/04/2026 | D59: =IFERROR(VLOOKUP(B59,'Renewal Rules'!$A:$B,2,FALSE),"") -> 12 | E59: =IF(OR(C59="",C59="NS",C59="IP",C59="Failed"),"",IFERROR(EDATE(IF(ISNUMBER(C59),C59,IFERROR(DATEVALUE(C59),DATE(VALUE(RIGHT(C59,4)),VALUE(MID(C59,4,2)),VALUE(LEFT(C59,2))))),D59),"")) -> 46490 | F59: =IF(E59="","",E59-TODAY()) -> 287 | G59: =IF(C59="NS","RED",IF(C59="IP","AMBER",IF(E59="","",IF(E59<TODAY(),"RED",IF(E59<=TODAY()+30,"AMBER","GREEN"))))) -> GREEN | H59: =IF(C59="NS","Not Started",IF(C59="IP","In Progress",IF(E59="","Check",IF(E59<TODAY(),"Expired",IF(E59<=TODAY()+30,"Expiring Soon","Current"))))) -> Current
A60: Niranjala Dissanayake | B60: Fire Safety | C60: =Matrix!BG3 -> NS | D60: =IFERROR(VLOOKUP(B60,'Renewal Rules'!$A:$B,2,FALSE),"") -> 12 | E60: =IF(OR(C60="",C60="NS",C60="IP",C60="Failed"),"",IFERROR(EDATE(IF(ISNUMBER(C60),C60,IFERROR(DATEVALUE(C60),DATE(VALUE(RIGHT(C60,4)),VALUE(MID(C60,4,2)),VALUE(LEFT(C60,2))))),D60),"")) | F60: =IF(E60="","",E60-TODAY()) | G60: =IF(C60="NS","RED",IF(C60="IP","AMBER",IF(E60="","",IF(E60<TODAY(),"RED",IF(E60<=TODAY()+30,"AMBER","GREEN"))))) -> RED | H60: =IF(C60="NS","Not Started",IF(C60="IP","In Progress",IF(E60="","Check",IF(E60<TODAY(),"Expired",IF(E60<=TODAY()+30,"Expiring Soon","Current"))))) -> Not Started
A61: Niranjala Dissanayake | B61: Fire Safety Lite | C61: =Matrix!BH3 -> NS | D61: =IFERROR(VLOOKUP(B61,'Renewal Rules'!$A:$B,2,FALSE),"") -> 12 | E61: =IF(OR(C61="",C61="NS",C61="IP",C61="Failed"),"",IFERROR(EDATE(IF(ISNUMBER(C61),C61,IFERROR(DATEVALUE(C61),DATE(VALUE(RIGHT(C61,4)),VALUE(MID(C61,4,2)),VALUE(LEFT(C61,2))))),D61),"")) | F61: =IF(E61="","",E61-TODAY()) | G61: =IF(C61="NS","RED",IF(C61="IP","AMBER",IF(E61="","",IF(E61<TODAY(),"RED",IF(E61<=TODAY()+30,"AMBER","GREEN"))))) -> RED | H61: =IF(C61="NS","Not Started",IF(C61="IP","In Progress",IF(E61="","Check",IF(E61<TODAY(),"Expired",IF(E61<=TODAY()+30,"Expiring Soon","Current"))))) -> Not Started
A62: Niranjala Dissanayake | B62: First Aid | C62: =Matrix!BI3 -> NS | D62: =IFERROR(VLOOKUP(B62,'Renewal Rules'!$A:$B,2,FALSE),"") -> 36 | E62: =IF(OR(C62="",C62="NS",C62="IP",C62="Failed"),"",IFERROR(EDATE(IF(ISNUMBER(C62),C62,IFERROR(DATEVALUE(C62),DATE(VALUE(RIGHT(C62,4)),VALUE(MID(C62,4,2)),VALUE(LEFT(C62,2))))),D62),"")) | F62: =IF(E62="","",E62-TODAY()) | G62: =IF(C62="NS","RED",IF(C62="IP","AMBER",IF(E62="","",IF(E62<TODAY(),"RED",IF(E62<=TODAY()+30,"AMBER","GREEN"))))) -> RED | H62: =IF(C62="NS","Not Started",IF(C62="IP","In Progress",IF(E62="","Check",IF(E62<TODAY(),"Expired",IF(E62<=TODAY()+30,"Expiring Soon","Current"))))) -> Not Started
A63: Niranjala Dissanayake | B63: Moving and Handling Lite | C63: =Matrix!BJ3 -> NS | D63: =IFERROR(VLOOKUP(B63,'Renewal Rules'!$A:$B,2,FALSE),"") -> 12 | E63: =IF(OR(C63="",C63="NS",C63="IP",C63="Failed"),"",IFERROR(EDATE(IF(ISNUMBER(C63),C63,IFERROR(DATEVALUE(C63),DATE(VALUE(RIGHT(C63,4)),VALUE(MID(C63,4,2)),VALUE(LEFT(C63,2))))),D63),"")) | F63: =IF(E63="","",E63-TODAY()) | G63: =IF(C63="NS","RED",IF(C63="IP","AMBER",IF(E63="","",IF(E63<TODAY(),"RED",IF(E63<=TODAY()+30,"AMBER","GREEN"))))) -> RED | H63: =IF(C63="NS","Not Started",IF(C63="IP","In Progress",IF(E63="","Check",IF(E63<TODAY(),"Expired",IF(E63<=TODAY()+30,"Expiring Soon","Current"))))) -> Not Started
A64: Niranjala Dissanayake | B64: Pressure Area Care | C64: =Matrix!BK3 -> 46195 | D64: =IFERROR(VLOOKUP(B64,'Renewal Rules'!$A:$B,2,FALSE),"") -> 12 | E64: =IF(OR(C64="",C64="NS",C64="IP",C64="Failed"),"",IFERROR(EDATE(IF(ISNUMBER(C64),C64,IFERROR(DATEVALUE(C64),DATE(VALUE(RIGHT(C64,4)),VALUE(MID(C64,4,2)),VALUE(LEFT(C64,2))))),D64),"")) -> 46560 | F64: =IF(E64="","",E64-TODAY()) -> 357 | G64: =IF(C64="NS","RED",IF(C64="IP","AMBER",IF(E64="","",IF(E64<TODAY(),"RED",IF(E64<=TODAY()+30,"AMBER","GREEN"))))) -> GREEN | H64: =IF(C64="NS","Not Started",IF(C64="IP","In Progress",IF(E64="","Check",IF(E64<TODAY(),"Expired",IF(E64<=TODAY()+30,"Expiring Soon","Current"))))) -> Current
A65: Niranjala Dissanayake | B65: Professional Boundaries | C65: =Matrix!BL3 -> NS | D65: =IFERROR(VLOOKUP(B65,'Renewal Rules'!$A:$B,2,FALSE),"") -> 36 | E65: =IF(OR(C65="",C65="NS",C65="IP",C65="Failed"),"",IFERROR(EDATE(IF(ISNUMBER(C65),C65,IFERROR(DATEVALUE(C65),DATE(VALUE(RIGHT(C65,4)),VALUE(MID(C65,4,2)),VALUE(LEFT(C65,2))))),D65),"")) | F65: =IF(E65="","",E65-TODAY()) | G65: =IF(C65="NS","RED",IF(C65="IP","AMBER",IF(E65="","",IF(E65<TODAY(),"RED",IF(E65<=TODAY()+30,"AMBER","GREEN"))))) -> RED | H65: =IF(C65="NS","Not Started",IF(C65="IP","In Progress",IF(E65="","Check",IF(E65<TODAY(),"Expired",IF(E65<=TODAY()+30,"Expiring Soon","Current"))))) -> Not Started
A66: Niranjala Dissanayake | B66: Buccal Midazolam | C66: =Matrix!BM3 -> NS | D66: =IFERROR(VLOOKUP(B66,'Renewal Rules'!$A:$B,2,FALSE),"") -> 12 | E66: =IF(OR(C66="",C66="NS",C66="IP",C66="Failed"),"",IFERROR(EDATE(IF(ISNUMBER(C66),C66,IFERROR(DATEVALUE(C66),DATE(VALUE(RIGHT(C66,4)),VALUE(MID(C66,4,2)),VALUE(LEFT(C66,2))))),D66),"")) | F66: =IF(E66="","",E66-TODAY()) | G66: =IF(C66="NS","RED",IF(C66="IP","AMBER",IF(E66="","",IF(E66<TODAY(),"RED",IF(E66<=TODAY()+30,"AMBER","GREEN"))))) -> RED | H66: =IF(C66="NS","Not Started",IF(C66="IP","In Progress",IF(E66="","Check",IF(E66<TODAY(),"Expired",IF(E66<=TODAY()+30,"Expiring Soon","Current"))))) -> Not Started
A67: Niranjala Dissanayake | B67: GDPR 1 | C67: =Matrix!BN3 -> NS | D67: =IFERROR(VLOOKUP(B67,'Renewal Rules'!$A:$B,2,FALSE),"") -> 36 | E67: =IF(OR(C67="",C67="NS",C67="IP",C67="Failed"),"",IFERROR(EDATE(IF(ISNUMBER(C67),C67,IFERROR(DATEVALUE(C67),DATE(VALUE(RIGHT(C67,4)),VALUE(MID(C67,4,2)),VALUE(LEFT(C67,2))))),D67),"")) | F67: =IF(E67="","",E67-TODAY()) | G67: =IF(C67="NS","RED",IF(C67="IP","AMBER",IF(E67="","",IF(E67<TODAY(),"RED",IF(E67<=TODAY()+30,"AMBER","GREEN"))))) -> RED | H67: =IF(C67="NS","Not Started",IF(C67="IP","In Progress",IF(E67="","Check",IF(E67<TODAY(),"Expired",IF(E67<=TODAY()+30,"Expiring Soon","Current"))))) -> Not Started
A68: Niranjala Dissanayake | B68: GDPR 2 | C68: =Matrix!BO3 -> NS | D68: =IFERROR(VLOOKUP(B68,'Renewal Rules'!$A:$B,2,FALSE),"") -> 36 | E68: =IF(OR(C68="",C68="NS",C68="IP",C68="Failed"),"",IFERROR(EDATE(IF(ISNUMBER(C68),C68,IFERROR(DATEVALUE(C68),DATE(VALUE(RIGHT(C68,4)),VALUE(MID(C68,4,2)),VALUE(LEFT(C68,2))))),D68),"")) | F68: =IF(E68="","",E68-TODAY()) | G68: =IF(C68="NS","RED",IF(C68="IP","AMBER",IF(E68="","",IF(E68<TODAY(),"RED",IF(E68<=TODAY()+30,"AMBER","GREEN"))))) -> RED | H68: =IF(C68="NS","Not Started",IF(C68="IP","In Progress",IF(E68="","Check",IF(E68<TODAY(),"Expired",IF(E68<=TODAY()+30,"Expiring Soon","Current"))))) -> Not Started
A69: Niranjala Dissanayake | B69: Induction to Dementia | C69: =Matrix!BP3 -> NS | D69: =IFERROR(VLOOKUP(B69,'Renewal Rules'!$A:$B,2,FALSE),"") -> 36 | E69: =IF(OR(C69="",C69="NS",C69="IP",C69="Failed"),"",IFERROR(EDATE(IF(ISNUMBER(C69),C69,IFERROR(DATEVALUE(C69),DATE(VALUE(RIGHT(C69,4)),VALUE(MID(C69,4,2)),VALUE(LEFT(C69,2))))),D69),"")) | F69: =IF(E69="","",E69-TODAY()) | G69: =IF(C69="NS","RED",IF(C69="IP","AMBER",IF(E69="","",IF(E69<TODAY(),"RED",IF(E69<=TODAY()+30,"AMBER","GREEN"))))) -> RED | H69: =IF(C69="NS","Not Started",IF(C69="IP","In Progress",IF(E69="","Check",IF(E69<TODAY(),"Expired",IF(E69<=TODAY()+30,"Expiring Soon","Current"))))) -> Not Started
A70: Niranjala Dissanayake | B70: Induction to End of Life Care | C70: =Matrix!BQ3 -> NS | D70: =IFERROR(VLOOKUP(B70,'Renewal Rules'!$A:$B,2,FALSE),"") -> 36 | E70: =IF(OR(C70="",C70="NS",C70="IP",C70="Failed"),"",IFERROR(EDATE(IF(ISNUMBER(C70),C70,IFERROR(DATEVALUE(C70),DATE(VALUE(RIGHT(C70,4)),VALUE(MID(C70,4,2)),VALUE(LEFT(C70,2))))),D70),"")) | F70: =IF(E70="","",E70-TODAY()) | G70: =IF(C70="NS","RED",IF(C70="IP","AMBER",IF(E70="","",IF(E70<TODAY(),"RED",IF(E70<=TODAY()+30,"AMBER","GREEN"))))) -> RED | H70: =IF(C70="NS","Not Started",IF(C70="IP","In Progress",IF(E70="","Check",IF(E70<TODAY(),"Expired",IF(E70<=TODAY()+30,"Expiring Soon","Current"))))) -> Not Started
A71: Niranjala Dissanayake | B71: Induction to Mental Health | C71: =Matrix!BR3 -> NS | D71: =IFERROR(VLOOKUP(B71,'Renewal Rules'!$A:$B,2,FALSE),"") -> 36 | E71: =IF(OR(C71="",C71="NS",C71="IP",C71="Failed"),"",IFERROR(EDATE(IF(ISNUMBER(C71),C71,IFERROR(DATEVALUE(C71),DATE(VALUE(RIGHT(C71,4)),VALUE(MID(C71,4,2)),VALUE(LEFT(C71,2))))),D71),"")) | F71: =IF(E71="","",E71-TODAY()) | G71: =IF(C71="NS","RED",IF(C71="IP","AMBER",IF(E71="","",IF(E71<TODAY(),"RED",IF(E71<=TODAY()+30,"AMBER","GREEN"))))) -> RED | H71: =IF(C71="NS","Not Started",IF(C71="IP","In Progress",IF(E71="","Check",IF(E71<TODAY(),"Expired",IF(E71<=TODAY()+30,"Expiring Soon","Current"))))) -> Not Started
A72: Niranjala Dissanayake | B72: Infection Control Lite | C72: =Matrix!BS3 -> NS | D72: =IFERROR(VLOOKUP(B72,'Renewal Rules'!$A:$B,2,FALSE),"") -> 12 | E72: =IF(OR(C72="",C72="NS",C72="IP",C72="Failed"),"",IFERROR(EDATE(IF(ISNUMBER(C72),C72,IFERROR(DATEVALUE(C72),DATE(VALUE(RIGHT(C72,4)),VALUE(MID(C72,4,2)),VALUE(LEFT(C72,2))))),D72),"")) | F72: =IF(E72="","",E72-TODAY()) | G72: =IF(C72="NS","RED",IF(C72="IP","AMBER",IF(E72="","",IF(E72<TODAY(),"RED",IF(E72<=TODAY()+30,"AMBER","GREEN"))))) -> RED | H72: =IF(C72="NS","Not Started",IF(C72="IP","In Progress",IF(E72="","Check",IF(E72<TODAY(),"Expired",IF(E72<=TODAY()+30,"Expiring Soon","Current"))))) -> Not Started
A73: Niranjala Dissanayake | B73: Manual Handling of Objects | C73: =Matrix!BT3 -> NS | D73: =IFERROR(VLOOKUP(B73,'Renewal Rules'!$A:$B,2,FALSE),"") -> 12 | E73: =IF(OR(C73="",C73="NS",C73="IP",C73="Failed"),"",IFERROR(EDATE(IF(ISNUMBER(C73),C73,IFERROR(DATEVALUE(C73),DATE(VALUE(RIGHT(C73,4)),VALUE(MID(C73,4,2)),VALUE(LEFT(C73,2))))),D73),"")) | F73: =IF(E73="","",E73-TODAY()) | G73: =IF(C73="NS","RED",IF(C73="IP","AMBER",IF(E73="","",IF(E73<TODAY(),"RED",IF(E73<=TODAY()+30,"AMBER","GREEN"))))) -> RED | H73: =IF(C73="NS","Not Started",IF(C73="IP","In Progress",IF(E73="","Check",IF(E73<TODAY(),"Expired",IF(E73<=TODAY()+30,"Expiring Soon","Current"))))) -> Not Started
A74: Niranjala Dissanayake | B74: Medication Practice | C74: =Matrix!BU3 -> NS | D74: =IFERROR(VLOOKUP(B74,'Renewal Rules'!$A:$B,2,FALSE),"") -> 12 | E74: =IF(OR(C74="",C74="NS",C74="IP",C74="Failed"),"",IFERROR(EDATE(IF(ISNUMBER(C74),C74,IFERROR(DATEVALUE(C74),DATE(VALUE(RIGHT(C74,4)),VALUE(MID(C74,4,2)),VALUE(LEFT(C74,2))))),D74),"")) | F74: =IF(E74="","",E74-TODAY()) | G74: =IF(C74="NS","RED",IF(C74="IP","AMBER",IF(E74="","",IF(E74<TODAY(),"RED",IF(E74<=TODAY()+30,"AMBER","GREEN"))))) -> RED | H74: =IF(C74="NS","Not Started",IF(C74="IP","In Progress",IF(E74="","Check",IF(E74<TODAY(),"Expired",IF(E74<=TODAY()+30,"Expiring Soon","Current"))))) -> Not Started
A75: Niranjala Dissanayake | B75: Medication Practice Lite | C75: =Matrix!BV3 -> NS | D75: =IFERROR(VLOOKUP(B75,'Renewal Rules'!$A:$B,2,FALSE),"") -> 12 | E75: =IF(OR(C75="",C75="NS",C75="IP",C75="Failed"),"",IFERROR(EDATE(IF(ISNUMBER(C75),C75,IFERROR(DATEVALUE(C75),DATE(VALUE(RIGHT(C75,4)),VALUE(MID(C75,4,2)),VALUE(LEFT(C75,2))))),D75),"")) | F75: =IF(E75="","",E75-TODAY()) | G75: =IF(C75="NS","RED",IF(C75="IP","AMBER",IF(E75="","",IF(E75<TODAY(),"RED",IF(E75<=TODAY()+30,"AMBER","GREEN"))))) -> RED | H75: =IF(C75="NS","Not Started",IF(C75="IP","In Progress",IF(E75="","Check",IF(E75<TODAY(),"Expired",IF(E75<=TODAY()+30,"Expiring Soon","Current"))))) -> Not Started
A76: Niranjala Dissanayake | B76: Motor Neurone Disease | C76: =Matrix!BW3 -> NS | D76: =IFERROR(VLOOKUP(B76,'Renewal Rules'!$A:$B,2,FALSE),"") -> 12 | E76: =IF(OR(C76="",C76="NS",C76="IP",C76="Failed"),"",IFERROR(EDATE(IF(ISNUMBER(C76),C76,IFERROR(DATEVALUE(C76),DATE(VALUE(RIGHT(C76,4)),VALUE(MID(C76,4,2)),VALUE(LEFT(C76,2))))),D76),"")) | F76: =IF(E76="","",E76-TODAY()) | G76: =IF(C76="NS","RED",IF(C76="IP","AMBER",IF(E76="","",IF(E76<TODAY(),"RED",IF(E76<=TODAY()+30,"AMBER","GREEN"))))) -> RED | H76: =IF(C76="NS","Not Started",IF(C76="IP","In Progress",IF(E76="","Check",IF(E76<TODAY(),"Expired",IF(E76<=TODAY()+30,"Expiring Soon","Current"))))) -> Not Started
A77: Niranjala Dissanayake | B77: Multiple Sclerosis | C77: =Matrix!BX3 -> NS | D77: =IFERROR(VLOOKUP(B77,'Renewal Rules'!$A:$B,2,FALSE),"") -> 12 | E77: =IF(OR(C77="",C77="NS",C77="IP",C77="Failed"),"",IFERROR(EDATE(IF(ISNUMBER(C77),C77,IFERROR(DATEVALUE(C77),DATE(VALUE(RIGHT(C77,4)),VALUE(MID(C77,4,2)),VALUE(LEFT(C77,2))))),D77),"")) | F77: =IF(E77="","",E77-TODAY()) | G77: =IF(C77="NS","RED",IF(C77="IP","AMBER",IF(E77="","",IF(E77<TODAY(),"RED",IF(E77<=TODAY()+30,"AMBER","GREEN"))))) -> RED | H77: =IF(C77="NS","Not Started",IF(C77="IP","In Progress",IF(E77="","Check",IF(E77<TODAY(),"Expired",IF(E77<=TODAY()+30,"Expiring Soon","Current"))))) -> Not Started
A78: Niranjala Dissanayake | B78: Sexual Harassment Awareness | C78: =Matrix!BY3 -> NS | D78: =IFERROR(VLOOKUP(B78,'Renewal Rules'!$A:$B,2,FALSE),"") -> 36 | E78: =IF(OR(C78="",C78="NS",C78="IP",C78="Failed"),"",IFERROR(EDATE(IF(ISNUMBER(C78),C78,IFERROR(DATEVALUE(C78),DATE(VALUE(RIGHT(C78,4)),VALUE(MID(C78,4,2)),VALUE(LEFT(C78,2))))),D78),"")) | F78: =IF(E78="","",E78-TODAY()) | G78: =IF(C78="NS","RED",IF(C78="IP","AMBER",IF(E78="","",IF(E78<TODAY(),"RED",IF(E78<=TODAY()+30,"AMBER","GREEN"))))) -> RED | H78: =IF(C78="NS","Not Started",IF(C78="IP","In Progress",IF(E78="","Check",IF(E78<TODAY(),"Expired",IF(E78<=TODAY()+30,"Expiring Soon","Current"))))) -> Not Started
A79: Niranjala Dissanayake | B79: Information Governance | C79: =Matrix!BZ3 -> NS | D79: =IFERROR(VLOOKUP(B79,'Renewal Rules'!$A:$B,2,FALSE),"") -> 36 | E79: =IF(OR(C79="",C79="NS",C79="IP",C79="Failed"),"",IFERROR(EDATE(IF(ISNUMBER(C79),C79,IFERROR(DATEVALUE(C79),DATE(VALUE(RIGHT(C79,4)),VALUE(MID(C79,4,2)),VALUE(LEFT(C79,2))))),D79),"")) | F79: =IF(E79="","",E79-TODAY()) | G79: =IF(C79="NS","RED",IF(C79="IP","AMBER",IF(E79="","",IF(E79<TODAY(),"RED",IF(E79<=TODAY()+30,"AMBER","GREEN"))))) -> RED | H79: =IF(C79="NS","Not Started",IF(C79="IP","In Progress",IF(E79="","Check",IF(E79<TODAY(),"Expired",IF(E79<=TODAY()+30,"Expiring Soon","Current"))))) -> Not Started
A80: Niranjala Dissanayake | B80: Legionnaires Disease | C80: =Matrix!CA3 -> NS | D80: =IFERROR(VLOOKUP(B80,'Renewal Rules'!$A:$B,2,FALSE),"") -> 12 | E80: =IF(OR(C80="",C80="NS",C80="IP",C80="Failed"),"",IFERROR(EDATE(IF(ISNUMBER(C80),C80,IFERROR(DATEVALUE(C80),DATE(VALUE(RIGHT(C80,4)),VALUE(MID(C80,4,2)),VALUE(LEFT(C80,2))))),D80),"")) | F80: =IF(E80="","",E80-TODAY()) | G80: =IF(C80="NS","RED",IF(C80="IP","AMBER",IF(E80="","",IF(E80<TODAY(),"RED",IF(E80<=TODAY()+30,"AMBER","GREEN"))))) -> RED | H80: =IF(C80="NS","Not Started",IF(C80="IP","In Progress",IF(E80="","Check",IF(E80<TODAY(),"Expired",IF(E80<=TODAY()+30,"Expiring Soon","Current"))))) -> Not Started
A81: Niranjala Dissanayake | B81: Lone Working | C81: =Matrix!CB3 -> NS | D81: =IFERROR(VLOOKUP(B81,'Renewal Rules'!$A:$B,2,FALSE),"") -> 12 | E81: =IF(OR(C81="",C81="NS",C81="IP",C81="Failed"),"",IFERROR(EDATE(IF(ISNUMBER(C81),C81,IFERROR(DATEVALUE(C81),DATE(VALUE(RIGHT(C81,4)),VALUE(MID(C81,4,2)),VALUE(LEFT(C81,2))))),D81),"")) | F81: =IF(E81="","",E81-TODAY()) | G81: =IF(C81="NS","RED",IF(C81="IP","AMBER",IF(E81="","",IF(E81<TODAY(),"RED",IF(E81<=TODAY()+30,"AMBER","GREEN"))))) -> RED | H81: =IF(C81="NS","Not Started",IF(C81="IP","In Progress",IF(E81="","Check",IF(E81<TODAY(),"Expired",IF(E81<=TODAY()+30,"Expiring Soon","Current"))))) -> Not Started
A82: Niranjala Dissanayake | B82: Mental Health | C82: =Matrix!CC3 -> NS | D82: =IFERROR(VLOOKUP(B82,'Renewal Rules'!$A:$B,2,FALSE),"") -> 36 | E82: =IF(OR(C82="",C82="NS",C82="IP",C82="Failed"),"",IFERROR(EDATE(IF(ISNUMBER(C82),C82,IFERROR(DATEVALUE(C82),DATE(VALUE(RIGHT(C82,4)),VALUE(MID(C82,4,2)),VALUE(LEFT(C82,2))))),D82),"")) | F82: =IF(E82="","",E82-TODAY()) | G82: =IF(C82="NS","RED",IF(C82="IP","AMBER",IF(E82="","",IF(E82<TODAY(),"RED",IF(E82<=TODAY()+30,"AMBER","GREEN"))))) -> RED | H82: =IF(C82="NS","Not Started",IF(C82="IP","In Progress",IF(E82="","Check",IF(E82<TODAY(),"Expired",IF(E82<=TODAY()+30,"Expiring Soon","Current"))))) -> Not Started
A83: Niranjala Dissanayake | B83: LGBTQ+ Aware for Care | C83: =Matrix!CD3 -> NS | D83: =IFERROR(VLOOKUP(B83,'Renewal Rules'!$A:$B,2,FALSE),"") -> 36 | E83: =IF(OR(C83="",C83="NS",C83="IP",C83="Failed"),"",IFERROR(EDATE(IF(ISNUMBER(C83),C83,IFERROR(DATEVALUE(C83),DATE(VALUE(RIGHT(C83,4)),VALUE(MID(C83,4,2)),VALUE(LEFT(C83,2))))),D83),"")) | F83: =IF(E83="","",E83-TODAY()) | G83: =IF(C83="NS","RED",IF(C83="IP","AMBER",IF(E83="","",IF(E83<TODAY(),"RED",IF(E83<=TODAY()+30,"AMBER","GREEN"))))) -> RED | H83: =IF(C83="NS","Not Started",IF(C83="IP","In Progress",IF(E83="","Check",IF(E83<TODAY(),"Expired",IF(E83<=TODAY()+30,"Expiring Soon","Current"))))) -> Not Started
A84: Niranjala Dissanayake | B84: Epilepsy Awareness | C84: =Matrix!CE3 -> NS | D84: =IFERROR(VLOOKUP(B84,'Renewal Rules'!$A:$B,2,FALSE),"") -> 12 | E84: =IF(OR(C84="",C84="NS",C84="IP",C84="Failed"),"",IFERROR(EDATE(IF(ISNUMBER(C84),C84,IFERROR(DATEVALUE(C84),DATE(VALUE(RIGHT(C84,4)),VALUE(MID(C84,4,2)),VALUE(LEFT(C84,2))))),D84),"")) | F84: =IF(E84="","",E84-TODAY()) | G84: =IF(C84="NS","RED",IF(C84="IP","AMBER",IF(E84="","",IF(E84<TODAY(),"RED",IF(E84<=TODAY()+30,"AMBER","GREEN"))))) -> RED | H84: =IF(C84="NS","Not Started",IF(C84="IP","In Progress",IF(E84="","Check",IF(E84<TODAY(),"Expired",IF(E84<=TODAY()+30,"Expiring Soon","Current"))))) -> Not Started
A85: Niranjala Dissanayake | B85: Emergency First Aid Awareness | C85: =Matrix!CF3 -> NS | D85: =IFERROR(VLOOKUP(B85,'Renewal Rules'!$A:$B,2,FALSE),"") -> 36 | E85: =IF(OR(C85="",C85="NS",C85="IP",C85="Failed"),"",IFERROR(EDATE(IF(ISNUMBER(C85),C85,IFERROR(DATEVALUE(C85),DATE(VALUE(RIGHT(C85,4)),VALUE(MID(C85,4,2)),VALUE(LEFT(C85,2))))),D85),"")) | F85: =IF(E85="","",E85-TODAY()) | G85: =IF(C85="NS","RED",IF(C85="IP","AMBER",IF(E85="","",IF(E85<TODAY(),"RED",IF(E85<=TODAY()+30,"AMBER","GREEN"))))) -> RED | H85: =IF(C85="NS","Not Started",IF(C85="IP","In Progress",IF(E85="","Check",IF(E85<TODAY(),"Expired",IF(E85<=TODAY()+30,"Expiring Soon","Current"))))) -> Not Started
A86: Niranjala Dissanayake | B86: Epilepsy Level 3 | C86: =Matrix!CG3 -> NS | D86: =IFERROR(VLOOKUP(B86,'Renewal Rules'!$A:$B,2,FALSE),"") -> 12 | E86: =IF(OR(C86="",C86="NS",C86="IP",C86="Failed"),"",IFERROR(EDATE(IF(ISNUMBER(C86),C86,IFERROR(DATEVALUE(C86),DATE(VALUE(RIGHT(C86,4)),VALUE(MID(C86,4,2)),VALUE(LEFT(C86,2))))),D86),"")) | F86: =IF(E86="","",E86-TODAY()) | G86: =IF(C86="NS","RED",IF(C86="IP","AMBER",IF(E86="","",IF(E86<TODAY(),"RED",IF(E86<=TODAY()+30,"AMBER","GREEN"))))) -> RED | H86: =IF(C86="NS","Not Started",IF(C86="IP","In Progress",IF(E86="","Check",IF(E86<TODAY(),"Expired",IF(E86<=TODAY()+30,"Expiring Soon","Current"))))) -> Not Started
A87: Niranjala Dissanayake | B87: SALT (Speech And Language Therapy) | C87: =Matrix!CH3 -> NS | D87: =IFERROR(VLOOKUP(B87,'Renewal Rules'!$A:$B,2,FALSE),"") -> 12 | E87: =IF(OR(C87="",C87="NS",C87="IP",C87="Failed"),"",IFERROR(EDATE(IF(ISNUMBER(C87),C87,IFERROR(DATEVALUE(C87),DATE(VALUE(RIGHT(C87,4)),VALUE(MID(C87,4,2)),VALUE(LEFT(C87,2))))),D87),"")) | F87: =IF(E87="","",E87-TODAY()) | G87: =IF(C87="NS","RED",IF(C87="IP","AMBER",IF(E87="","",IF(E87<TODAY(),"RED",IF(E87<=TODAY()+30,"AMBER","GREEN"))))) -> RED | H87: =IF(C87="NS","Not Started",IF(C87="IP","In Progress",IF(E87="","Check",IF(E87<TODAY(),"Expired",IF(E87<=TODAY()+30,"Expiring Soon","Current"))))) -> Not Started
A88: Niranjala Dissanayake | B88: Sensory Impairment Awareness | C88: =Matrix!CI3 -> NS | D88: =IFERROR(VLOOKUP(B88,'Renewal Rules'!$A:$B,2,FALSE),"") -> 36 | E88: =IF(OR(C88="",C88="NS",C88="IP",C88="Failed"),"",IFERROR(EDATE(IF(ISNUMBER(C88),C88,IFERROR(DATEVALUE(C88),DATE(VALUE(RIGHT(C88,4)),VALUE(MID(C88,4,2)),VALUE(LEFT(C88,2))))),D88),"")) | F88: =IF(E88="","",E88-TODAY()) | G88: =IF(C88="NS","RED",IF(C88="IP","AMBER",IF(E88="","",IF(E88<TODAY(),"RED",IF(E88<=TODAY()+30,"AMBER","GREEN"))))) -> RED | H88: =IF(C88="NS","Not Started",IF(C88="IP","In Progress",IF(E88="","Check",IF(E88<TODAY(),"Expired",IF(E88<=TODAY()+30,"Expiring Soon","Current"))))) -> Not Started
A89: Niranjala Dissanayake | B89: FGM Awareness | C89: =Matrix!CJ3 -> NS | D89: =IFERROR(VLOOKUP(B89,'Renewal Rules'!$A:$B,2,FALSE),"") -> 12 | E89: =IF(OR(C89="",C89="NS",C89="IP",C89="Failed"),"",IFERROR(EDATE(IF(ISNUMBER(C89),C89,IFERROR(DATEVALUE(C89),DATE(VALUE(RIGHT(C89,4)),VALUE(MID(C89,4,2)),VALUE(LEFT(C89,2))))),D89),"")) | F89: =IF(E89="","",E89-TODAY()) | G89: =IF(C89="NS","RED",IF(C89="IP","AMBER",IF(E89="","",IF(E89<TODAY(),"RED",IF(E89<=TODAY()+30,"AMBER","GREEN"))))) -> RED | H89: =IF(C89="NS","Not Started",IF(C89="IP","In Progress",IF(E89="","Check",IF(E89<TODAY(),"Expired",IF(E89<=TODAY()+30,"Expiring Soon","Current"))))) -> Not Started
A90: Niranjala Dissanayake | B90: Social Media and Online Privacy | C90: =Matrix!CK3 -> NS | D90: =IFERROR(VLOOKUP(B90,'Renewal Rules'!$A:$B,2,FALSE),"") -> 36 | E90: =IF(OR(C90="",C90="NS",C90="IP",C90="Failed"),"",IFERROR(EDATE(IF(ISNUMBER(C90),C90,IFERROR(DATEVALUE(C90),DATE(VALUE(RIGHT(C90,4)),VALUE(MID(C90,4,2)),VALUE(LEFT(C90,2))))),D90),"")) | F90: =IF(E90="","",E90-TODAY()) | G90: =IF(C90="NS","RED",IF(C90="IP","AMBER",IF(E90="","",IF(E90<TODAY(),"RED",IF(E90<=TODAY()+30,"AMBER","GREEN"))))) -> RED | H90: =IF(C90="NS","Not Started",IF(C90="IP","In Progress",IF(E90="","Check",IF(E90<TODAY(),"Expired",IF(E90<=TODAY()+30,"Expiring Soon","Current"))))) -> Not Started
A91: Niranjala Dissanayake | B91: Stress Awareness | C91: =Matrix!CL3 -> NS | D91: =IFERROR(VLOOKUP(B91,'Renewal Rules'!$A:$B,2,FALSE),"") -> 36 | E91: =IF(OR(C91="",C91="NS",C91="IP",C91="Failed"),"",IFERROR(EDATE(IF(ISNUMBER(C91),C91,IFERROR(DATEVALUE(C91),DATE(VALUE(RIGHT(C91,4)),VALUE(MID(C91,4,2)),VALUE(LEFT(C91,2))))),D91),"")) | F91: =IF(E91="","",E91-TODAY()) | G91: =IF(C91="NS","RED",IF(C91="IP","AMBER",IF(E91="","",IF(E91<TODAY(),"RED",IF(E91<=TODAY()+30,"AMBER","GREEN"))))) -> RED | H91: =IF(C91="NS","Not Started",IF(C91="IP","In Progress",IF(E91="","Check",IF(E91<TODAY(),"Expired",IF(E91<=TODAY()+30,"Expiring Soon","Current"))))) -> Not Started
A92: Niranjala Dissanayake | B92: Stoma Care Awareness | C92: =Matrix!CM3 -> NS | D92: =IFERROR(VLOOKUP(B92,'Renewal Rules'!$A:$B,2,FALSE),"") -> 12 | E92: =IF(OR(C92="",C92="NS",C92="IP",C92="Failed"),"",IFERROR(EDATE(IF(ISNUMBER(C92),C92,IFERROR(DATEVALUE(C92),DATE(VALUE(RIGHT(C92,4)),VALUE(MID(C92,4,2)),VALUE(LEFT(C92,2))))),D92),"")) | F92: =IF(E92="","",E92-TODAY()) | G92: =IF(C92="NS","RED",IF(C92="IP","AMBER",IF(E92="","",IF(E92<TODAY(),"RED",IF(E92<=TODAY()+30,"AMBER","GREEN"))))) -> RED | H92: =IF(C92="NS","Not Started",IF(C92="IP","In Progress",IF(E92="","Check",IF(E92<TODAY(),"Expired",IF(E92<=TODAY()+30,"Expiring Soon","Current"))))) -> Not Started
A93: Niranjala Dissanayake | B93: Allergen Awareness | C93: =Matrix!CN3 -> NS | D93: =IFERROR(VLOOKUP(B93,'Renewal Rules'!$A:$B,2,FALSE),"") -> 36 | E93: =IF(OR(C93="",C93="NS",C93="IP",C93="Failed"),"",IFERROR(EDATE(IF(ISNUMBER(C93),C93,IFERROR(DATEVALUE(C93),DATE(VALUE(RIGHT(C93,4)),VALUE(MID(C93,4,2)),VALUE(LEFT(C93,2))))),D93),"")) | F93: =IF(E93="","",E93-TODAY()) | G93: =IF(C93="NS","RED",IF(C93="IP","AMBER",IF(E93="","",IF(E93<TODAY(),"RED",IF(E93<=TODAY()+30,"AMBER","GREEN"))))) -> RED | H93: =IF(C93="NS","Not Started",IF(C93="IP","In Progress",IF(E93="","Check",IF(E93<TODAY(),"Expired",IF(E93<=TODAY()+30,"Expiring Soon","Current"))))) -> Not Started
A94: Niranjala Dissanayake | B94: Concussion Awareness | C94: =Matrix!CO3 -> NS | D94: =IFERROR(VLOOKUP(B94,'Renewal Rules'!$A:$B,2,FALSE),"") -> 12 | E94: =IF(OR(C94="",C94="NS",C94="IP",C94="Failed"),"",IFERROR(EDATE(IF(ISNUMBER(C94),C94,IFERROR(DATEVALUE(C94),DATE(VALUE(RIGHT(C94,4)),VALUE(MID(C94,4,2)),VALUE(LEFT(C94,2))))),D94),"")) | F94: =IF(E94="","",E94-TODAY()) | G94: =IF(C94="NS","RED",IF(C94="IP","AMBER",IF(E94="","",IF(E94<TODAY(),"RED",IF(E94<=TODAY()+30,"AMBER","GREEN"))))) -> RED | H94: =IF(C94="NS","Not Started",IF(C94="IP","In Progress",IF(E94="","Check",IF(E94<TODAY(),"Expired",IF(E94<=TODAY()+30,"Expiring Soon","Current"))))) -> Not Started
A95: Niranjala Dissanayake | B95: Coronavirus Awareness and Infection Control | C95: =Matrix!CP3 -> NS | D95: =IFERROR(VLOOKUP(B95,'Renewal Rules'!$A:$B,2,FALSE),"") -> 12 | E95: =IF(OR(C95="",C95="NS",C95="IP",C95="Failed"),"",IFERROR(EDATE(IF(ISNUMBER(C95),C95,IFERROR(DATEVALUE(C95),DATE(VALUE(RIGHT(C95,4)),VALUE(MID(C95,4,2)),VALUE(LEFT(C95,2))))),D95),"")) | F95: =IF(E95="","",E95-TODAY()) | G95: =IF(C95="NS","RED",IF(C95="IP","AMBER",IF(E95="","",IF(E95<TODAY(),"RED",IF(E95<=TODAY()+30,"AMBER","GREEN"))))) -> RED | H95: =IF(C95="NS","Not Started",IF(C95="IP","In Progress",IF(E95="","Check",IF(E95<TODAY(),"Expired",IF(E95<=TODAY()+30,"Expiring Soon","Current"))))) -> Not Started
A96: Niranjala Dissanayake | B96: Disability Awareness | C96: =Matrix!CQ3 -> NS | D96: =IFERROR(VLOOKUP(B96,'Renewal Rules'!$A:$B,2,FALSE),"") -> 36 | E96: =IF(OR(C96="",C96="NS",C96="IP",C96="Failed"),"",IFERROR(EDATE(IF(ISNUMBER(C96),C96,IFERROR(DATEVALUE(C96),DATE(VALUE(RIGHT(C96,4)),VALUE(MID(C96,4,2)),VALUE(LEFT(C96,2))))),D96),"")) | F96: =IF(E96="","",E96-TODAY()) | G96: =IF(C96="NS","RED",IF(C96="IP","AMBER",IF(E96="","",IF(E96<TODAY(),"RED",IF(E96<=TODAY()+30,"AMBER","GREEN"))))) -> RED | H96: =IF(C96="NS","Not Started",IF(C96="IP","In Progress",IF(E96="","Check",IF(E96<TODAY(),"Expired",IF(E96<=TODAY()+30,"Expiring Soon","Current"))))) -> Not Started
A97: Niranjala Dissanayake | B97: Information Governance and Data Security | C97: =Matrix!CR3 -> NS | D97: =IFERROR(VLOOKUP(B97,'Renewal Rules'!$A:$B,2,FALSE),"") -> 36 | E97: =IF(OR(C97="",C97="NS",C97="IP",C97="Failed"),"",IFERROR(EDATE(IF(ISNUMBER(C97),C97,IFERROR(DATEVALUE(C97),DATE(VALUE(RIGHT(C97,4)),VALUE(MID(C97,4,2)),VALUE(LEFT(C97,2))))),D97),"")) | F97: =IF(E97="","",E97-TODAY()) | G97: =IF(C97="NS","RED",IF(C97="IP","AMBER",IF(E97="","",IF(E97<TODAY(),"RED",IF(E97<=TODAY()+30,"AMBER","GREEN"))))) -> RED | H97: =IF(C97="NS","Not Started",IF(C97="IP","In Progress",IF(E97="","Check",IF(E97<TODAY(),"Expired",IF(E97<=TODAY()+30,"Expiring Soon","Current"))))) -> Not Started
A98: Niranjala Dissanayake | B98: Internet Safety Awareness | C98: =Matrix!CS3 -> NS | D98: =IFERROR(VLOOKUP(B98,'Renewal Rules'!$A:$B,2,FALSE),"") -> 36 | E98: =IF(OR(C98="",C98="NS",C98="IP",C98="Failed"),"",IFERROR(EDATE(IF(ISNUMBER(C98),C98,IFERROR(DATEVALUE(C98),DATE(VALUE(RIGHT(C98,4)),VALUE(MID(C98,4,2)),VALUE(LEFT(C98,2))))),D98),"")) | F98: =IF(E98="","",E98-TODAY()) | G98: =IF(C98="NS","RED",IF(C98="IP","AMBER",IF(E98="","",IF(E98<TODAY(),"RED",IF(E98<=TODAY()+30,"AMBER","GREEN"))))) -> RED | H98: =IF(C98="NS","Not Started",IF(C98="IP","In Progress",IF(E98="","Check",IF(E98<TODAY(),"Expired",IF(E98<=TODAY()+30,"Expiring Soon","Current"))))) -> Not Started
A99: Niranjala Dissanayake | B99: Interview Skills | C99: =Matrix!CT3 -> NS | D99: =IFERROR(VLOOKUP(B99,'Renewal Rules'!$A:$B,2,FALSE),"") -> 12 | E99: =IF(OR(C99="",C99="NS",C99="IP",C99="Failed"),"",IFERROR(EDATE(IF(ISNUMBER(C99),C99,IFERROR(DATEVALUE(C99),DATE(VALUE(RIGHT(C99,4)),VALUE(MID(C99,4,2)),VALUE(LEFT(C99,2))))),D99),"")) | F99: =IF(E99="","",E99-TODAY()) | G99: =IF(C99="NS","RED",IF(C99="IP","AMBER",IF(E99="","",IF(E99<TODAY(),"RED",IF(E99<=TODAY()+30,"AMBER","GREEN"))))) -> RED | H99: =IF(C99="NS","Not Started",IF(C99="IP","In Progress",IF(E99="","Check",IF(E99<TODAY(),"Expired",IF(E99<=TODAY()+30,"Expiring Soon","Current"))))) -> Not Started
A100: Niranjala Dissanayake | B100: Introduction to Sepsis | C100: =Matrix!CU3 -> NS | D100: =IFERROR(VLOOKUP(B100,'Renewal Rules'!$A:$B,2,FALSE),"") -> 12 | E100: =IF(OR(C100="",C100="NS",C100="IP",C100="Failed"),"",IFERROR(EDATE(IF(ISNUMBER(C100),C100,IFERROR(DATEVALUE(C100),DATE(VALUE(RIGHT(C100,4)),VALUE(MID(C100,4,2)),VALUE(LEFT(C100,2))))),D100),"")) | F100: =IF(E100="","",E100-TODAY()) | G100: =IF(C100="NS","RED",IF(C100="IP","AMBER",IF(E100="","",IF(E100<TODAY(),"RED",IF(E100<=TODAY()+30,"AMBER","GREEN"))))) -> RED | H100: =IF(C100="NS","Not Started",IF(C100="IP","In Progress",IF(E100="","Check",IF(E100<TODAY(),"Expired",IF(E100<=TODAY()+30,"Expiring Soon","Current"))))) -> Not Started
...

Sheet Training Expiry Dashboard
A1: Training Expiry Dashboard
A3: Metric | B3: Value
A4: Current / Green | B4: =COUNTIF('Training Due & RAG'!$G$3:$G$1322,"GREEN") -> 335
A5: Expiring Soon / Amber | B5: =COUNTIF('Training Due & RAG'!$G$3:$G$1322,"AMBER") -> 3
A6: Expired or Not Started / Red | B6: =COUNTIF('Training Due & RAG'!$G$3:$G$1322,"RED") -> 982
A7: In Progress | B7: =COUNTIF('Training Due & RAG'!$H$3:$H$1322,"In Progress") -> 3
A8: Overall Current Compliance | B8: =IFERROR(B4/(B4+B5+B6),0) -> 0.25378788
A10: Staff Name | B10: Green | C10: Amber | D10: Red | E10: Compliance %
A11: Niranjala Dissanayake | B11: =COUNTIFS('Training Due & RAG'!$A:$A,A11,'Training Due & RAG'!$G:$G,"GREEN") -> 30 | C11: =COUNTIFS('Training Due & RAG'!$A:$A,A11,'Training Due & RAG'!$G:$G,"AMBER") -> 0 | D11: =COUNTIFS('Training Due & RAG'!$A:$A,A11,'Training Due & RAG'!$G:$G,"RED") -> 80 | E11: =IFERROR(B11/(B11+C11+D11),0) -> 0.27272727
A12: Chelsee Booth | B12: =COUNTIFS('Training Due & RAG'!$A:$A,A12,'Training Due & RAG'!$G:$G,"GREEN") -> 19 | C12: =COUNTIFS('Training Due & RAG'!$A:$A,A12,'Training Due & RAG'!$G:$G,"AMBER") -> 1 | D12: =COUNTIFS('Training Due & RAG'!$A:$A,A12,'Training Due & RAG'!$G:$G,"RED") -> 90 | E12: =IFERROR(B12/(B12+C12+D12),0) -> 0.17272727
A13: Paula Merry | B13: =COUNTIFS('Training Due & RAG'!$A:$A,A13,'Training Due & RAG'!$G:$G,"GREEN") -> 44 | C13: =COUNTIFS('Training Due & RAG'!$A:$A,A13,'Training Due & RAG'!$G:$G,"AMBER") -> 0 | D13: =COUNTIFS('Training Due & RAG'!$A:$A,A13,'Training Due & RAG'!$G:$G,"RED") -> 66 | E13: =IFERROR(B13/(B13+C13+D13),0) -> 0.4
A14: Nathan Thomas | B14: =COUNTIFS('Training Due & RAG'!$A:$A,A14,'Training Due & RAG'!$G:$G,"GREEN") -> 34 | C14: =COUNTIFS('Training Due & RAG'!$A:$A,A14,'Training Due & RAG'!$G:$G,"AMBER") -> 0 | D14: =COUNTIFS('Training Due & RAG'!$A:$A,A14,'Training Due & RAG'!$G:$G,"RED") -> 76 | E14: =IFERROR(B14/(B14+C14+D14),0) -> 0.30909091
A15: Joel Jose | B15: =COUNTIFS('Training Due & RAG'!$A:$A,A15,'Training Due & RAG'!$G:$G,"GREEN") -> 19 | C15: =COUNTIFS('Training Due & RAG'!$A:$A,A15,'Training Due & RAG'!$G:$G,"AMBER") -> 0 | D15: =COUNTIFS('Training Due & RAG'!$A:$A,A15,'Training Due & RAG'!$G:$G,"RED") -> 91 | E15: =IFERROR(B15/(B15+C15+D15),0) -> 0.17272727
A16: Firos Latheef | B16: =COUNTIFS('Training Due & RAG'!$A:$A,A16,'Training Due & RAG'!$G:$G,"GREEN") -> 27 | C16: =COUNTIFS('Training Due & RAG'!$A:$A,A16,'Training Due & RAG'!$G:$G,"AMBER") -> 0 | D16: =COUNTIFS('Training Due & RAG'!$A:$A,A16,'Training Due & RAG'!$G:$G,"RED") -> 83 | E16: =IFERROR(B16/(B16+C16+D16),0) -> 0.24545455
A17: Kathleen Evans | B17: =COUNTIFS('Training Due & RAG'!$A:$A,A17,'Training Due & RAG'!$G:$G,"GREEN") -> 42 | C17: =COUNTIFS('Training Due & RAG'!$A:$A,A17,'Training Due & RAG'!$G:$G,"AMBER") -> 0 | D17: =COUNTIFS('Training Due & RAG'!$A:$A,A17,'Training Due & RAG'!$G:$G,"RED") -> 68 | E17: =IFERROR(B17/(B17+C17+D17),0) -> 0.38181818
A18: Sahil Sahil | B18: =COUNTIFS('Training Due & RAG'!$A:$A,A18,'Training Due & RAG'!$G:$G,"GREEN") -> 11 | C18: =COUNTIFS('Training Due & RAG'!$A:$A,A18,'Training Due & RAG'!$G:$G,"AMBER") -> 2 | D18: =COUNTIFS('Training Due & RAG'!$A:$A,A18,'Training Due & RAG'!$G:$G,"RED") -> 97 | E18: =IFERROR(B18/(B18+C18+D18),0) -> 0.1
A19: Haritha Sasidharan | B19: =COUNTIFS('Training Due & RAG'!$A:$A,A19,'Training Due & RAG'!$G:$G,"GREEN") -> 43 | C19: =COUNTIFS('Training Due & RAG'!$A:$A,A19,'Training Due & RAG'!$G:$G,"AMBER") -> 0 | D19: =COUNTIFS('Training Due & RAG'!$A:$A,A19,'Training Due & RAG'!$G:$G,"RED") -> 67 | E19: =IFERROR(B19/(B19+C19+D19),0) -> 0.39090909
A20: Abhina | B20: =COUNTIFS('Training Due & RAG'!$A:$A,A20,'Training Due & RAG'!$G:$G,"GREEN") -> 22 | C20: =COUNTIFS('Training Due & RAG'!$A:$A,A20,'Training Due & RAG'!$G:$G,"AMBER") -> 0 | D20: =COUNTIFS('Training Due & RAG'!$A:$A,A20,'Training Due & RAG'!$G:$G,"RED") -> 88 | E20: =IFERROR(B20/(B20+C20+D20),0) -> 0.2
A21: Carol (Domestic) | B21: =COUNTIFS('Training Due & RAG'!$A:$A,A21,'Training Due & RAG'!$G:$G,"GREEN") -> 21 | C21: =COUNTIFS('Training Due & RAG'!$A:$A,A21,'Training Due & RAG'!$G:$G,"AMBER") -> 0 | D21: =COUNTIFS('Training Due & RAG'!$A:$A,A21,'Training Due & RAG'!$G:$G,"RED") -> 89 | E21: =IFERROR(B21/(B21+C21+D21),0) -> 0.19090909
A22: Harry | B22: =COUNTIFS('Training Due & RAG'!$A:$A,A22,'Training Due & RAG'!$G:$G,"GREEN") -> 23 | C22: =COUNTIFS('Training Due & RAG'!$A:$A,A22,'Training Due & RAG'!$G:$G,"AMBER") -> 0 | D22: =COUNTIFS('Training Due & RAG'!$A:$A,A22,'Training Due & RAG'!$G:$G,"RED") -> 87 | E22: =IFERROR(B22/(B22+C22+D22),0) -> 0.20909091
A25: RAG logic: GREEN = current and not due within 30 days; AMBER = due within 30 days or in progress; RED = expired or not started. Validity periods are held in the Renewal Rules sheet and can be amended if the provider's policy changes.

Sheet Recruitment Matrix
A1: Recruitment Matrix | W1: Sponsorship Required? | X1: Sponsored / Non-Sponsored | Y1: Visa/eVisa Evidence | Z1: Certificate of Sponsorship No. | AA1: Occupation Code | AB1: Salary Compliant? | AC1: Contracted Hours Compliant? | AD1: Home Office Review Date | AE1: Employment Rights Explained | AF1: Reporting Duties Explained | AG1: Sponsorship Comments
A2: Complete this tracker as part of the workforce evidence pack. Keep evidence location/file reference for each entry.
A4: Staff Name | B4: Role | C4: Start Date | D4: DBS | E4: DBS Date | F4: Right to Work | G4: Photo ID | H4: References x2 | I4: Application Form | J4: Interview Notes | K4: Contract | L4: Job Description | M4: Induction | N4: Qualifications | O4: Professional Registration/PIN | P4: Health Declaration | Q4: Recruitment Complete? | R4: Evidence Location | S4: Manager Verified | T4: Verification Date | U4: RAG | V4: Comments
A5: =IF('Induction Employee Register'!B4="","",'Induction Employee Register'!B4) | B5: =IF('Induction Employee Register'!C4="","",'Induction Employee Register'!C4) | C5: =IF('Induction Employee Register'!D4="","",'Induction Employee Register'!D4) | D5: =IFERROR(INDEX('SW001'!$C$20:$C$45,MATCH("DBS",'SW001'!$A$20:$A$45,0)),"") -> 0 | E5: ="" | F5: =IFERROR(INDEX('SW001'!$C$20:$C$45,MATCH("Right to Work",'SW001'!$A$20:$A$45,0)),"") -> 0 | G5: =IFERROR(INDEX('SW001'!$C$20:$C$45,MATCH("Proof of address 1",'SW001'!$A$20:$A$45,0)),"") -> 0 | H5: =IFERROR(INDEX('SW001'!$C$20:$C$45,MATCH("Two references",'SW001'!$A$20:$A$45,0)),"") -> 0 | I5: =IFERROR(INDEX('SW001'!$C$20:$C$45,MATCH("Application form",'SW001'!$A$20:$A$45,0)),"") -> 0 | J5: =IFERROR(INDEX('SW001'!$C$20:$C$45,MATCH("Interview notes",'SW001'!$A$20:$A$45,0)),"") -> 0 | K5: =IFERROR(INDEX('SW001'!$C$20:$C$45,MATCH("Contract",'SW001'!$A$20:$A$45,0)),"") -> 0 | L5: =IFERROR(INDEX('SW001'!$C$20:$C$45,MATCH("Job description",'SW001'!$A$20:$A$45,0)),"") -> 0 | M5: =IF('Induction Employee Register'!I4>=0.9,"Green",IF('Induction Employee Register'!I4>=0.75,"Amber",IF('Induction Employee Register'!I4>0,"Red",""))) | N5: ="" | O5: =IFERROR(INDEX('SW001'!$C$20:$C$45,MATCH("Occupational health/fitness declaration",'SW001'!$A$20:$A$45,0)),"") -> 0 | Q5: =IF(A5="","",IF(COUNTIF(D5:P5,"Red")+COUNTIF(D5:P5,"Amber")>0,"No",IF(COUNTIF(D5:P5,"Green")+COUNTIF(D5:P5,"N/A")=COUNTA(D5:P5),"Yes","In Progress"))) | U5: =IF(Q5="Yes","Green",IF(Q5="No","Red",IF(Q5="In Progress","Amber",""))) | W5: =IF('Induction Employee Register'!W4="","",'Induction Employee Register'!W4) | X5: =IF('Induction Employee Register'!X4="","",'Induction Employee Register'!X4) | Y5: =IF('Induction Employee Register'!Y4="","",'Induction Employee Register'!Y4) | Z5: =IF('Induction Employee Register'!Z4="","",'Induction Employee Register'!Z4) | AA5: =IF('Induction Employee Register'!AA4="","",'Induction Employee Register'!AA4) | AB5: =IF('Induction Employee Register'!AB4="","",'Induction Employee Register'!AB4) | AC5: =IF('Induction Employee Register'!AC4="","",'Induction Employee Register'!AC4) | AD5: =IF('Induction Employee Register'!AD4="","",'Induction Employee Register'!AD4) | ... AG5: =IF('Induction Employee Register'!AG4="","",'Induction Employee Register'!AG4)
A6: =IF('Induction Employee Register'!B5="","",'Induction Employee Register'!B5) | B6: =IF('Induction Employee Register'!C5="","",'Induction Employee Register'!C5) | C6: =IF('Induction Employee Register'!D5="","",'Induction Employee Register'!D5) | D6: =IFERROR(INDEX('SW002'!$C$20:$C$45,MATCH("DBS",'SW002'!$A$20:$A$45,0)),"") -> 0 | E6: ="" | F6: =IFERROR(INDEX('SW002'!$C$20:$C$45,MATCH("Right to Work",'SW002'!$A$20:$A$45,0)),"") -> 0 | G6: =IFERROR(INDEX('SW002'!$C$20:$C$45,MATCH("Proof of address 1",'SW002'!$A$20:$A$45,0)),"") -> 0 | H6: =IFERROR(INDEX('SW002'!$C$20:$C$45,MATCH("Two references",'SW002'!$A$20:$A$45,0)),"") -> 0 | I6: =IFERROR(INDEX('SW002'!$C$20:$C$45,MATCH("Application form",'SW002'!$A$20:$A$45,0)),"") -> 0 | J6: =IFERROR(INDEX('SW002'!$C$20:$C$45,MATCH("Interview notes",'SW002'!$A$20:$A$45,0)),"") -> 0 | K6: =IFERROR(INDEX('SW002'!$C$20:$C$45,MATCH("Contract",'SW002'!$A$20:$A$45,0)),"") -> 0 | L6: =IFERROR(INDEX('SW002'!$C$20:$C$45,MATCH("Job description",'SW002'!$A$20:$A$45,0)),"") -> 0 | M6: =IF('Induction Employee Register'!I5>=0.9,"Green",IF('Induction Employee Register'!I5>=0.75,"Amber",IF('Induction Employee Register'!I5>0,"Red",""))) | N6: ="" | O6: =IFERROR(INDEX('SW002'!$C$20:$C$45,MATCH("Occupational health/fitness declaration",'SW002'!$A$20:$A$45,0)),"") -> 0 | Q6: =IF(A6="","",IF(COUNTIF(D6:P6,"Red")+COUNTIF(D6:P6,"Amber")>0,"No",IF(COUNTIF(D6:P6,"Green")+COUNTIF(D6:P6,"N/A")=COUNTA(D6:P6),"Yes","In Progress"))) | U6: =IF(Q6="Yes","Green",IF(Q6="No","Red",IF(Q6="In Progress","Amber",""))) | W6: =IF('Induction Employee Register'!W5="","",'Induction Employee Register'!W5) | X6: =IF('Induction Employee Register'!X5="","",'Induction Employee Register'!X5) | Y6: =IF('Induction Employee Register'!Y5="","",'Induction Employee Register'!Y5) | Z6: =IF('Induction Employee Register'!Z5="","",'Induction Employee Register'!Z5) | AA6: =IF('Induction Employee Register'!AA5="","",'Induction Employee Register'!AA5) | AB6: =IF('Induction Employee Register'!AB5="","",'Induction Employee Register'!AB5) | AC6: =IF('Induction Employee Register'!AC5="","",'Induction Employee Register'!AC5) | AD6: =IF('Induction Employee Register'!AD5="","",'Induction Employee Register'!AD5) | ... AG6: =IF('Induction Employee Register'!AG5="","",'Induction Employee Register'!AG5)
A7: =IF('Induction Employee Register'!B6="","",'Induction Employee Register'!B6) | B7: =IF('Induction Employee Register'!C6="","",'Induction Employee Register'!C6) | C7: =IF('Induction Employee Register'!D6="","",'Induction Employee Register'!D6) | D7: =IFERROR(INDEX('SW003'!$C$20:$C$45,MATCH("DBS",'SW003'!$A$20:$A$45,0)),"") -> 0 | E7: ="" | F7: =IFERROR(INDEX('SW003'!$C$20:$C$45,MATCH("Right to Work",'SW003'!$A$20:$A$45,0)),"") -> 0 | G7: =IFERROR(INDEX('SW003'!$C$20:$C$45,MATCH("Proof of address 1",'SW003'!$A$20:$A$45,0)),"") -> 0 | H7: =IFERROR(INDEX('SW003'!$C$20:$C$45,MATCH("Two references",'SW003'!$A$20:$A$45,0)),"") -> 0 | I7: =IFERROR(INDEX('SW003'!$C$20:$C$45,MATCH("Application form",'SW003'!$A$20:$A$45,0)),"") -> 0 | J7: =IFERROR(INDEX('SW003'!$C$20:$C$45,MATCH("Interview notes",'SW003'!$A$20:$A$45,0)),"") -> 0 | K7: =IFERROR(INDEX('SW003'!$C$20:$C$45,MATCH("Contract",'SW003'!$A$20:$A$45,0)),"") -> 0 | L7: =IFERROR(INDEX('SW003'!$C$20:$C$45,MATCH("Job description",'SW003'!$A$20:$A$45,0)),"") -> 0 | M7: =IF('Induction Employee Register'!I6>=0.9,"Green",IF('Induction Employee Register'!I6>=0.75,"Amber",IF('Induction Employee Register'!I6>0,"Red",""))) | N7: ="" | O7: =IFERROR(INDEX('SW003'!$C$20:$C$45,MATCH("Occupational health/fitness declaration",'SW003'!$A$20:$A$45,0)),"") -> 0 | Q7: =IF(A7="","",IF(COUNTIF(D7:P7,"Red")+COUNTIF(D7:P7,"Amber")>0,"No",IF(COUNTIF(D7:P7,"Green")+COUNTIF(D7:P7,"N/A")=COUNTA(D7:P7),"Yes","In Progress"))) | U7: =IF(Q7="Yes","Green",IF(Q7="No","Red",IF(Q7="In Progress","Amber",""))) | W7: =IF('Induction Employee Register'!W6="","",'Induction Employee Register'!W6) | X7: =IF('Induction Employee Register'!X6="","",'Induction Employee Register'!X6) | Y7: =IF('Induction Employee Register'!Y6="","",'Induction Employee Register'!Y6) | Z7: =IF('Induction Employee Register'!Z6="","",'Induction Employee Register'!Z6) | AA7: =IF('Induction Employee Register'!AA6="","",'Induction Employee Register'!AA6) | AB7: =IF('Induction Employee Register'!AB6="","",'Induction Employee Register'!AB6) | AC7: =IF('Induction Employee Register'!AC6="","",'Induction Employee Register'!AC6) | AD7: =IF('Induction Employee Register'!AD6="","",'Induction Employee Register'!AD6) | ... AG7: =IF('Induction Employee Register'!AG6="","",'Induction Employee Register'!AG6)
A8: =IF('Induction Employee Register'!B7="","",'Induction Employee Register'!B7) | B8: =IF('Induction Employee Register'!C7="","",'Induction Employee Register'!C7) | C8: =IF('Induction Employee Register'!D7="","",'Induction Employee Register'!D7) | D8: =IFERROR(INDEX('SW004'!$C$20:$C$45,MATCH("DBS",'SW004'!$A$20:$A$45,0)),"") -> 0 | E8: ="" | F8: =IFERROR(INDEX('SW004'!$C$20:$C$45,MATCH("Right to Work",'SW004'!$A$20:$A$45,0)),"") -> 0 | G8: =IFERROR(INDEX('SW004'!$C$20:$C$45,MATCH("Proof of address 1",'SW004'!$A$20:$A$45,0)),"") -> 0 | H8: =IFERROR(INDEX('SW004'!$C$20:$C$45,MATCH("Two references",'SW004'!$A$20:$A$45,0)),"") -> 0 | I8: =IFERROR(INDEX('SW004'!$C$20:$C$45,MATCH("Application form",'SW004'!$A$20:$A$45,0)),"") -> 0 | J8: =IFERROR(INDEX('SW004'!$C$20:$C$45,MATCH("Interview notes",'SW004'!$A$20:$A$45,0)),"") -> 0 | K8: =IFERROR(INDEX('SW004'!$C$20:$C$45,MATCH("Contract",'SW004'!$A$20:$A$45,0)),"") -> 0 | L8: =IFERROR(INDEX('SW004'!$C$20:$C$45,MATCH("Job description",'SW004'!$A$20:$A$45,0)),"") -> 0 | M8: =IF('Induction Employee Register'!I7>=0.9,"Green",IF('Induction Employee Register'!I7>=0.75,"Amber",IF('Induction Employee Register'!I7>0,"Red",""))) | N8: ="" | O8: =IFERROR(INDEX('SW004'!$C$20:$C$45,MATCH("Occupational health/fitness declaration",'SW004'!$A$20:$A$45,0)),"") -> 0 | Q8: =IF(A8="","",IF(COUNTIF(D8:P8,"Red")+COUNTIF(D8:P8,"Amber")>0,"No",IF(COUNTIF(D8:P8,"Green")+COUNTIF(D8:P8,"N/A")=COUNTA(D8:P8),"Yes","In Progress"))) | U8: =IF(Q8="Yes","Green",IF(Q8="No","Red",IF(Q8="In Progress","Amber",""))) | W8: =IF('Induction Employee Register'!W7="","",'Induction Employee Register'!W7) | X8: =IF('Induction Employee Register'!X7="","",'Induction Employee Register'!X7) | Y8: =IF('Induction Employee Register'!Y7="","",'Induction Employee Register'!Y7) | Z8: =IF('Induction Employee Register'!Z7="","",'Induction Employee Register'!Z7) | AA8: =IF('Induction Employee Register'!AA7="","",'Induction Employee Register'!AA7) | AB8: =IF('Induction Employee Register'!AB7="","",'Induction Employee Register'!AB7) | AC8: =IF('Induction Employee Register'!AC7="","",'Induction Employee Register'!AC7) | AD8: =IF('Induction Employee Register'!AD7="","",'Induction Employee Register'!AD7) | ... AG8: =IF('Induction Employee Register'!AG7="","",'Induction Employee Register'!AG7)
A9: =IF('Induction Employee Register'!B8="","",'Induction Employee Register'!B8) | B9: =IF('Induction Employee Register'!C8="","",'Induction Employee Register'!C8) | C9: =IF('Induction Employee Register'!D8="","",'Induction Employee Register'!D8) | D9: =IFERROR(INDEX('SW005'!$C$20:$C$45,MATCH("DBS",'SW005'!$A$20:$A$45,0)),"") -> 0 | E9: ="" | F9: =IFERROR(INDEX('SW005'!$C$20:$C$45,MATCH("Right to Work",'SW005'!$A$20:$A$45,0)),"") -> 0 | G9: =IFERROR(INDEX('SW005'!$C$20:$C$45,MATCH("Proof of address 1",'SW005'!$A$20:$A$45,0)),"") -> 0 | H9: =IFERROR(INDEX('SW005'!$C$20:$C$45,MATCH("Two references",'SW005'!$A$20:$A$45,0)),"") -> 0 | I9: =IFERROR(INDEX('SW005'!$C$20:$C$45,MATCH("Application form",'SW005'!$A$20:$A$45,0)),"") -> 0 | J9: =IFERROR(INDEX('SW005'!$C$20:$C$45,MATCH("Interview notes",'SW005'!$A$20:$A$45,0)),"") -> 0 | K9: =IFERROR(INDEX('SW005'!$C$20:$C$45,MATCH("Contract",'SW005'!$A$20:$A$45,0)),"") -> 0 | L9: =IFERROR(INDEX('SW005'!$C$20:$C$45,MATCH("Job description",'SW005'!$A$20:$A$45,0)),"") -> 0 | M9: =IF('Induction Employee Register'!I8>=0.9,"Green",IF('Induction Employee Register'!I8>=0.75,"Amber",IF('Induction Employee Register'!I8>0,"Red",""))) | N9: ="" | O9: =IFERROR(INDEX('SW005'!$C$20:$C$45,MATCH("Occupational health/fitness declaration",'SW005'!$A$20:$A$45,0)),"") -> 0 | Q9: =IF(A9="","",IF(COUNTIF(D9:P9,"Red")+COUNTIF(D9:P9,"Amber")>0,"No",IF(COUNTIF(D9:P9,"Green")+COUNTIF(D9:P9,"N/A")=COUNTA(D9:P9),"Yes","In Progress"))) | U9: =IF(Q9="Yes","Green",IF(Q9="No","Red",IF(Q9="In Progress","Amber",""))) | W9: =IF('Induction Employee Register'!W8="","",'Induction Employee Register'!W8) | X9: =IF('Induction Employee Register'!X8="","",'Induction Employee Register'!X8) | Y9: =IF('Induction Employee Register'!Y8="","",'Induction Employee Register'!Y8) | Z9: =IF('Induction Employee Register'!Z8="","",'Induction Employee Register'!Z8) | AA9: =IF('Induction Employee Register'!AA8="","",'Induction Employee Register'!AA8) | AB9: =IF('Induction Employee Register'!AB8="","",'Induction Employee Register'!AB8) | AC9: =IF('Induction Employee Register'!AC8="","",'Induction Employee Register'!AC8) | AD9: =IF('Induction Employee Register'!AD8="","",'Induction Employee Register'!AD8) | ... AG9: =IF('Induction Employee Register'!AG8="","",'Induction Employee Register'!AG8)
A10: =IF('Induction Employee Register'!B9="","",'Induction Employee Register'!B9) | B10: =IF('Induction Employee Register'!C9="","",'Induction Employee Register'!C9) | C10: =IF('Induction Employee Register'!D9="","",'Induction Employee Register'!D9) | D10: =IFERROR(INDEX('SW006'!$C$20:$C$45,MATCH("DBS",'SW006'!$A$20:$A$45,0)),"") -> 0 | E10: ="" | F10: =IFERROR(INDEX('SW006'!$C$20:$C$45,MATCH("Right to Work",'SW006'!$A$20:$A$45,0)),"") -> 0 | G10: =IFERROR(INDEX('SW006'!$C$20:$C$45,MATCH("Proof of address 1",'SW006'!$A$20:$A$45,0)),"") -> 0 | H10: =IFERROR(INDEX('SW006'!$C$20:$C$45,MATCH("Two references",'SW006'!$A$20:$A$45,0)),"") -> 0 | I10: =IFERROR(INDEX('SW006'!$C$20:$C$45,MATCH("Application form",'SW006'!$A$20:$A$45,0)),"") -> 0 | J10: =IFERROR(INDEX('SW006'!$C$20:$C$45,MATCH("Interview notes",'SW006'!$A$20:$A$45,0)),"") -> 0 | K10: =IFERROR(INDEX('SW006'!$C$20:$C$45,MATCH("Contract",'SW006'!$A$20:$A$45,0)),"") -> 0 | L10: =IFERROR(INDEX('SW006'!$C$20:$C$45,MATCH("Job description",'SW006'!$A$20:$A$45,0)),"") -> 0 | M10: =IF('Induction Employee Register'!I9>=0.9,"Green",IF('Induction Employee Register'!I9>=0.75,"Amber",IF('Induction Employee Register'!I9>0,"Red",""))) | N10: ="" | O10: =IFERROR(INDEX('SW006'!$C$20:$C$45,MATCH("Occupational health/fitness declaration",'SW006'!$A$20:$A$45,0)),"") -> 0 | Q10: =IF(A10="","",IF(COUNTIF(D10:P10,"Red")+COUNTIF(D10:P10,"Amber")>0,"No",IF(COUNTIF(D10:P10,"Green")+COUNTIF(D10:P10,"N/A")=COUNTA(D10:P10),"Yes","In Progress"))) | U10: =IF(Q10="Yes","Green",IF(Q10="No","Red",IF(Q10="In Progress","Amber",""))) | W10: =IF('Induction Employee Register'!W9="","",'Induction Employee Register'!W9) | X10: =IF('Induction Employee Register'!X9="","",'Induction Employee Register'!X9) | Y10: =IF('Induction Employee Register'!Y9="","",'Induction Employee Register'!Y9) | Z10: =IF('Induction Employee Register'!Z9="","",'Induction Employee Register'!Z9) | AA10: =IF('Induction Employee Register'!AA9="","",'Induction Employee Register'!AA9) | AB10: =IF('Induction Employee Register'!AB9="","",'Induction Employee Register'!AB9) | AC10: =IF('Induction Employee Register'!AC9="","",'Induction Employee Register'!AC9) | AD10: =IF('Induction Employee Register'!AD9="","",'Induction Employee Register'!AD9) | ... AG10: =IF('Induction Employee Register'!AG9="","",'Induction Employee Register'!AG9)
A11: =IF('Induction Employee Register'!B10="","",'Induction Employee Register'!B10) | B11: =IF('Induction Employee Register'!C10="","",'Induction Employee Register'!C10) | C11: =IF('Induction Employee Register'!D10="","",'Induction Employee Register'!D10) | D11: =IFERROR(INDEX('SW007'!$C$20:$C$45,MATCH("DBS",'SW007'!$A$20:$A$45,0)),"") -> 0 | E11: ="" | F11: =IFERROR(INDEX('SW007'!$C$20:$C$45,MATCH("Right to Work",'SW007'!$A$20:$A$45,0)),"") -> 0 | G11: =IFERROR(INDEX('SW007'!$C$20:$C$45,MATCH("Proof of address 1",'SW007'!$A$20:$A$45,0)),"") -> 0 | H11: =IFERROR(INDEX('SW007'!$C$20:$C$45,MATCH("Two references",'SW007'!$A$20:$A$45,0)),"") -> 0 | I11: =IFERROR(INDEX('SW007'!$C$20:$C$45,MATCH("Application form",'SW007'!$A$20:$A$45,0)),"") -> 0 | J11: =IFERROR(INDEX('SW007'!$C$20:$C$45,MATCH("Interview notes",'SW007'!$A$20:$A$45,0)),"") -> 0 | K11: =IFERROR(INDEX('SW007'!$C$20:$C$45,MATCH("Contract",'SW007'!$A$20:$A$45,0)),"") -> 0 | L11: =IFERROR(INDEX('SW007'!$C$20:$C$45,MATCH("Job description",'SW007'!$A$20:$A$45,0)),"") -> 0 | M11: =IF('Induction Employee Register'!I10>=0.9,"Green",IF('Induction Employee Register'!I10>=0.75,"Amber",IF('Induction Employee Register'!I10>0,"Red",""))) | N11: ="" | O11: =IFERROR(INDEX('SW007'!$C$20:$C$45,MATCH("Occupational health/fitness declaration",'SW007'!$A$20:$A$45,0)),"") -> 0 | Q11: =IF(A11="","",IF(COUNTIF(D11:P11,"Red")+COUNTIF(D11:P11,"Amber")>0,"No",IF(COUNTIF(D11:P11,"Green")+COUNTIF(D11:P11,"N/A")=COUNTA(D11:P11),"Yes","In Progress"))) | U11: =IF(Q11="Yes","Green",IF(Q11="No","Red",IF(Q11="In Progress","Amber",""))) | W11: =IF('Induction Employee Register'!W10="","",'Induction Employee Register'!W10) | X11: =IF('Induction Employee Register'!X10="","",'Induction Employee Register'!X10) | Y11: =IF('Induction Employee Register'!Y10="","",'Induction Employee Register'!Y10) | Z11: =IF('Induction Employee Register'!Z10="","",'Induction Employee Register'!Z10) | AA11: =IF('Induction Employee Register'!AA10="","",'Induction Employee Register'!AA10) | AB11: =IF('Induction Employee Register'!AB10="","",'Induction Employee Register'!AB10) | AC11: =IF('Induction Employee Register'!AC10="","",'Induction Employee Register'!AC10) | AD11: =IF('Induction Employee Register'!AD10="","",'Induction Employee Register'!AD10) | ... AG11: =IF('Induction Employee Register'!AG10="","",'Induction Employee Register'!AG10)
A12: =IF('Induction Employee Register'!B11="","",'Induction Employee Register'!B11) | B12: =IF('Induction Employee Register'!C11="","",'Induction Employee Register'!C11) | C12: =IF('Induction Employee Register'!D11="","",'Induction Employee Register'!D11) | D12: =IFERROR(INDEX('SW008'!$C$20:$C$45,MATCH("DBS",'SW008'!$A$20:$A$45,0)),"") -> 0 | E12: ="" | F12: =IFERROR(INDEX('SW008'!$C$20:$C$45,MATCH("Right to Work",'SW008'!$A$20:$A$45,0)),"") -> 0 | G12: =IFERROR(INDEX('SW008'!$C$20:$C$45,MATCH("Proof of address 1",'SW008'!$A$20:$A$45,0)),"") -> 0 | H12: =IFERROR(INDEX('SW008'!$C$20:$C$45,MATCH("Two references",'SW008'!$A$20:$A$45,0)),"") -> 0 | I12: =IFERROR(INDEX('SW008'!$C$20:$C$45,MATCH("Application form",'SW008'!$A$20:$A$45,0)),"") -> 0 | J12: =IFERROR(INDEX('SW008'!$C$20:$C$45,MATCH("Interview notes",'SW008'!$A$20:$A$45,0)),"") -> 0 | K12: =IFERROR(INDEX('SW008'!$C$20:$C$45,MATCH("Contract",'SW008'!$A$20:$A$45,0)),"") -> 0 | L12: =IFERROR(INDEX('SW008'!$C$20:$C$45,MATCH("Job description",'SW008'!$A$20:$A$45,0)),"") -> 0 | M12: =IF('Induction Employee Register'!I11>=0.9,"Green",IF('Induction Employee Register'!I11>=0.75,"Amber",IF('Induction Employee Register'!I11>0,"Red",""))) | N12: ="" | O12: =IFERROR(INDEX('SW008'!$C$20:$C$45,MATCH("Occupational health/fitness declaration",'SW008'!$A$20:$A$45,0)),"") -> 0 | Q12: =IF(A12="","",IF(COUNTIF(D12:P12,"Red")+COUNTIF(D12:P12,"Amber")>0,"No",IF(COUNTIF(D12:P12,"Green")+COUNTIF(D12:P12,"N/A")=COUNTA(D12:P12),"Yes","In Progress"))) | U12: =IF(Q12="Yes","Green",IF(Q12="No","Red",IF(Q12="In Progress","Amber",""))) | W12: =IF('Induction Employee Register'!W11="","",'Induction Employee Register'!W11) | X12: =IF('Induction Employee Register'!X11="","",'Induction Employee Register'!X11) | Y12: =IF('Induction Employee Register'!Y11="","",'Induction Employee Register'!Y11) | Z12: =IF('Induction Employee Register'!Z11="","",'Induction Employee Register'!Z11) | AA12: =IF('Induction Employee Register'!AA11="","",'Induction Employee Register'!AA11) | AB12: =IF('Induction Employee Register'!AB11="","",'Induction Employee Register'!AB11) | AC12: =IF('Induction Employee Register'!AC11="","",'Induction Employee Register'!AC11) | AD12: =IF('Induction Employee Register'!AD11="","",'Induction Employee Register'!AD11) | ... AG12: =IF('Induction Employee Register'!AG11="","",'Induction Employee Register'!AG11)
A13: =IF('Induction Employee Register'!B12="","",'Induction Employee Register'!B12) | B13: =IF('Induction Employee Register'!C12="","",'Induction Employee Register'!C12) | C13: =IF('Induction Employee Register'!D12="","",'Induction Employee Register'!D12) | D13: =IFERROR(INDEX('SW009'!$C$20:$C$45,MATCH("DBS",'SW009'!$A$20:$A$45,0)),"") -> 0 | E13: ="" | F13: =IFERROR(INDEX('SW009'!$C$20:$C$45,MATCH("Right to Work",'SW009'!$A$20:$A$45,0)),"") -> 0 | G13: =IFERROR(INDEX('SW009'!$C$20:$C$45,MATCH("Proof of address 1",'SW009'!$A$20:$A$45,0)),"") -> 0 | H13: =IFERROR(INDEX('SW009'!$C$20:$C$45,MATCH("Two references",'SW009'!$A$20:$A$45,0)),"") -> 0 | I13: =IFERROR(INDEX('SW009'!$C$20:$C$45,MATCH("Application form",'SW009'!$A$20:$A$45,0)),"") -> 0 | J13: =IFERROR(INDEX('SW009'!$C$20:$C$45,MATCH("Interview notes",'SW009'!$A$20:$A$45,0)),"") -> 0 | K13: =IFERROR(INDEX('SW009'!$C$20:$C$45,MATCH("Contract",'SW009'!$A$20:$A$45,0)),"") -> 0 | L13: =IFERROR(INDEX('SW009'!$C$20:$C$45,MATCH("Job description",'SW009'!$A$20:$A$45,0)),"") -> 0 | M13: =IF('Induction Employee Register'!I12>=0.9,"Green",IF('Induction Employee Register'!I12>=0.75,"Amber",IF('Induction Employee Register'!I12>0,"Red",""))) | N13: ="" | O13: =IFERROR(INDEX('SW009'!$C$20:$C$45,MATCH("Occupational health/fitness declaration",'SW009'!$A$20:$A$45,0)),"") -> 0 | Q13: =IF(A13="","",IF(COUNTIF(D13:P13,"Red")+COUNTIF(D13:P13,"Amber")>0,"No",IF(COUNTIF(D13:P13,"Green")+COUNTIF(D13:P13,"N/A")=COUNTA(D13:P13),"Yes","In Progress"))) | U13: =IF(Q13="Yes","Green",IF(Q13="No","Red",IF(Q13="In Progress","Amber",""))) | W13: =IF('Induction Employee Register'!W12="","",'Induction Employee Register'!W12) | X13: =IF('Induction Employee Register'!X12="","",'Induction Employee Register'!X12) | Y13: =IF('Induction Employee Register'!Y12="","",'Induction Employee Register'!Y12) | Z13: =IF('Induction Employee Register'!Z12="","",'Induction Employee Register'!Z12) | AA13: =IF('Induction Employee Register'!AA12="","",'Induction Employee Register'!AA12) | AB13: =IF('Induction Employee Register'!AB12="","",'Induction Employee Register'!AB12) | AC13: =IF('Induction Employee Register'!AC12="","",'Induction Employee Register'!AC12) | AD13: =IF('Induction Employee Register'!AD12="","",'Induction Employee Register'!AD12) | ... AG13: =IF('Induction Employee Register'!AG12="","",'Induction Employee Register'!AG12)
A14: =IF('Induction Employee Register'!B13="","",'Induction Employee Register'!B13) | B14: =IF('Induction Employee Register'!C13="","",'Induction Employee Register'!C13) | C14: =IF('Induction Employee Register'!D13="","",'Induction Employee Register'!D13) | D14: =IFERROR(INDEX('SW010'!$C$20:$C$45,MATCH("DBS",'SW010'!$A$20:$A$45,0)),"") -> 0 | E14: ="" | F14: =IFERROR(INDEX('SW010'!$C$20:$C$45,MATCH("Right to Work",'SW010'!$A$20:$A$45,0)),"") -> 0 | G14: =IFERROR(INDEX('SW010'!$C$20:$C$45,MATCH("Proof of address 1",'SW010'!$A$20:$A$45,0)),"") -> 0 | H14: =IFERROR(INDEX('SW010'!$C$20:$C$45,MATCH("Two references",'SW010'!$A$20:$A$45,0)),"") -> 0 | I14: =IFERROR(INDEX('SW010'!$C$20:$C$45,MATCH("Application form",'SW010'!$A$20:$A$45,0)),"") -> 0 | J14: =IFERROR(INDEX('SW010'!$C$20:$C$45,MATCH("Interview notes",'SW010'!$A$20:$A$45,0)),"") -> 0 | K14: =IFERROR(INDEX('SW010'!$C$20:$C$45,MATCH("Contract",'SW010'!$A$20:$A$45,0)),"") -> 0 | L14: =IFERROR(INDEX('SW010'!$C$20:$C$45,MATCH("Job description",'SW010'!$A$20:$A$45,0)),"") -> 0 | M14: =IF('Induction Employee Register'!I13>=0.9,"Green",IF('Induction Employee Register'!I13>=0.75,"Amber",IF('Induction Employee Register'!I13>0,"Red",""))) | N14: ="" | O14: =IFERROR(INDEX('SW010'!$C$20:$C$45,MATCH("Occupational health/fitness declaration",'SW010'!$A$20:$A$45,0)),"") -> 0 | Q14: =IF(A14="","",IF(COUNTIF(D14:P14,"Red")+COUNTIF(D14:P14,"Amber")>0,"No",IF(COUNTIF(D14:P14,"Green")+COUNTIF(D14:P14,"N/A")=COUNTA(D14:P14),"Yes","In Progress"))) | U14: =IF(Q14="Yes","Green",IF(Q14="No","Red",IF(Q14="In Progress","Amber",""))) | W14: =IF('Induction Employee Register'!W13="","",'Induction Employee Register'!W13) | X14: =IF('Induction Employee Register'!X13="","",'Induction Employee Register'!X13) | Y14: =IF('Induction Employee Register'!Y13="","",'Induction Employee Register'!Y13) | Z14: =IF('Induction Employee Register'!Z13="","",'Induction Employee Register'!Z13) | AA14: =IF('Induction Employee Register'!AA13="","",'Induction Employee Register'!AA13) | AB14: =IF('Induction Employee Register'!AB13="","",'Induction Employee Register'!AB13) | AC14: =IF('Induction Employee Register'!AC13="","",'Induction Employee Register'!AC13) | AD14: =IF('Induction Employee Register'!AD13="","",'Induction Employee Register'!AD13) | ... AG14: =IF('Induction Employee Register'!AG13="","",'Induction Employee Register'!AG13)
A15: =IF('Induction Employee Register'!B14="","",'Induction Employee Register'!B14) | B15: =IF('Induction Employee Register'!C14="","",'Induction Employee Register'!C14) | C15: =IF('Induction Employee Register'!D14="","",'Induction Employee Register'!D14) | D15: =IFERROR(INDEX('SW011'!$C$20:$C$45,MATCH("DBS",'SW011'!$A$20:$A$45,0)),"") -> 0 | E15: ="" | F15: =IFERROR(INDEX('SW011'!$C$20:$C$45,MATCH("Right to Work",'SW011'!$A$20:$A$45,0)),"") -> 0 | G15: =IFERROR(INDEX('SW011'!$C$20:$C$45,MATCH("Proof of address 1",'SW011'!$A$20:$A$45,0)),"") -> 0 | H15: =IFERROR(INDEX('SW011'!$C$20:$C$45,MATCH("Two references",'SW011'!$A$20:$A$45,0)),"") -> 0 | I15: =IFERROR(INDEX('SW011'!$C$20:$C$45,MATCH("Application form",'SW011'!$A$20:$A$45,0)),"") -> 0 | J15: =IFERROR(INDEX('SW011'!$C$20:$C$45,MATCH("Interview notes",'SW011'!$A$20:$A$45,0)),"") -> 0 | K15: =IFERROR(INDEX('SW011'!$C$20:$C$45,MATCH("Contract",'SW011'!$A$20:$A$45,0)),"") -> 0 | L15: =IFERROR(INDEX('SW011'!$C$20:$C$45,MATCH("Job description",'SW011'!$A$20:$A$45,0)),"") -> 0 | M15: =IF('Induction Employee Register'!I14>=0.9,"Green",IF('Induction Employee Register'!I14>=0.75,"Amber",IF('Induction Employee Register'!I14>0,"Red",""))) | N15: ="" | O15: =IFERROR(INDEX('SW011'!$C$20:$C$45,MATCH("Occupational health/fitness declaration",'SW011'!$A$20:$A$45,0)),"") -> 0 | Q15: =IF(A15="","",IF(COUNTIF(D15:P15,"Red")+COUNTIF(D15:P15,"Amber")>0,"No",IF(COUNTIF(D15:P15,"Green")+COUNTIF(D15:P15,"N/A")=COUNTA(D15:P15),"Yes","In Progress"))) | U15: =IF(Q15="Yes","Green",IF(Q15="No","Red",IF(Q15="In Progress","Amber",""))) | W15: =IF('Induction Employee Register'!W14="","",'Induction Employee Register'!W14) | X15: =IF('Induction Employee Register'!X14="","",'Induction Employee Register'!X14) | Y15: =IF('Induction Employee Register'!Y14="","",'Induction Employee Register'!Y14) | Z15: =IF('Induction Employee Register'!Z14="","",'Induction Employee Register'!Z14) | AA15: =IF('Induction Employee Register'!AA14="","",'Induction Employee Register'!AA14) | AB15: =IF('Induction Employee Register'!AB14="","",'Induction Employee Register'!AB14) | AC15: =IF('Induction Employee Register'!AC14="","",'Induction Employee Register'!AC14) | AD15: =IF('Induction Employee Register'!AD14="","",'Induction Employee Register'!AD14) | ... AG15: =IF('Induction Employee Register'!AG14="","",'Induction Employee Register'!AG14)
A16: =IF('Induction Employee Register'!B15="","",'Induction Employee Register'!B15) | B16: =IF('Induction Employee Register'!C15="","",'Induction Employee Register'!C15) | C16: =IF('Induction Employee Register'!D15="","",'Induction Employee Register'!D15) | D16: =IFERROR(INDEX('SW012'!$C$20:$C$45,MATCH("DBS",'SW012'!$A$20:$A$45,0)),"") -> 0 | E16: ="" | F16: =IFERROR(INDEX('SW012'!$C$20:$C$45,MATCH("Right to Work",'SW012'!$A$20:$A$45,0)),"") -> 0 | G16: =IFERROR(INDEX('SW012'!$C$20:$C$45,MATCH("Proof of address 1",'SW012'!$A$20:$A$45,0)),"") -> 0 | H16: =IFERROR(INDEX('SW012'!$C$20:$C$45,MATCH("Two references",'SW012'!$A$20:$A$45,0)),"") -> 0 | I16: =IFERROR(INDEX('SW012'!$C$20:$C$45,MATCH("Application form",'SW012'!$A$20:$A$45,0)),"") -> 0 | J16: =IFERROR(INDEX('SW012'!$C$20:$C$45,MATCH("Interview notes",'SW012'!$A$20:$A$45,0)),"") -> 0 | K16: =IFERROR(INDEX('SW012'!$C$20:$C$45,MATCH("Contract",'SW012'!$A$20:$A$45,0)),"") -> 0 | L16: =IFERROR(INDEX('SW012'!$C$20:$C$45,MATCH("Job description",'SW012'!$A$20:$A$45,0)),"") -> 0 | M16: =IF('Induction Employee Register'!I15>=0.9,"Green",IF('Induction Employee Register'!I15>=0.75,"Amber",IF('Induction Employee Register'!I15>0,"Red",""))) | N16: ="" | O16: =IFERROR(INDEX('SW012'!$C$20:$C$45,MATCH("Occupational health/fitness declaration",'SW012'!$A$20:$A$45,0)),"") -> 0 | Q16: =IF(A16="","",IF(COUNTIF(D16:P16,"Red")+COUNTIF(D16:P16,"Amber")>0,"No",IF(COUNTIF(D16:P16,"Green")+COUNTIF(D16:P16,"N/A")=COUNTA(D16:P16),"Yes","In Progress"))) | U16: =IF(Q16="Yes","Green",IF(Q16="No","Red",IF(Q16="In Progress","Amber",""))) | W16: =IF('Induction Employee Register'!W15="","",'Induction Employee Register'!W15) | X16: =IF('Induction Employee Register'!X15="","",'Induction Employee Register'!X15) | Y16: =IF('Induction Employee Register'!Y15="","",'Induction Employee Register'!Y15) | Z16: =IF('Induction Employee Register'!Z15="","",'Induction Employee Register'!Z15) | AA16: =IF('Induction Employee Register'!AA15="","",'Induction Employee Register'!AA15) | AB16: =IF('Induction Employee Register'!AB15="","",'Induction Employee Register'!AB15) | AC16: =IF('Induction Employee Register'!AC15="","",'Induction Employee Register'!AC15) | AD16: =IF('Induction Employee Register'!AD15="","",'Induction Employee Register'!AD15) | ... AG16: =IF('Induction Employee Register'!AG15="","",'Induction Employee Register'!AG15)
A17: =IF('Induction Employee Register'!B16="","",'Induction Employee Register'!B16) | B17: =IF('Induction Employee Register'!C16="","",'Induction Employee Register'!C16) | C17: =IF('Induction Employee Register'!D16="","",'Induction Employee Register'!D16) | D17: =IFERROR(INDEX('SW013'!$C$20:$C$45,MATCH("DBS",'SW013'!$A$20:$A$45,0)),"") -> 0 | E17: ="" | F17: =IFERROR(INDEX('SW013'!$C$20:$C$45,MATCH("Right to Work",'SW013'!$A$20:$A$45,0)),"") -> 0 | G17: =IFERROR(INDEX('SW013'!$C$20:$C$45,MATCH("Proof of address 1",'SW013'!$A$20:$A$45,0)),"") -> 0 | H17: =IFERROR(INDEX('SW013'!$C$20:$C$45,MATCH("Two references",'SW013'!$A$20:$A$45,0)),"") -> 0 | I17: =IFERROR(INDEX('SW013'!$C$20:$C$45,MATCH("Application form",'SW013'!$A$20:$A$45,0)),"") -> 0 | J17: =IFERROR(INDEX('SW013'!$C$20:$C$45,MATCH("Interview notes",'SW013'!$A$20:$A$45,0)),"") -> 0 | K17: =IFERROR(INDEX('SW013'!$C$20:$C$45,MATCH("Contract",'SW013'!$A$20:$A$45,0)),"") -> 0 | L17: =IFERROR(INDEX('SW013'!$C$20:$C$45,MATCH("Job description",'SW013'!$A$20:$A$45,0)),"") -> 0 | M17: =IF('Induction Employee Register'!I16>=0.9,"Green",IF('Induction Employee Register'!I16>=0.75,"Amber",IF('Induction Employee Register'!I16>0,"Red",""))) | N17: ="" | O17: =IFERROR(INDEX('SW013'!$C$20:$C$45,MATCH("Occupational health/fitness declaration",'SW013'!$A$20:$A$45,0)),"") -> 0 | Q17: =IF(A17="","",IF(COUNTIF(D17:P17,"Red")+COUNTIF(D17:P17,"Amber")>0,"No",IF(COUNTIF(D17:P17,"Green")+COUNTIF(D17:P17,"N/A")=COUNTA(D17:P17),"Yes","In Progress"))) | U17: =IF(Q17="Yes","Green",IF(Q17="No","Red",IF(Q17="In Progress","Amber",""))) | W17: =IF('Induction Employee Register'!W16="","",'Induction Employee Register'!W16) | X17: =IF('Induction Employee Register'!X16="","",'Induction Employee Register'!X16) | Y17: =IF('Induction Employee Register'!Y16="","",'Induction Employee Register'!Y16) | Z17: =IF('Induction Employee Register'!Z16="","",'Induction Employee Register'!Z16) | AA17: =IF('Induction Employee Register'!AA16="","",'Induction Employee Register'!AA16) | AB17: =IF('Induction Employee Register'!AB16="","",'Induction Employee Register'!AB16) | AC17: =IF('Induction Employee Register'!AC16="","",'Induction Employee Register'!AC16) | AD17: =IF('Induction Employee Register'!AD16="","",'Induction Employee Register'!AD16) | ... AG17: =IF('Induction Employee Register'!AG16="","",'Induction Employee Register'!AG16)
A18: =IF('Induction Employee Register'!B17="","",'Induction Employee Register'!B17) | B18: =IF('Induction Employee Register'!C17="","",'Induction Employee Register'!C17) | C18: =IF('Induction Employee Register'!D17="","",'Induction Employee Register'!D17) | D18: =IFERROR(INDEX('SW014'!$C$20:$C$45,MATCH("DBS",'SW014'!$A$20:$A$45,0)),"") -> 0 | E18: ="" | F18: =IFERROR(INDEX('SW014'!$C$20:$C$45,MATCH("Right to Work",'SW014'!$A$20:$A$45,0)),"") -> 0 | G18: =IFERROR(INDEX('SW014'!$C$20:$C$45,MATCH("Proof of address 1",'SW014'!$A$20:$A$45,0)),"") -> 0 | H18: =IFERROR(INDEX('SW014'!$C$20:$C$45,MATCH("Two references",'SW014'!$A$20:$A$45,0)),"") -> 0 | I18: =IFERROR(INDEX('SW014'!$C$20:$C$45,MATCH("Application form",'SW014'!$A$20:$A$45,0)),"") -> 0 | J18: =IFERROR(INDEX('SW014'!$C$20:$C$45,MATCH("Interview notes",'SW014'!$A$20:$A$45,0)),"") -> 0 | K18: =IFERROR(INDEX('SW014'!$C$20:$C$45,MATCH("Contract",'SW014'!$A$20:$A$45,0)),"") -> 0 | L18: =IFERROR(INDEX('SW014'!$C$20:$C$45,MATCH("Job description",'SW014'!$A$20:$A$45,0)),"") -> 0 | M18: =IF('Induction Employee Register'!I17>=0.9,"Green",IF('Induction Employee Register'!I17>=0.75,"Amber",IF('Induction Employee Register'!I17>0,"Red",""))) | N18: ="" | O18: =IFERROR(INDEX('SW014'!$C$20:$C$45,MATCH("Occupational health/fitness declaration",'SW014'!$A$20:$A$45,0)),"") -> 0 | Q18: =IF(A18="","",IF(COUNTIF(D18:P18,"Red")+COUNTIF(D18:P18,"Amber")>0,"No",IF(COUNTIF(D18:P18,"Green")+COUNTIF(D18:P18,"N/A")=COUNTA(D18:P18),"Yes","In Progress"))) | U18: =IF(Q18="Yes","Green",IF(Q18="No","Red",IF(Q18="In Progress","Amber",""))) | W18: =IF('Induction Employee Register'!W17="","",'Induction Employee Register'!W17) | X18: =IF('Induction Employee Register'!X17="","",'Induction Employee Register'!X17) | Y18: =IF('Induction Employee Register'!Y17="","",'Induction Employee Register'!Y17) | Z18: =IF('Induction Employee Register'!Z17="","",'Induction Employee Register'!Z17) | AA18: =IF('Induction Employee Register'!AA17="","",'Induction Employee Register'!AA17) | AB18: =IF('Induction Employee Register'!AB17="","",'Induction Employee Register'!AB17) | AC18: =IF('Induction Employee Register'!AC17="","",'Induction Employee Register'!AC17) | AD18: =IF('Induction Employee Register'!AD17="","",'Induction Employee Register'!AD17) | ... AG18: =IF('Induction Employee Register'!AG17="","",'Induction Employee Register'!AG17)
A19: =IF('Induction Employee Register'!B18="","",'Induction Employee Register'!B18) | B19: =IF('Induction Employee Register'!C18="","",'Induction Employee Register'!C18) | C19: =IF('Induction Employee Register'!D18="","",'Induction Employee Register'!D18) | D19: =IFERROR(INDEX('SW015'!$C$20:$C$45,MATCH("DBS",'SW015'!$A$20:$A$45,0)),"") -> 0 | E19: ="" | F19: =IFERROR(INDEX('SW015'!$C$20:$C$45,MATCH("Right to Work",'SW015'!$A$20:$A$45,0)),"") -> 0 | G19: =IFERROR(INDEX('SW015'!$C$20:$C$45,MATCH("Proof of address 1",'SW015'!$A$20:$A$45,0)),"") -> 0 | H19: =IFERROR(INDEX('SW015'!$C$20:$C$45,MATCH("Two references",'SW015'!$A$20:$A$45,0)),"") -> 0 | I19: =IFERROR(INDEX('SW015'!$C$20:$C$45,MATCH("Application form",'SW015'!$A$20:$A$45,0)),"") -> 0 | J19: =IFERROR(INDEX('SW015'!$C$20:$C$45,MATCH("Interview notes",'SW015'!$A$20:$A$45,0)),"") -> 0 | K19: =IFERROR(INDEX('SW015'!$C$20:$C$45,MATCH("Contract",'SW015'!$A$20:$A$45,0)),"") -> 0 | L19: =IFERROR(INDEX('SW015'!$C$20:$C$45,MATCH("Job description",'SW015'!$A$20:$A$45,0)),"") -> 0 | M19: =IF('Induction Employee Register'!I18>=0.9,"Green",IF('Induction Employee Register'!I18>=0.75,"Amber",IF('Induction Employee Register'!I18>0,"Red",""))) | N19: ="" | O19: =IFERROR(INDEX('SW015'!$C$20:$C$45,MATCH("Occupational health/fitness declaration",'SW015'!$A$20:$A$45,0)),"") -> 0 | Q19: =IF(A19="","",IF(COUNTIF(D19:P19,"Red")+COUNTIF(D19:P19,"Amber")>0,"No",IF(COUNTIF(D19:P19,"Green")+COUNTIF(D19:P19,"N/A")=COUNTA(D19:P19),"Yes","In Progress"))) | U19: =IF(Q19="Yes","Green",IF(Q19="No","Red",IF(Q19="In Progress","Amber",""))) | W19: =IF('Induction Employee Register'!W18="","",'Induction Employee Register'!W18) | X19: =IF('Induction Employee Register'!X18="","",'Induction Employee Register'!X18) | Y19: =IF('Induction Employee Register'!Y18="","",'Induction Employee Register'!Y18) | Z19: =IF('Induction Employee Register'!Z18="","",'Induction Employee Register'!Z18) | AA19: =IF('Induction Employee Register'!AA18="","",'Induction Employee Register'!AA18) | AB19: =IF('Induction Employee Register'!AB18="","",'Induction Employee Register'!AB18) | AC19: =IF('Induction Employee Register'!AC18="","",'Induction Employee Register'!AC18) | AD19: =IF('Induction Employee Register'!AD18="","",'Induction Employee Register'!AD18) | ... AG19: =IF('Induction Employee Register'!AG18="","",'Induction Employee Register'!AG18)
A20: =IF('Induction Employee Register'!B19="","",'Induction Employee Register'!B19) | B20: =IF('Induction Employee Register'!C19="","",'Induction Employee Register'!C19) | C20: =IF('Induction Employee Register'!D19="","",'Induction Employee Register'!D19) | D20: =IFERROR(INDEX('SW016'!$C$20:$C$45,MATCH("DBS",'SW016'!$A$20:$A$45,0)),"") -> 0 | E20: ="" | F20: =IFERROR(INDEX('SW016'!$C$20:$C$45,MATCH("Right to Work",'SW016'!$A$20:$A$45,0)),"") -> 0 | G20: =IFERROR(INDEX('SW016'!$C$20:$C$45,MATCH("Proof of address 1",'SW016'!$A$20:$A$45,0)),"") -> 0 | H20: =IFERROR(INDEX('SW016'!$C$20:$C$45,MATCH("Two references",'SW016'!$A$20:$A$45,0)),"") -> 0 | I20: =IFERROR(INDEX('SW016'!$C$20:$C$45,MATCH("Application form",'SW016'!$A$20:$A$45,0)),"") -> 0 | J20: =IFERROR(INDEX('SW016'!$C$20:$C$45,MATCH("Interview notes",'SW016'!$A$20:$A$45,0)),"") -> 0 | K20: =IFERROR(INDEX('SW016'!$C$20:$C$45,MATCH("Contract",'SW016'!$A$20:$A$45,0)),"") -> 0 | L20: =IFERROR(INDEX('SW016'!$C$20:$C$45,MATCH("Job description",'SW016'!$A$20:$A$45,0)),"") -> 0 | M20: =IF('Induction Employee Register'!I19>=0.9,"Green",IF('Induction Employee Register'!I19>=0.75,"Amber",IF('Induction Employee Register'!I19>0,"Red",""))) | N20: ="" | O20: =IFERROR(INDEX('SW016'!$C$20:$C$45,MATCH("Occupational health/fitness declaration",'SW016'!$A$20:$A$45,0)),"") -> 0 | Q20: =IF(A20="","",IF(COUNTIF(D20:P20,"Red")+COUNTIF(D20:P20,"Amber")>0,"No",IF(COUNTIF(D20:P20,"Green")+COUNTIF(D20:P20,"N/A")=COUNTA(D20:P20),"Yes","In Progress"))) | U20: =IF(Q20="Yes","Green",IF(Q20="No","Red",IF(Q20="In Progress","Amber",""))) | W20: =IF('Induction Employee Register'!W19="","",'Induction Employee Register'!W19) | X20: =IF('Induction Employee Register'!X19="","",'Induction Employee Register'!X19) | Y20: =IF('Induction Employee Register'!Y19="","",'Induction Employee Register'!Y19) | Z20: =IF('Induction Employee Register'!Z19="","",'Induction Employee Register'!Z19) | AA20: =IF('Induction Employee Register'!AA19="","",'Induction Employee Register'!AA19) | AB20: =IF('Induction Employee Register'!AB19="","",'Induction Employee Register'!AB19) | AC20: =IF('Induction Employee Register'!AC19="","",'Induction Employee Register'!AC19) | AD20: =IF('Induction Employee Register'!AD19="","",'Induction Employee Register'!AD19) | ... AG20: =IF('Induction Employee Register'!AG19="","",'Induction Employee Register'!AG19)
A21: =IF('Induction Employee Register'!B20="","",'Induction Employee Register'!B20) | B21: =IF('Induction Employee Register'!C20="","",'Induction Employee Register'!C20) | C21: =IF('Induction Employee Register'!D20="","",'Induction Employee Register'!D20) | D21: =IFERROR(INDEX('SW017'!$C$20:$C$45,MATCH("DBS",'SW017'!$A$20:$A$45,0)),"") -> 0 | E21: ="" | F21: =IFERROR(INDEX('SW017'!$C$20:$C$45,MATCH("Right to Work",'SW017'!$A$20:$A$45,0)),"") -> 0 | G21: =IFERROR(INDEX('SW017'!$C$20:$C$45,MATCH("Proof of address 1",'SW017'!$A$20:$A$45,0)),"") -> 0 | H21: =IFERROR(INDEX('SW017'!$C$20:$C$45,MATCH("Two references",'SW017'!$A$20:$A$45,0)),"") -> 0 | I21: =IFERROR(INDEX('SW017'!$C$20:$C$45,MATCH("Application form",'SW017'!$A$20:$A$45,0)),"") -> 0 | J21: =IFERROR(INDEX('SW017'!$C$20:$C$45,MATCH("Interview notes",'SW017'!$A$20:$A$45,0)),"") -> 0 | K21: =IFERROR(INDEX('SW017'!$C$20:$C$45,MATCH("Contract",'SW017'!$A$20:$A$45,0)),"") -> 0 | L21: =IFERROR(INDEX('SW017'!$C$20:$C$45,MATCH("Job description",'SW017'!$A$20:$A$45,0)),"") -> 0 | M21: =IF('Induction Employee Register'!I20>=0.9,"Green",IF('Induction Employee Register'!I20>=0.75,"Amber",IF('Induction Employee Register'!I20>0,"Red",""))) | N21: ="" | O21: =IFERROR(INDEX('SW017'!$C$20:$C$45,MATCH("Occupational health/fitness declaration",'SW017'!$A$20:$A$45,0)),"") -> 0 | Q21: =IF(A21="","",IF(COUNTIF(D21:P21,"Red")+COUNTIF(D21:P21,"Amber")>0,"No",IF(COUNTIF(D21:P21,"Green")+COUNTIF(D21:P21,"N/A")=COUNTA(D21:P21),"Yes","In Progress"))) | U21: =IF(Q21="Yes","Green",IF(Q21="No","Red",IF(Q21="In Progress","Amber",""))) | W21: =IF('Induction Employee Register'!W20="","",'Induction Employee Register'!W20) | X21: =IF('Induction Employee Register'!X20="","",'Induction Employee Register'!X20) | Y21: =IF('Induction Employee Register'!Y20="","",'Induction Employee Register'!Y20) | Z21: =IF('Induction Employee Register'!Z20="","",'Induction Employee Register'!Z20) | AA21: =IF('Induction Employee Register'!AA20="","",'Induction Employee Register'!AA20) | AB21: =IF('Induction Employee Register'!AB20="","",'Induction Employee Register'!AB20) | AC21: =IF('Induction Employee Register'!AC20="","",'Induction Employee Register'!AC20) | AD21: =IF('Induction Employee Register'!AD20="","",'Induction Employee Register'!AD20) | ... AG21: =IF('Induction Employee Register'!AG20="","",'Induction Employee Register'!AG20)
A22: =IF('Induction Employee Register'!B21="","",'Induction Employee Register'!B21) | B22: =IF('Induction Employee Register'!C21="","",'Induction Employee Register'!C21) | C22: =IF('Induction Employee Register'!D21="","",'Induction Employee Register'!D21) | D22: =IFERROR(INDEX('SW018'!$C$20:$C$45,MATCH("DBS",'SW018'!$A$20:$A$45,0)),"") -> 0 | E22: ="" | F22: =IFERROR(INDEX('SW018'!$C$20:$C$45,MATCH("Right to Work",'SW018'!$A$20:$A$45,0)),"") -> 0 | G22: =IFERROR(INDEX('SW018'!$C$20:$C$45,MATCH("Proof of address 1",'SW018'!$A$20:$A$45,0)),"") -> 0 | H22: =IFERROR(INDEX('SW018'!$C$20:$C$45,MATCH("Two references",'SW018'!$A$20:$A$45,0)),"") -> 0 | I22: =IFERROR(INDEX('SW018'!$C$20:$C$45,MATCH("Application form",'SW018'!$A$20:$A$45,0)),"") -> 0 | J22: =IFERROR(INDEX('SW018'!$C$20:$C$45,MATCH("Interview notes",'SW018'!$A$20:$A$45,0)),"") -> 0 | K22: =IFERROR(INDEX('SW018'!$C$20:$C$45,MATCH("Contract",'SW018'!$A$20:$A$45,0)),"") -> 0 | L22: =IFERROR(INDEX('SW018'!$C$20:$C$45,MATCH("Job description",'SW018'!$A$20:$A$45,0)),"") -> 0 | M22: =IF('Induction Employee Register'!I21>=0.9,"Green",IF('Induction Employee Register'!I21>=0.75,"Amber",IF('Induction Employee Register'!I21>0,"Red",""))) | N22: ="" | O22: =IFERROR(INDEX('SW018'!$C$20:$C$45,MATCH("Occupational health/fitness declaration",'SW018'!$A$20:$A$45,0)),"") -> 0 | Q22: =IF(A22="","",IF(COUNTIF(D22:P22,"Red")+COUNTIF(D22:P22,"Amber")>0,"No",IF(COUNTIF(D22:P22,"Green")+COUNTIF(D22:P22,"N/A")=COUNTA(D22:P22),"Yes","In Progress"))) | U22: =IF(Q22="Yes","Green",IF(Q22="No","Red",IF(Q22="In Progress","Amber",""))) | W22: =IF('Induction Employee Register'!W21="","",'Induction Employee Register'!W21) | X22: =IF('Induction Employee Register'!X21="","",'Induction Employee Register'!X21) | Y22: =IF('Induction Employee Register'!Y21="","",'Induction Employee Register'!Y21) | Z22: =IF('Induction Employee Register'!Z21="","",'Induction Employee Register'!Z21) | AA22: =IF('Induction Employee Register'!AA21="","",'Induction Employee Register'!AA21) | AB22: =IF('Induction Employee Register'!AB21="","",'Induction Employee Register'!AB21) | AC22: =IF('Induction Employee Register'!AC21="","",'Induction Employee Register'!AC21) | AD22: =IF('Induction Employee Register'!AD21="","",'Induction Employee Register'!AD21) | ... AG22: =IF('Induction Employee Register'!AG21="","",'Induction Employee Register'!AG21)
A23: =IF('Induction Employee Register'!B22="","",'Induction Employee Register'!B22) | B23: =IF('Induction Employee Register'!C22="","",'Induction Employee Register'!C22) | C23: =IF('Induction Employee Register'!D22="","",'Induction Employee Register'!D22) | D23: =IFERROR(INDEX('SW019'!$C$20:$C$45,MATCH("DBS",'SW019'!$A$20:$A$45,0)),"") -> 0 | E23: ="" | F23: =IFERROR(INDEX('SW019'!$C$20:$C$45,MATCH("Right to Work",'SW019'!$A$20:$A$45,0)),"") -> 0 | G23: =IFERROR(INDEX('SW019'!$C$20:$C$45,MATCH("Proof of address 1",'SW019'!$A$20:$A$45,0)),"") -> 0 | H23: =IFERROR(INDEX('SW019'!$C$20:$C$45,MATCH("Two references",'SW019'!$A$20:$A$45,0)),"") -> 0 | I23: =IFERROR(INDEX('SW019'!$C$20:$C$45,MATCH("Application form",'SW019'!$A$20:$A$45,0)),"") -> 0 | J23: =IFERROR(INDEX('SW019'!$C$20:$C$45,MATCH("Interview notes",'SW019'!$A$20:$A$45,0)),"") -> 0 | K23: =IFERROR(INDEX('SW019'!$C$20:$C$45,MATCH("Contract",'SW019'!$A$20:$A$45,0)),"") -> 0 | L23: =IFERROR(INDEX('SW019'!$C$20:$C$45,MATCH("Job description",'SW019'!$A$20:$A$45,0)),"") -> 0 | M23: =IF('Induction Employee Register'!I22>=0.9,"Green",IF('Induction Employee Register'!I22>=0.75,"Amber",IF('Induction Employee Register'!I22>0,"Red",""))) | N23: ="" | O23: =IFERROR(INDEX('SW019'!$C$20:$C$45,MATCH("Occupational health/fitness declaration",'SW019'!$A$20:$A$45,0)),"") -> 0 | Q23: =IF(A23="","",IF(COUNTIF(D23:P23,"Red")+COUNTIF(D23:P23,"Amber")>0,"No",IF(COUNTIF(D23:P23,"Green")+COUNTIF(D23:P23,"N/A")=COUNTA(D23:P23),"Yes","In Progress"))) | U23: =IF(Q23="Yes","Green",IF(Q23="No","Red",IF(Q23="In Progress","Amber",""))) | W23: =IF('Induction Employee Register'!W22="","",'Induction Employee Register'!W22) | X23: =IF('Induction Employee Register'!X22="","",'Induction Employee Register'!X22) | Y23: =IF('Induction Employee Register'!Y22="","",'Induction Employee Register'!Y22) | Z23: =IF('Induction Employee Register'!Z22="","",'Induction Employee Register'!Z22) | AA23: =IF('Induction Employee Register'!AA22="","",'Induction Employee Register'!AA22) | AB23: =IF('Induction Employee Register'!AB22="","",'Induction Employee Register'!AB22) | AC23: =IF('Induction Employee Register'!AC22="","",'Induction Employee Register'!AC22) | AD23: =IF('Induction Employee Register'!AD22="","",'Induction Employee Register'!AD22) | ... AG23: =IF('Induction Employee Register'!AG22="","",'Induction Employee Register'!AG22)
A24: =IF('Induction Employee Register'!B23="","",'Induction Employee Register'!B23) | B24: =IF('Induction Employee Register'!C23="","",'Induction Employee Register'!C23) | C24: =IF('Induction Employee Register'!D23="","",'Induction Employee Register'!D23) | D24: =IFERROR(INDEX('SW020'!$C$20:$C$45,MATCH("DBS",'SW020'!$A$20:$A$45,0)),"") -> 0 | E24: ="" | F24: =IFERROR(INDEX('SW020'!$C$20:$C$45,MATCH("Right to Work",'SW020'!$A$20:$A$45,0)),"") -> 0 | G24: =IFERROR(INDEX('SW020'!$C$20:$C$45,MATCH("Proof of address 1",'SW020'!$A$20:$A$45,0)),"") -> 0 | H24: =IFERROR(INDEX('SW020'!$C$20:$C$45,MATCH("Two references",'SW020'!$A$20:$A$45,0)),"") -> 0 | I24: =IFERROR(INDEX('SW020'!$C$20:$C$45,MATCH("Application form",'SW020'!$A$20:$A$45,0)),"") -> 0 | J24: =IFERROR(INDEX('SW020'!$C$20:$C$45,MATCH("Interview notes",'SW020'!$A$20:$A$45,0)),"") -> 0 | K24: =IFERROR(INDEX('SW020'!$C$20:$C$45,MATCH("Contract",'SW020'!$A$20:$A$45,0)),"") -> 0 | L24: =IFERROR(INDEX('SW020'!$C$20:$C$45,MATCH("Job description",'SW020'!$A$20:$A$45,0)),"") -> 0 | M24: =IF('Induction Employee Register'!I23>=0.9,"Green",IF('Induction Employee Register'!I23>=0.75,"Amber",IF('Induction Employee Register'!I23>0,"Red",""))) | N24: ="" | O24: =IFERROR(INDEX('SW020'!$C$20:$C$45,MATCH("Occupational health/fitness declaration",'SW020'!$A$20:$A$45,0)),"") -> 0 | Q24: =IF(A24="","",IF(COUNTIF(D24:P24,"Red")+COUNTIF(D24:P24,"Amber")>0,"No",IF(COUNTIF(D24:P24,"Green")+COUNTIF(D24:P24,"N/A")=COUNTA(D24:P24),"Yes","In Progress"))) | U24: =IF(Q24="Yes","Green",IF(Q24="No","Red",IF(Q24="In Progress","Amber",""))) | W24: =IF('Induction Employee Register'!W23="","",'Induction Employee Register'!W23) | X24: =IF('Induction Employee Register'!X23="","",'Induction Employee Register'!X23) | Y24: =IF('Induction Employee Register'!Y23="","",'Induction Employee Register'!Y23) | Z24: =IF('Induction Employee Register'!Z23="","",'Induction Employee Register'!Z23) | AA24: =IF('Induction Employee Register'!AA23="","",'Induction Employee Register'!AA23) | AB24: =IF('Induction Employee Register'!AB23="","",'Induction Employee Register'!AB23) | AC24: =IF('Induction Employee Register'!AC23="","",'Induction Employee Register'!AC23) | AD24: =IF('Induction Employee Register'!AD23="","",'Induction Employee Register'!AD23) | ... AG24: =IF('Induction Employee Register'!AG23="","",'Induction Employee Register'!AG23)
A25: =IF('Induction Employee Register'!B24="","",'Induction Employee Register'!B24) | B25: =IF('Induction Employee Register'!C24="","",'Induction Employee Register'!C24) | C25: =IF('Induction Employee Register'!D24="","",'Induction Employee Register'!D24) | D25: =IFERROR(INDEX('SW021'!$C$20:$C$45,MATCH("DBS",'SW021'!$A$20:$A$45,0)),"") -> 0 | E25: ="" | F25: =IFERROR(INDEX('SW021'!$C$20:$C$45,MATCH("Right to Work",'SW021'!$A$20:$A$45,0)),"") -> 0 | G25: =IFERROR(INDEX('SW021'!$C$20:$C$45,MATCH("Proof of address 1",'SW021'!$A$20:$A$45,0)),"") -> 0 | H25: =IFERROR(INDEX('SW021'!$C$20:$C$45,MATCH("Two references",'SW021'!$A$20:$A$45,0)),"") -> 0 | I25: =IFERROR(INDEX('SW021'!$C$20:$C$45,MATCH("Application form",'SW021'!$A$20:$A$45,0)),"") -> 0 | J25: =IFERROR(INDEX('SW021'!$C$20:$C$45,MATCH("Interview notes",'SW021'!$A$20:$A$45,0)),"") -> 0 | K25: =IFERROR(INDEX('SW021'!$C$20:$C$45,MATCH("Contract",'SW021'!$A$20:$A$45,0)),"") -> 0 | L25: =IFERROR(INDEX('SW021'!$C$20:$C$45,MATCH("Job description",'SW021'!$A$20:$A$45,0)),"") -> 0 | M25: =IF('Induction Employee Register'!I24>=0.9,"Green",IF('Induction Employee Register'!I24>=0.75,"Amber",IF('Induction Employee Register'!I24>0,"Red",""))) | N25: ="" | O25: =IFERROR(INDEX('SW021'!$C$20:$C$45,MATCH("Occupational health/fitness declaration",'SW021'!$A$20:$A$45,0)),"") -> 0 | Q25: =IF(A25="","",IF(COUNTIF(D25:P25,"Red")+COUNTIF(D25:P25,"Amber")>0,"No",IF(COUNTIF(D25:P25,"Green")+COUNTIF(D25:P25,"N/A")=COUNTA(D25:P25),"Yes","In Progress"))) | U25: =IF(Q25="Yes","Green",IF(Q25="No","Red",IF(Q25="In Progress","Amber",""))) | W25: =IF('Induction Employee Register'!W24="","",'Induction Employee Register'!W24) | X25: =IF('Induction Employee Register'!X24="","",'Induction Employee Register'!X24) | Y25: =IF('Induction Employee Register'!Y24="","",'Induction Employee Register'!Y24) | Z25: =IF('Induction Employee Register'!Z24="","",'Induction Employee Register'!Z24) | AA25: =IF('Induction Employee Register'!AA24="","",'Induction Employee Register'!AA24) | AB25: =IF('Induction Employee Register'!AB24="","",'Induction Employee Register'!AB24) | AC25: =IF('Induction Employee Register'!AC24="","",'Induction Employee Register'!AC24) | AD25: =IF('Induction Employee Register'!AD24="","",'Induction Employee Register'!AD24) | ... AG25: =IF('Induction Employee Register'!AG24="","",'Induction Employee Register'!AG24)
A26: =IF('Induction Employee Register'!B25="","",'Induction Employee Register'!B25) | B26: =IF('Induction Employee Register'!C25="","",'Induction Employee Register'!C25) | C26: =IF('Induction Employee Register'!D25="","",'Induction Employee Register'!D25) | D26: =IFERROR(INDEX('SW022'!$C$20:$C$45,MATCH("DBS",'SW022'!$A$20:$A$45,0)),"") -> 0 | E26: ="" | F26: =IFERROR(INDEX('SW022'!$C$20:$C$45,MATCH("Right to Work",'SW022'!$A$20:$A$45,0)),"") -> 0 | G26: =IFERROR(INDEX('SW022'!$C$20:$C$45,MATCH("Proof of address 1",'SW022'!$A$20:$A$45,0)),"") -> 0 | H26: =IFERROR(INDEX('SW022'!$C$20:$C$45,MATCH("Two references",'SW022'!$A$20:$A$45,0)),"") -> 0 | I26: =IFERROR(INDEX('SW022'!$C$20:$C$45,MATCH("Application form",'SW022'!$A$20:$A$45,0)),"") -> 0 | J26: =IFERROR(INDEX('SW022'!$C$20:$C$45,MATCH("Interview notes",'SW022'!$A$20:$A$45,0)),"") -> 0 | K26: =IFERROR(INDEX('SW022'!$C$20:$C$45,MATCH("Contract",'SW022'!$A$20:$A$45,0)),"") -> 0 | L26: =IFERROR(INDEX('SW022'!$C$20:$C$45,MATCH("Job description",'SW022'!$A$20:$A$45,0)),"") -> 0 | M26: =IF('Induction Employee Register'!I25>=0.9,"Green",IF('Induction Employee Register'!I25>=0.75,"Amber",IF('Induction Employee Register'!I25>0,"Red",""))) | N26: ="" | O26: =IFERROR(INDEX('SW022'!$C$20:$C$45,MATCH("Occupational health/fitness declaration",'SW022'!$A$20:$A$45,0)),"") -> 0 | Q26: =IF(A26="","",IF(COUNTIF(D26:P26,"Red")+COUNTIF(D26:P26,"Amber")>0,"No",IF(COUNTIF(D26:P26,"Green")+COUNTIF(D26:P26,"N/A")=COUNTA(D26:P26),"Yes","In Progress"))) | U26: =IF(Q26="Yes","Green",IF(Q26="No","Red",IF(Q26="In Progress","Amber",""))) | W26: =IF('Induction Employee Register'!W25="","",'Induction Employee Register'!W25) | X26: =IF('Induction Employee Register'!X25="","",'Induction Employee Register'!X25) | Y26: =IF('Induction Employee Register'!Y25="","",'Induction Employee Register'!Y25) | Z26: =IF('Induction Employee Register'!Z25="","",'Induction Employee Register'!Z25) | AA26: =IF('Induction Employee Register'!AA25="","",'Induction Employee Register'!AA25) | AB26: =IF('Induction Employee Register'!AB25="","",'Induction Employee Register'!AB25) | AC26: =IF('Induction Employee Register'!AC25="","",'Induction Employee Register'!AC25) | AD26: =IF('Induction Employee Register'!AD25="","",'Induction Employee Register'!AD25) | ... AG26: =IF('Induction Employee Register'!AG25="","",'Induction Employee Register'!AG25)
A27: =IF('Induction Employee Register'!B26="","",'Induction Employee Register'!B26) | B27: =IF('Induction Employee Register'!C26="","",'Induction Employee Register'!C26) | C27: =IF('Induction Employee Register'!D26="","",'Induction Employee Register'!D26) | D27: =IFERROR(INDEX('SW023'!$C$20:$C$45,MATCH("DBS",'SW023'!$A$20:$A$45,0)),"") -> 0 | E27: ="" | F27: =IFERROR(INDEX('SW023'!$C$20:$C$45,MATCH("Right to Work",'SW023'!$A$20:$A$45,0)),"") -> 0 | G27: =IFERROR(INDEX('SW023'!$C$20:$C$45,MATCH("Proof of address 1",'SW023'!$A$20:$A$45,0)),"") -> 0 | H27: =IFERROR(INDEX('SW023'!$C$20:$C$45,MATCH("Two references",'SW023'!$A$20:$A$45,0)),"") -> 0 | I27: =IFERROR(INDEX('SW023'!$C$20:$C$45,MATCH("Application form",'SW023'!$A$20:$A$45,0)),"") -> 0 | J27: =IFERROR(INDEX('SW023'!$C$20:$C$45,MATCH("Interview notes",'SW023'!$A$20:$A$45,0)),"") -> 0 | K27: =IFERROR(INDEX('SW023'!$C$20:$C$45,MATCH("Contract",'SW023'!$A$20:$A$45,0)),"") -> 0 | L27: =IFERROR(INDEX('SW023'!$C$20:$C$45,MATCH("Job description",'SW023'!$A$20:$A$45,0)),"") -> 0 | M27: =IF('Induction Employee Register'!I26>=0.9,"Green",IF('Induction Employee Register'!I26>=0.75,"Amber",IF('Induction Employee Register'!I26>0,"Red",""))) | N27: ="" | O27: =IFERROR(INDEX('SW023'!$C$20:$C$45,MATCH("Occupational health/fitness declaration",'SW023'!$A$20:$A$45,0)),"") -> 0 | Q27: =IF(A27="","",IF(COUNTIF(D27:P27,"Red")+COUNTIF(D27:P27,"Amber")>0,"No",IF(COUNTIF(D27:P27,"Green")+COUNTIF(D27:P27,"N/A")=COUNTA(D27:P27),"Yes","In Progress"))) | U27: =IF(Q27="Yes","Green",IF(Q27="No","Red",IF(Q27="In Progress","Amber",""))) | W27: =IF('Induction Employee Register'!W26="","",'Induction Employee Register'!W26) | X27: =IF('Induction Employee Register'!X26="","",'Induction Employee Register'!X26) | Y27: =IF('Induction Employee Register'!Y26="","",'Induction Employee Register'!Y26) | Z27: =IF('Induction Employee Register'!Z26="","",'Induction Employee Register'!Z26) | AA27: =IF('Induction Employee Register'!AA26="","",'Induction Employee Register'!AA26) | AB27: =IF('Induction Employee Register'!AB26="","",'Induction Employee Register'!AB26) | AC27: =IF('Induction Employee Register'!AC26="","",'Induction Employee Register'!AC26) | AD27: =IF('Induction Employee Register'!AD26="","",'Induction Employee Register'!AD26) | ... AG27: =IF('Induction Employee Register'!AG26="","",'Induction Employee Register'!AG26)
A28: =IF('Induction Employee Register'!B27="","",'Induction Employee Register'!B27) | B28: =IF('Induction Employee Register'!C27="","",'Induction Employee Register'!C27) | C28: =IF('Induction Employee Register'!D27="","",'Induction Employee Register'!D27) | D28: =IFERROR(INDEX('SW024'!$C$20:$C$45,MATCH("DBS",'SW024'!$A$20:$A$45,0)),"") -> 0 | E28: ="" | F28: =IFERROR(INDEX('SW024'!$C$20:$C$45,MATCH("Right to Work",'SW024'!$A$20:$A$45,0)),"") -> 0 | G28: =IFERROR(INDEX('SW024'!$C$20:$C$45,MATCH("Proof of address 1",'SW024'!$A$20:$A$45,0)),"") -> 0 | H28: =IFERROR(INDEX('SW024'!$C$20:$C$45,MATCH("Two references",'SW024'!$A$20:$A$45,0)),"") -> 0 | I28: =IFERROR(INDEX('SW024'!$C$20:$C$45,MATCH("Application form",'SW024'!$A$20:$A$45,0)),"") -> 0 | J28: =IFERROR(INDEX('SW024'!$C$20:$C$45,MATCH("Interview notes",'SW024'!$A$20:$A$45,0)),"") -> 0 | K28: =IFERROR(INDEX('SW024'!$C$20:$C$45,MATCH("Contract",'SW024'!$A$20:$A$45,0)),"") -> 0 | L28: =IFERROR(INDEX('SW024'!$C$20:$C$45,MATCH("Job description",'SW024'!$A$20:$A$45,0)),"") -> 0 | M28: =IF('Induction Employee Register'!I27>=0.9,"Green",IF('Induction Employee Register'!I27>=0.75,"Amber",IF('Induction Employee Register'!I27>0,"Red",""))) | N28: ="" | O28: =IFERROR(INDEX('SW024'!$C$20:$C$45,MATCH("Occupational health/fitness declaration",'SW024'!$A$20:$A$45,0)),"") -> 0 | Q28: =IF(A28="","",IF(COUNTIF(D28:P28,"Red")+COUNTIF(D28:P28,"Amber")>0,"No",IF(COUNTIF(D28:P28,"Green")+COUNTIF(D28:P28,"N/A")=COUNTA(D28:P28),"Yes","In Progress"))) | U28: =IF(Q28="Yes","Green",IF(Q28="No","Red",IF(Q28="In Progress","Amber",""))) | W28: =IF('Induction Employee Register'!W27="","",'Induction Employee Register'!W27) | X28: =IF('Induction Employee Register'!X27="","",'Induction Employee Register'!X27) | Y28: =IF('Induction Employee Register'!Y27="","",'Induction Employee Register'!Y27) | Z28: =IF('Induction Employee Register'!Z27="","",'Induction Employee Register'!Z27) | AA28: =IF('Induction Employee Register'!AA27="","",'Induction Employee Register'!AA27) | AB28: =IF('Induction Employee Register'!AB27="","",'Induction Employee Register'!AB27) | AC28: =IF('Induction Employee Register'!AC27="","",'Induction Employee Register'!AC27) | AD28: =IF('Induction Employee Register'!AD27="","",'Induction Employee Register'!AD27) | ... AG28: =IF('Induction Employee Register'!AG27="","",'Induction Employee Register'!AG27)
A29: =IF('Induction Employee Register'!B28="","",'Induction Employee Register'!B28) | B29: =IF('Induction Employee Register'!C28="","",'Induction Employee Register'!C28) | C29: =IF('Induction Employee Register'!D28="","",'Induction Employee Register'!D28) | D29: =IFERROR(INDEX('SW025'!$C$20:$C$45,MATCH("DBS",'SW025'!$A$20:$A$45,0)),"") -> 0 | E29: ="" | F29: =IFERROR(INDEX('SW025'!$C$20:$C$45,MATCH("Right to Work",'SW025'!$A$20:$A$45,0)),"") -> 0 | G29: =IFERROR(INDEX('SW025'!$C$20:$C$45,MATCH("Proof of address 1",'SW025'!$A$20:$A$45,0)),"") -> 0 | H29: =IFERROR(INDEX('SW025'!$C$20:$C$45,MATCH("Two references",'SW025'!$A$20:$A$45,0)),"") -> 0 | I29: =IFERROR(INDEX('SW025'!$C$20:$C$45,MATCH("Application form",'SW025'!$A$20:$A$45,0)),"") -> 0 | J29: =IFERROR(INDEX('SW025'!$C$20:$C$45,MATCH("Interview notes",'SW025'!$A$20:$A$45,0)),"") -> 0 | K29: =IFERROR(INDEX('SW025'!$C$20:$C$45,MATCH("Contract",'SW025'!$A$20:$A$45,0)),"") -> 0 | L29: =IFERROR(INDEX('SW025'!$C$20:$C$45,MATCH("Job description",'SW025'!$A$20:$A$45,0)),"") -> 0 | M29: =IF('Induction Employee Register'!I28>=0.9,"Green",IF('Induction Employee Register'!I28>=0.75,"Amber",IF('Induction Employee Register'!I28>0,"Red",""))) | N29: ="" | O29: =IFERROR(INDEX('SW025'!$C$20:$C$45,MATCH("Occupational health/fitness declaration",'SW025'!$A$20:$A$45,0)),"") -> 0 | Q29: =IF(A29="","",IF(COUNTIF(D29:P29,"Red")+COUNTIF(D29:P29,"Amber")>0,"No",IF(COUNTIF(D29:P29,"Green")+COUNTIF(D29:P29,"N/A")=COUNTA(D29:P29),"Yes","In Progress"))) | U29: =IF(Q29="Yes","Green",IF(Q29="No","Red",IF(Q29="In Progress","Amber",""))) | W29: =IF('Induction Employee Register'!W28="","",'Induction Employee Register'!W28) | X29: =IF('Induction Employee Register'!X28="","",'Induction Employee Register'!X28) | Y29: =IF('Induction Employee Register'!Y28="","",'Induction Employee Register'!Y28) | Z29: =IF('Induction Employee Register'!Z28="","",'Induction Employee Register'!Z28) | AA29: =IF('Induction Employee Register'!AA28="","",'Induction Employee Register'!AA28) | AB29: =IF('Induction Employee Register'!AB28="","",'Induction Employee Register'!AB28) | AC29: =IF('Induction Employee Register'!AC28="","",'Induction Employee Register'!AC28) | AD29: =IF('Induction Employee Register'!AD28="","",'Induction Employee Register'!AD28) | ... AG29: =IF('Induction Employee Register'!AG28="","",'Induction Employee Register'!AG28)

Sheet Personnel Workforce
A1: Personnel Workforce | W1: Sponsorship Required? | X1: Sponsored / Non-Sponsored | Y1: Visa/eVisa Evidence | Z1: Certificate of Sponsorship No. | AA1: Occupation Code | AB1: Salary Compliant? | AC1: Contracted Hours Compliant? | AD1: Home Office Review Date | AE1: Employment Rights Explained | AF1: Reporting Duties Explained | AG1: Sponsorship Comments
A2: Complete this tracker as part of the workforce evidence pack. Keep evidence location/file reference for each entry.
A4: Staff Name | B4: Role | C4: Month | D4: Sickness Days | E4: Return to Work Completed | F4: Annual Leave | G4: Agency Used? | H4: Conduct/Capability Concern? | I4: Wellbeing Check | J4: Flexible Working | K4: Leaver? | L4: Exit Interview | M4: Vacancy / Recruitment Action | N4: Evidence Location | O4: Owner | P4: Target Date | Q4: Completion Date | R4: Verified By | S4: Verification Date | T4: Status | U4: RAG | V4: Comments

Sheet Staff Observations
A1: Staff Observations
A2: Complete this tracker as part of the workforce evidence pack. Keep evidence location/file reference for each entry.
A4: Observation ID | B4: Staff Name | C4: Role | D4: Observation Date | E4: Observer | F4: Observation Type | G4: Resident Initials / Area | H4: Outcome | I4: Action Taken | J4: Professional Discussion Required? | K4: Supervision Required? | L4: Training Required? | M4: Competency Reassessment Required? | N4: Follow-up Date | O4: Evidence Location | P4: Action Owner | Q4: Target Date | R4: Completion Date | S4: Verified By | T4: Verification Date | U4: Status | V4: RAG | W4: Comments

Sheet Professional Discussions
A1: Professional Discussions
A2: Complete this tracker as part of the workforce evidence pack. Keep evidence location/file reference for each entry.
A4: Discussion ID | B4: Staff Name | C4: Role | D4: Discussion Date | E4: Manager | F4: Topic | G4: Reason | H4: Outcome | I4: Agreed Actions | J4: Target Date | K4: Completion Date | L4: Evidence Location | M4: Next Discussion Due | N4: Verified By | O4: Verification Date | P4: Status | Q4: RAG | R4: Comments

Sheet Supervision Tracker
A1: Supervision Tracker
A2: Complete this tracker as part of the workforce evidence pack. Keep evidence location/file reference for each entry.
A4: Staff Name | B4: Role | C4: Supervision Date | D4: Supervisor | E4: Previous Actions Reviewed | F4: Safeguarding Discussed | G4: Medication / IPC / Documentation Discussed | H4: Lessons Learned Discussed | I4: Wellbeing Discussed | J4: Actions Agreed | K4: Target Date | L4: Completion Date | M4: Evidence Location | N4: Next Supervision Due | O4: Verified By | P4: Verification Date | Q4: Status | R4: RAG | S4: Comments

Sheet Competency Tracker
A1: Competency Tracker
A2: Complete this tracker as part of the workforce evidence pack. Keep evidence location/file reference for each entry.
A4: Staff Name | B4: Role | C4: Competency Area | D4: Assessment Date | E4: Assessor | F4: Outcome | G4: Evidence Location | H4: Action Required | I4: Professional Discussion Required? | J4: Training Required? | K4: Reassessment Date | L4: Completion Date | M4: Verified By | N4: Verification Date | O4: Status | P4: RAG | Q4: Comments

Sheet Team Meetings
A1: Team Meetings
A2: Complete this tracker as part of the workforce evidence pack. Keep evidence location/file reference for each entry.
A4: Meeting Date | B4: Meeting Type | C4: Chair | D4: Attendees | E4: Agenda Covered | F4: Incident Trends Discussed | G4: Safeguarding Discussed | H4: Medication Learning Discussed | I4: IPC Learning Discussed | J4: Audit Findings Discussed | K4: Actions Agreed | L4: Owner | M4: Target Date | N4: Completion Date | O4: Evidence Location | P4: Verified By | Q4: Verification Date | R4: Status | S4: RAG | T4: Comments

Sheet Annual Appraisals
A1: Annual Appraisals
A2: Complete this tracker as part of the workforce evidence pack. Keep evidence location/file reference for each entry.
A4: Staff Name | B4: Role | C4: Appraisal Due Date | D4: Appraisal Completed Date | E4: Manager | F4: Performance Rating | G4: Training Needs | H4: Career / Development Goals | I4: Safeguarding/Conduct/Competency Reviewed | J4: Evidence Location | K4: Actions Agreed | L4: Target Date | M4: Completion Date | N4: Verified By | O4: Verification Date | P4: Status | Q4: RAG | R4: Comments

Sheet Probation Reviews
A1: Probation Reviews
A2: Complete this tracker as part of the workforce evidence pack. Keep evidence location/file reference for each entry.
A4: Staff Name | B4: Role | C4: Start Date | D4: 4 Week Review Due | E4: 4 Week Completed | F4: 8 Week Review Due | G4: 8 Week Completed | H4: 12 Week Review Due | I4: 12 Week Completed | J4: Outcome | K4: Extension Required? | L4: Actions Agreed | M4: Target Date | N4: Completion Date | O4: Evidence Location | P4: Verified By | Q4: Verification Date | R4: Status | S4: RAG | T4: Comments

Sheet Workforce Action Tracker
A1: Workforce Action Tracker
A2: Complete this tracker as part of the workforce evidence pack. Keep evidence location/file reference for each entry.
A4: Action ID | B4: Source | C4: Staff Name | D4: Date Raised | E4: Finding / Issue | F4: Root Cause | G4: Action Required | H4: Owner | I4: Target Date | J4: Completion Date | K4: Evidence Location | L4: Verified By | M4: Verification Date | N4: Effectiveness Review | O4: Status | P4: RAG | Q4: Comments

Sheet Consolidated Matrix
A1: CQC Consolidated Training Matrix – One Column Per Training Type
A2: Medication, safeguarding, fire, GDPR, moving & handling etc are consolidated into single standard columns. Dates are the latest evidenced completion date.
A3: Staff Name | B3: Care Certificate | C3: Equality, Diversity & Human Rights | D3: Medication | E3: Safeguarding Adults | F3: Fire Safety / Fire Warden | G3: Basic Life Support | H3: Emergency First Aid | I3: Moving & Handling | J3: Infection Prevention & Control | K3: Mental Capacity & DoLS | L3: GDPR & Information Governance | M3: Food Hygiene | N3: Dementia | O3: Behaviour That Challenges | P3: Nutrition & Hydration | Q3: Person-Centred Care | R3: End of Life Care | S3: Record Keeping | T3: PEG Feeding | U3: Duty of Care | V3: Health & Safety / COSHH / RIDDOR | W3: Care Planning | X3: Dysphagia / SALT | Y3: Diabetes Awareness | Z3: Oral Care | AA3: Pressure Care | AB3: Falls Awareness | AC3: Oliver McGowan | AD3: Sepsis | AE3: Bowel Care | AF3: Parkinson's | AG3: Completed Count | AH3: Total Required | AI3: Compliance % | AJ3: RAG | AK3: Missing Count | AL3: Continence Care | AM3: Duty of Candour | AN3: Emollients | AO3: Handwashing & PPE | AP3: Managing Death | AQ3: Mealtime Support | AR3: RIDDOR | AS3: Personal Care
A4: Niranjala Dissanayake | B4: 46197 | C4: 46195 | D4: NS | E4: 46125 | F4: 46125 | G4: 46197 | H4: NS | I4: 46125 | J4: 46195 | K4: NS | L4: NS | M4: NS | N4: 46194 | O4: 46196 | P4: 46197 | Q4: NS | R4: 46194 | S4: 46196 | T4: 46196 | U4: 46197 | V4: 46197 | W4: 46193 | X4: 46194 | Y4: 46194 | Z4: 46193 | AA4: 46195 | AB4: 46196 | AC4: NS | AD4: 46195 | AE4: NS | AF4: 46196 | AG4: =COUNT(B4:AF4) -> 23 | AH4: 31 | AI4: =AG4/AH4 -> 0.74193548 | AJ4: =IF(AI4>=0.8,"GREEN",IF(AI4>=0.6,"AMBER","RED")) -> AMBER | AK4: =AH4-AG4 -> 8 | AL4: NS | AM4: NS | AN4: NS | AO4: NS | AP4: NS | AQ4: NS | AR4: NS | AS4: NS
A5: Chelsee Booth | B5: 46198 | C5: 46197 | D5: NS | E5: NS | F5: 46125 | G5: NS | H5: NS | I5: 46125 | J5: NS | K5: 46192 | L5: NS | M5: 46198 | N5: 46195 | O5: 46198 | P5: NS | Q5: NS | R5: 46195 | S5: NS | T5: 46197 | U5: NS | V5: 46194 | W5: 46194 | X5: 46195 | Y5: NS | Z5: 46194 | AA5: NS | AB5: 46197 | AC5: 46201 | AD5: NS | AE5: NS | AF5: NS | AG5: =COUNT(B5:AF5) -> 16 | AH5: 31 | AI5: =AG5/AH5 -> 0.51612903 | AJ5: =IF(AI5>=0.8,"GREEN",IF(AI5>=0.6,"AMBER","RED")) -> RED | AK5: =AH5-AG5 -> 15 | AL5: NS | AM5: NS | AN5: NS | AO5: NS | AP5: NS | AQ5: NS | AR5: NS | AS5: NS
A6: Paula Merry | B6: NS | C6: 46193 | D6: NS | E6: 46155 | F6: 46200 | G6: 46192 | H6: NS | I6: 46157 | J6: 46199 | K6: 46194 | L6: NS | M6: 46194 | N6: 46194 | O6: 46195 | P6: 46195 | Q6: 46195 | R6: 46194 | S6: 46195 | T6: 46195 | U6: NS | V6: 46194 | W6: 46192 | X6: 46194 | Y6: 46194 | Z6: 46194 | AA6: NS | AB6: 46193 | AC6: 46196 | AD6: NS | AE6: NS | AF6: NS | AG6: =COUNT(B6:AF6) -> 22 | AH6: 31 | AI6: =AG6/AH6 -> 0.70967742 | AJ6: =IF(AI6>=0.8,"GREEN",IF(AI6>=0.6,"AMBER","RED")) -> AMBER | AK6: =AH6-AG6 -> 9 | AL6: NS | AM6: NS | AN6: NS | AO6: NS | AP6: NS | AQ6: NS | AR6: NS | AS6: NS
A7: Nathan Thomas | B7: 46196 | C7: 46194 | D7: NS | E7: 46195 | F7: 46125 | G7: 46184 | H7: NS | I7: 46125 | J7: NS | K7: 45688 | L7: NS | M7: 46194 | N7: NS | O7: 46199 | P7: 46195 | Q7: NS | R7: 46196 | S7: NS | T7: 46199 | U7: NS | V7: NS | W7: 46196 | X7: 46196 | Y7: NS | Z7: 46195 | AA7: 46199 | AB7: 46199 | AC7: 46195 | AD7: 46199 | AE7: NS | AF7: NS | AG7: =COUNT(B7:AF7) -> 19 | AH7: 31 | AI7: =AG7/AH7 -> 0.61290323 | AJ7: =IF(AI7>=0.8,"GREEN",IF(AI7>=0.6,"AMBER","RED")) -> AMBER | AK7: =AH7-AG7 -> 12 | AL7: NS | AM7: NS | AN7: NS | AO7: NS | AP7: NS | AQ7: NS | AR7: NS | AS7: NS
A8: Joel Jose | B8: NS | C8: NS | D8: NS | E8: 45985 | F8: 46001 | G8: NS | H8: 46084 | I8: 45979 | J8: 45987 | K8: 46042 | L8: NS | M8: 46076 | N8: 46043 | O8: 46076 | P8: 46076 | Q8: 46076 | R8: 46064 | S8: NS | T8: NS | U8: NS | V8: 46043 | W8: 46199 | X8: 46043 | Y8: 46065 | Z8: 46059 | AA8: NS | AB8: NS | AC8: NS | AD8: NS | AE8: 46076 | AF8: 46084 | AG8: =COUNT(B8:AF8) -> 19 | AH8: 31 | AI8: =AG8/AH8 -> 0.61290323 | AJ8: =IF(AI8>=0.8,"GREEN",IF(AI8>=0.6,"AMBER","RED")) -> AMBER | AK8: =AH8-AG8 -> 12 | AL8: NS | AM8: NS | AN8: NS | AO8: NS | AP8: NS | AQ8: NS | AR8: NS | AS8: NS
A9: Firos Latheef | B9: NS | C9: NS | D9: NS | E9: 45994 | F9: 46010 | G9: 46075 | H9: 46075 | I9: 45979 | J9: 46064 | K9: 46045 | L9: 46075 | M9: 46195 | N9: 46045 | O9: 46194 | P9: 46075 | Q9: 46200 | R9: 46064 | S9: NS | T9: 46201 | U9: NS | V9: 46195 | W9: 46193 | X9: 46045 | Y9: 46064 | Z9: 46195 | AA9: NS | AB9: 46199 | AC9: 46075 | AD9: NS | AE9: 46075 | AF9: 46075 | AG9: =COUNT(B9:AF9) -> 24 | AH9: 31 | AI9: =AG9/AH9 -> 0.77419355 | AJ9: =IF(AI9>=0.8,"GREEN",IF(AI9>=0.6,"AMBER","RED")) -> AMBER | AK9: =AH9-AG9 -> 7 | AL9: NS | AM9: NS | AN9: NS | AO9: NS | AP9: NS | AQ9: NS | AR9: NS | AS9: NS
A10: Kathleen Evans | B10: NS | C10: 46195 | D10: 45981 | E10: 45486 | F10: 46001 | G10: 46064 | H10: 45722 | I10: 45979 | J10: 45987 | K10: 46062 | L10: 46064 | M10: 46064 | N10: 46062 | O10: 46193 | P10: 46064 | Q10: 46064 | R10: 46059 | S10: 46194 | T10: 46193 | U10: NS | V10: 46195 | W10: 46193 | X10: 46059 | Y10: 46059 | Z10: 46059 | AA10: 46194 | AB10: 46199 | AC10: 46075 | AD10: 46193 | AE10: 46064 | AF10: 46064 | AG10: =COUNT(B10:AF10) -> 29 | AH10: 31 | AI10: =AG10/AH10 -> 0.93548387 | AJ10: =IF(AI10>=0.8,"GREEN",IF(AI10>=0.6,"AMBER","RED")) -> GREEN | AK10: =AH10-AG10 -> 2 | AL10: NS | AM10: NS | AN10: NS | AO10: NS | AP10: NS | AQ10: NS | AR10: NS | AS10: NS
A11: Sahil Sahil | B11: 46052 | C11: NS | D11: 46131 | E11: NS | F11: NS | G11: 46192 | H11: NS | I11: NS | J11: NS | K11: NS | L11: NS | M11: NS | N11: NS | O11: 46192 | P11: NS | Q11: NS | R11: NS | S11: NS | T11: NS | U11: NS | V11: NS | W11: NS | X11: NS | Y11: NS | Z11: NS | AA11: NS | AB11: 46192 | AC11: NS | AD11: NS | AE11: NS | AF11: NS | AG11: =COUNT(B11:AF11) -> 5 | AH11: 31 | AI11: =AG11/AH11 -> 0.16129032 | AJ11: =IF(AI11>=0.8,"GREEN",IF(AI11>=0.6,"AMBER","RED")) -> RED | AK11: =AH11-AG11 -> 26 | AL11: NS | AM11: NS | AN11: NS | AO11: NS | AP11: NS | AQ11: NS | AR11: NS | AS11: NS
A12: Haritha Sasidharan | B12: 45935 | C12: 45227 | D12: 45981 | E12: 45994 | F12: 46001 | G12: 46193 | H12: 46194 | I12: 45979 | J12: 45987 | K12: 46193 | L12: 45228 | M12: 45228 | N12: 45228 | O12: 46193 | P12: 45228 | Q12: 46076 | R12: 46061 | S12: 46076 | T12: 46194 | U12: 46193 | V12: 45228 | W12: 46038 | X12: 46042 | Y12: 46193 | Z12: 46060 | AA12: NS | AB12: 45227 | AC12: 46076 | AD12: NS | AE12: 46076 | AF12: 46076 | AG12: =COUNT(B12:AF12) -> 29 | AH12: 31 | AI12: =AG12/AH12 -> 0.93548387 | AJ12: =IF(AI12>=0.8,"GREEN",IF(AI12>=0.6,"AMBER","RED")) -> GREEN | AK12: =AH12-AG12 -> 2 | AL12: NS | AM12: NS | AN12: NS | AO12: NS | AP12: NS | AQ12: NS | AR12: NS | AS12: NS
A13: Abhina | B13: NS | C13: NS | D13: 45981 | E13: 45985 | F13: 45996 | G13: 45929 | H13: 45926 | I13: 45979 | J13: 45987 | K13: 45927 | L13: 46069 | M13: 45929 | N13: 46042 | O13: NS | P13: 46069 | Q13: 46070 | R13: 46060 | S13: NS | T13: NS | U13: NS | V13: 46042 | W13: NS | X13: 46042 | Y13: 46060 | Z13: 46060 | AA13: NS | AB13: NS | AC13: 46071 | AD13: NS | AE13: 46069 | AF13: 46070 | AG13: =COUNT(B13:AF13) -> 21 | AH13: 31 | AI13: =AG13/AH13 -> 0.67741935 | AJ13: =IF(AI13>=0.8,"GREEN",IF(AI13>=0.6,"AMBER","RED")) -> AMBER | AK13: =AH13-AG13 -> 10 | AL13: NS | AM13: NS | AN13: NS | AO13: NS | AP13: NS | AQ13: NS | AR13: NS | AS13: NS
A14: Carol (Domestic) | B14: NS | C14: 45488 | D14: NS | E14: 45985 | F14: 45996 | G14: 46064 | H14: 45714 | I14: 45979 | J14: 45987 | K14: 46079 | L14: NS | M14: 45601 | N14: 46060 | O14: 46068 | P14: 46064 | Q14: 46064 | R14: 46059 | S14: NS | T14: NS | U14: NS | V14: 46059 | W14: NS | X14: 46061 | Y14: 46059 | Z14: 46059 | AA14: NS | AB14: NS | AC14: NS | AD14: NS | AE14: NS | AF14: 46064 | AG14: =COUNT(B14:AF14) -> 19 | AH14: 31 | AI14: =AG14/AH14 -> 0.61290323 | AJ14: =IF(AI14>=0.8,"GREEN",IF(AI14>=0.6,"AMBER","RED")) -> AMBER | AK14: =AH14-AG14 -> 12 | AL14: NS | AM14: NS | AN14: NS | AO14: NS | AP14: NS | AQ14: NS | AR14: NS | AS14: NS
A15: Harry | B15: 46042 | C15: NS | D15: 45981 | E15: 45985 | F15: 46010 | G15: 45925 | H15: 45937 | I15: 45979 | J15: 45941 | K15: 45964 | L15: 46070 | M15: 45942 | N15: NS | O15: 46042 | P15: 46071 | Q15: 46071 | R15: 46060 | S15: NS | T15: NS | U15: NS | V15: 46042 | W15: NS | X15: 46042 | Y15: 46060 | Z15: 46060 | AA15: NS | AB15: NS | AC15: 46071 | AD15: NS | AE15: 46071 | AF15: 46071 | AG15: =COUNT(B15:AF15) -> 22 | AH15: 31 | AI15: =AG15/AH15 -> 0.70967742 | AJ15: =IF(AI15>=0.8,"GREEN",IF(AI15>=0.6,"AMBER","RED")) -> AMBER | AK15: =AH15-AG15 -> 9
A19: Completion % by Training Topic
A20: Training Topic | B20: Completed | C20: Total Staff | D20: Completion % | E20: RAG | F20: Mapped From
A21: Care Certificate | B21: =COUNT(B$4:B$15) -> 6 | C21: 12 | D21: =B21/C21 -> 0.5 | E21: =IF(D21>=0.8,"GREEN",IF(D21>=0.6,"AMBER","RED")) -> RED | F21: Care Certificate
A22: Equality, Diversity & Human Rights | B22: =COUNT(C$4:C$15) -> 7 | C22: 12 | D22: =B22/C22 -> 0.58333333 | E22: =IF(D22>=0.8,"GREEN",IF(D22>=0.6,"AMBER","RED")) -> RED | F22: Equality, Diversity, Inclusion
A23: Medication | B23: =COUNT(D$4:D$15) -> 5 | C23: 12 | D23: =B23/C23 -> 0.41666667 | E23: =IF(D23>=0.8,"GREEN",IF(D23>=0.6,"AMBER","RED")) -> RED | F23: Medication Practice, Medication Practice Lite
A24: Safeguarding Adults | B24: =COUNT(E$4:E$15) -> 10 | C24: 12 | D24: =B24/C24 -> 0.83333333 | E24: =IF(D24>=0.8,"GREEN",IF(D24>=0.6,"AMBER","RED")) -> GREEN | F24: Safeguarding and Protection of Adults, Safeguarding of Adults Level 3 CSTF Aligned
A25: Fire Safety / Fire Warden | B25: =COUNT(F$4:F$15) -> 11 | C25: 12 | D25: =B25/C25 -> 0.91666667 | E25: =IF(D25>=0.8,"GREEN",IF(D25>=0.6,"AMBER","RED")) -> GREEN | F25: Fire Safety, Fire Safety Lite, Fire Marshal / Fire Warden
A26: Basic Life Support | B26: =COUNT(G$4:G$15) -> 10 | C26: 12 | D26: =B26/C26 -> 0.83333333 | E26: =IF(D26>=0.8,"GREEN",IF(D26>=0.6,"AMBER","RED")) -> GREEN | F26: Basic Life Support
A27: Emergency First Aid | B27: =COUNT(H$4:H$15) -> 7 | C27: 12 | D27: =B27/C27 -> 0.58333333 | E27: =IF(D27>=0.8,"GREEN",IF(D27>=0.6,"AMBER","RED")) -> RED | F27: First Aid, Emergency First Aid Awareness
A28: Moving & Handling | B28: =COUNT(I$4:I$15) -> 11 | C28: 12 | D28: =B28/C28 -> 0.91666667 | E28: =IF(D28>=0.8,"GREEN",IF(D28>=0.6,"AMBER","RED")) -> GREEN | F28: Moving and Handling, Moving and Handling Lite, Manual Handling of Objects, Moving and Handling of People Awareness Level 2
